schema_version,J,K,N,seed,sim,operator,solver_name,rng_engine,generation_time,q_bitstring,q_sha256,design,design_id,p,zero_row_policy,basis_time,identity_check_time,two_col_check_time,three_col_check_time,sat_time,algorithm_time,preprocess_time,J_basis,M_basis,identifiable,branch,branch_label,sat_called,sat_formulation,sat_cardinality_encoding,cardinality_encoding_requested,maximal_candidate_requested,sat_variables,sat_clauses,identity_original,not_complete_original,has_pure_node_original,no_pure_nodes_original,has_zero_row_original,two_col_violation_original,three_col_violation_original,two_column_pass_original,both_necessary_checks_pass_original,I_3c,identity_basis,two_col_violation_basis,diagnostics_time
4,25,5,100,2160556753,0,conj,glucose42,MT19937-RandomState,0.00015213806182146072,10001101111110100001000110101100011100010010100010000010010110101100111100011011010011101110100011110001111011110010110011011,7dcbf7110a93450789adee8bbc2633156455b912309823e106727d11e8cfa31b,bernoulli,bernoulli|conj|p=0.5|zero=allow_iid|rng=MT19937-RandomState,0.5,allow_iid,0.00030074454843997955,7.786136120557785e-05,0.00015056226402521133,0.00015427172183990479,0.015953004360198975,0.016646225936710835,0.0006834398955106735,8,26,1,6,SAT_unsat_identifiable,1,boolean_factorization,exclude_x,exclude_x,0,167,474,0,1,1,0,0,0,0,1,1,1,0,0,0.0010322164744138718
4,25,5,100,2160556753,1,conj,glucose42,MT19937-RandomState,5.2453018724918365e-05,01001111100100000010011100010111110000011000010000000001011101000000011110101101101001111000010100011011001110001101111111111,dd14f70693c7d14136bbf5779c5c439cf5edf07f64c3b36fa0e59e0a4664a661,bernoulli,bernoulli|conj|p=0.5|zero=allow_iid|rng=MT19937-RandomState,0.5,allow_iid,0.00024261046200990677,5.0360336899757385e-05,0.00013172347098588943,0.0001198379322886467,0.0009262971580028534,0.0014806520193815231,0.0005445322021842003,7,30,1,6,SAT_unsat_identifiable,1,boolean_factorization,exclude_x,exclude_x,0,138,400,0,1,1,0,1,0,0,1,1,1,0,0,0.0008921390399336815
4,25,5,100,2160556753,2,conj,glucose42,MT19937-RandomState,4.004035145044327e-05,11001000110100010111110101100000011100011011000111011111001010000011011001101001100001100100100001001010100111000101100101010,85286bc075838bb61dba59beb8309f1a576feb5ae209db16094847ffc4714b14,bernoulli,bernoulli|conj|p=0.5|zero=allow_iid|rng=MT19937-RandomState,0.5,allow_iid,0.00024142209440469742,4.274584352970123e-05,0.00013049785047769547,0.00011391472071409225,0.0007349401712417603,0.001271221786737442,0.0005285805091261864,7,30,1,6,SAT_unsat_identifiable,1,boolean_factorization,exclude_x,exclude_x,0,138,400,0,1,1,0,0,0,0,1,1,1,0,0,0.0008608708158135414
4,25,5,100,2160556753,3,conj,glucose42,MT19937-RandomState,3.5678036510944366e-05,01011110000010010101101100101001101011110011101011001010000111010010111011011111111110010111110101101110011001100100010010000,f088b8e603c87a4df4b746d28428b10697d9fa1e67810161e43e52d3a6512fdc,bernoulli,bernoulli|conj|p=0.5|zero=allow_iid|rng=MT19937-RandomState,0.5,allow_iid,0.0002211984246969223,4.335399717092514e-05,0.0001422213390469551,0.00011359713971614838,0.0008569210767745972,0.0013837581500411034,0.0005203709006309509,8,26,1,6,SAT_unsat_identifiable,1,boolean_factorization,exclude_x,exclude_x,0,172,480,0,1,1,0,0,0,0,1,1,1,0,0,0.0008543003350496292
4,25,5,100,2160556753,4,conj,glucose42,MT19937-RandomState,3.573112189769745e-05,01100010100111101000101100000000010000010101001000011011110001100010110001001110100101101001110100111110100100100100110111010,6db8d3eec757aead0524cecbe89e7d563668260c1c32227c19aea944e1a533d7,bernoulli,bernoulli|conj|p=0.5|zero=allow_iid|rng=MT19937-RandomState,0.5,allow_iid,0.00020292028784751892,4.883762449026108e-05,0.00011815689504146576,0.00011677015572786331,0.000651349313557148,0.0011442387476563454,0.00048668496310710907,6,26,1,6,SAT_unsat_identifiable,1,boolean_factorization,exclude_x,exclude_x,0,124,344,0,1,1,0,1,0,0,1,1,1,0,0,0.0012264493852853775
4,25,5,100,2160556753,5,conj,glucose42,MT19937-RandomState,3.5375356674194336e-05,11110011100010001111010011111111010010011111000010001101001001110000001101001010011000001111111010000111100010000001001100010,9c6c104853c4059ec55b758dcfa52edc026004d532617ba9bdd52925f19ffe3c,bernoulli,bernoulli|conj|p=0.5|zero=allow_iid|rng=MT19937-RandomState,0.5,allow_iid,0.0001982739195227623,4.192441701889038e-05,5.118735134601593e-05,0.0,0.0,0.00030164606869220734,0.0002913856878876686,6,22,0,2,two_column_check_failed,0,,,exclude_x,0,0,0,0,1,1,0,1,1,0,0,0,0,0,1,0.0005124267190694809
4,25,5,100,2160556753,6,conj,glucose42,MT19937-RandomState,3.377813845872879e-05,00110011001001110001001101110000001010010111100110110001000111100101111100110000001111111100101000111101001111000001000010001,1c292ea6b4306dec9907f0ffbace9d43c06d7957ba86f6d1944c64ced270572d,bernoulli,bernoulli|conj|p=0.5|zero=allow_iid|rng=MT19937-RandomState,0.5,allow_iid,0.00023196544498205185,5.058944225311279e-05,0.00015734881162643433,0.00011362414807081223,0.0009129634127020836,0.001472647301852703,0.0005535278469324112,9,26,1,6,SAT_unsat_identifiable,1,boolean_factorization,exclude_x,exclude_x,0,191,542,0,1,1,0,1,0,0,1,1,1,0,0,0.0008962815627455711
4,25,5,100,2160556753,7,conj,glucose42,MT19937-RandomState,4.252046346664429e-05,00001111000110010110101000010101110100100001011100111010000111011000101010010101000001100100010101111110001100001110001101011,3b62cc65aeed553bda3f47e592970faa16b3664990d15c2c9a55c505f14d7175,bernoulli,bernoulli|conj|p=0.5|zero=allow_iid|rng=MT19937-RandomState,0.5,allow_iid,0.00022646039724349976,3.935396671295166e-05,0.00013620220124721527,0.00010978896170854568,0.0007655657827854156,0.0012858929112553596,0.0005118055269122124,8,23,1,6,SAT_unsat_identifiable,1,boolean_factorization,exclude_x,exclude_x,0,177,486,0,1,1,0,1,0,0,1,1,1,0,0,0.0008392026647925377
4,25,5,100,2160556753,8,conj,glucose42,MT19937-RandomState,3.674626350402832e-05,00111101101001110100001001100100111010001100100011000011010101010011111000101111101010001000101110111111011000011010110011011,4fec1be25b2521850a2518c023276f0880d58826273de9d7760f5b6784de8693,bernoulli,bernoulli|conj|p=0.5|zero=allow_iid|rng=MT19937-RandomState,0.5,allow_iid,0.0002276180312037468,4.608556628227234e-05,0.00012196693569421768,0.00010724179446697235,0.000760926865041256,0.0012700539082288742,0.0005029123276472092,7,30,1,6,SAT_unsat_identifiable,1,boolean_factorization,exclude_x,exclude_x,0,138,400,0,1,1,0,0,0,0,1,1,1,0,0,0.0008425954729318619
4,25,5,100,2160556753,9,conj,glucose42,MT19937-RandomState,3.143679350614548e-05,01110011010101101001000100000100000011100100101010010110001110000000011000110001001000001011100000111011101101100001001111100,f33e46a404091dcd8303dc066d29cfb916acd354ddc71b140463f047aaf707f9,bernoulli,bernoulli|conj|p=0.5|zero=allow_iid|rng=MT19937-RandomState,0.5,allow_iid,0.00018127541989088058,4.263967275619507e-05,0.00013290345668792725,0.00010787416249513626,0.0007209507748484612,0.0011910153552889824,0.00046469271183013916,7,29,1,6,SAT_unsat_identifiable,1,boolean_factorization,exclude_x,exclude_x,0,143,406,0,1,1,0,1,0,0,1,1,1,0,0,0.0008301185443997383
4,25,5,100,2160556753,10,conj,glucose42,MT19937-RandomState,7.854122668504715e-05,11010100110100110000101001101101110001111100011101101010101111010100011110011011101100111110001010111011011011111100001010000,8f73973d0d93bc00f639e57b4acd0ad4124f249cafa3d7e84d5f12aa3110bc50,bernoulli,bernoulli|conj|p=0.5|zero=allow_iid|rng=MT19937-RandomState,0.5,allow_iid,0.00022996589541435242,4.411768168210983e-05,0.0001303860917687416,0.00010244175791740417,0.0008198237046599388,0.0013331267982721329,0.000506911426782608,8,23,1,6,SAT_unsat_identifiable,1,boolean_factorization,exclude_x,exclude_x,0,177,486,0,1,1,0,0,0,0,1,1,1,0,0,0.0008603660389780998
4,25,5,100,2160556753,11,conj,glucose42,MT19937-RandomState,3.5429373383522034e-05,11100100101101000110010010111100111011110011111000111000111100001110010010101010011010000000101001110000110100000111100011001,8613309885e81b4e0c61b14065f6fe338d6be47936ad714c9efa1056875fcb6c,bernoulli,bernoulli|conj|p=0.5|zero=allow_iid|rng=MT19937-RandomState,0.5,allow_iid,0.0002018604427576065,5.519762635231018e-05,0.00014611706137657166,0.0001101512461900711,0.000849895179271698,0.0013695061206817627,0.0005133263766765594,9,26,1,6,SAT_unsat_identifiable,1,boolean_factorization,exclude_x,exclude_x,0,191,542,0,1,1,0,1,0,0,1,1,1,0,0,0.0008724303916096687
4,25,5,100,2160556753,12,conj,glucose42,MT19937-RandomState,3.33152711391449e-05,10011111110111011011111000011111001101000011111011110011111101100010101001110011110010011110001110000001010111001001011010011,70e53ed7418426733b093ba6d6157f4c15535f0b356f18efc2b3c89be15624d2,bernoulli,bernoulli|conj|p=0.5|zero=allow_iid|rng=MT19937-RandomState,0.5,allow_iid,0.0002092365175485611,4.4782646000385284e-05,0.00013729184865951538,0.00010910071432590485,0.0007847631350159645,0.0012905150651931763,0.0005004117265343666,8,23,1,6,SAT_unsat_identifiable,1,boolean_factorization,exclude_x,exclude_x,0,172,480,0,1,1,0,0,0,0,1,1,1,0,0,0.0008405959233641624
4,25,5,100,2160556753,13,conj,glucose42,MT19937-RandomState,3.168545663356781e-05,01001010000111011010000001111100110010011010111111000111110101011011101011011110101100111001001111101011001001100100110100100,04e664ee8f8dd3fb3496c08a1463c312a078cc75c6a22af46977d84fea2f4d50,bernoulli,bernoulli|conj|p=0.5|zero=allow_iid|rng=MT19937-RandomState,0.5,allow_iid,0.00018827803432941437,3.935769200325012e-05,0.0001247655600309372,0.00011416804045438766,0.0007306309416890144,0.0012034540995955467,0.00046656932681798935,7,22,1,6,SAT_unsat_identifiable,1,boolean_factorization,exclude_x,exclude_x,0,153,418,0,1,1,0,1,0,0,1,1,1,0,0,0.0008197566494345665
4,25,5,100,2160556753,14,conj,glucose42,MT19937-RandomState,3.6131590604782104e-05,01010100010111000000000000010110001100010111111011001101101001010011001001010100111011100110011110100011110000011101100011101,c26244ba7347651089e02f428083d9e2b72c16712fcf7c82739e69525dd35192,bernoulli,bernoulli|conj|p=0.5|zero=allow_iid|rng=MT19937-RandomState,0.5,allow_iid,0.0002096761018037796,3.991648554801941e-05,0.00016554724425077438,0.00011438131332397461,0.000855935737490654,0.0013914033770561218,0.000529521144926548,9,25,1,6,SAT_unsat_identifiable,1,boolean_factorization,exclude_x,exclude_x,0,191,542,0,1,1,0,1,0,0,1,1,1,0,0,0.000837455503642559
4,25,5,100,2160556753,15,conj,glucose42,MT19937-RandomState,3.61735001206398e-05,10101011011101100110010101011110001011011001100110111010001011100101101010101111011001101000100110101001100000100001100111110,4f7b463ac96be65e6cc5062d94547fd0489be1a5e8f0632fdbea51b8993a07e8,bernoulli,bernoulli|conj|p=0.5|zero=allow_iid|rng=MT19937-RandomState,0.5,allow_iid,0.0002332674339413643,3.894232213497162e-05,0.00013093836605548859,0.00011212285608053207,0.000766330398619175,0.0012868819758296013,0.0005152709782123566,8,24,1,6,SAT_unsat_identifiable,1,boolean_factorization,exclude_x,exclude_x,0,172,480,0,1,1,0,1,0,0,1,1,1,0,0,0.0008434681221842766
4,25,5,100,2160556753,16,conj,glucose42,MT19937-RandomState,3.4506432712078094e-05,10000001011011001111111011101011011010101110010010100110000100000010011011100110111000111100110110100010001011101111010110101,a41cd945a133ea7af8b6eb8de536e4ce6c54ac68832cc197e186533a5c49b3ef,bernoulli,bernoulli|conj|p=0.5|zero=allow_iid|rng=MT19937-RandomState,0.5,allow_iid,0.00022071320563554764,4.306714981794357e-05,0.000131913460791111,0.00010607670992612839,0.0007431637495756149,0.0012506404891610146,0.0005017705261707306,8,27,1,6,SAT_unsat_identifiable,1,boolean_factorization,exclude_x,exclude_x,0,167,474,0,1,1,0,1,0,0,1,1,1,0,0,0.0008556889370083809
4,25,5,100,2160556753,17,conj,glucose42,MT19937-RandomState,3.2551586627960205e-05,11001110000111001011010111000111110101110000100111100010101110111110011001100101010011101111100110111111100000110000110001111,5fd3ebae52f96aebe381bf244189aeee81e9e7328871ca09f0eb2cd9b2616497,bernoulli,bernoulli|conj|p=0.5|zero=allow_iid|rng=MT19937-RandomState,0.5,allow_iid,0.0002373894676566124,4.8883259296417236e-05,0.00017232727259397507,0.00010633096098899841,0.0009506409987807274,0.001521349884569645,0.0005649309605360031,10,21,1,6,SAT_unsat_identifiable,1,boolean_factorization,exclude_x,exclude_x,0,230,628,0,1,1,0,1,0,0,1,1,1,0,0,0.0008948426693677902
4,25,5,100,2160556753,18,conj,glucose42,MT19937-RandomState,3.710668534040451e-05,10011110011011000110000011111101011001001111100110011101110100010010101100000001101000010001100101111000011111011111111000011,d054f1685c1821e25195936c6c04beade259d1bab847230f1599ce7a1a1ecdf0,bernoulli,bernoulli|conj|p=0.5|zero=allow_iid|rng=MT19937-RandomState,0.5,allow_iid,0.00024101510643959045,4.664808511734009e-05,0.00012347102165222168,0.00011272542178630829,0.0006817718967795372,0.0012111356481909752,0.0005238596349954605,7,30,1,6,SAT_unsat_identifiable,1,boolean_factorization,exclude_x,exclude_x,0,138,400,0,1,1,0,0,0,0,1,1,1,0,0,0.0008442625403404236
4,25,5,100,2160556753,19,conj,glucose42,MT19937-RandomState,3.431364893913269e-05,10100100100000010100000010101000100000011001010000101011110011001101010100000001011000111010011100011111110101110010010100100,e5b11dfe040535df04ba79e280ee0a277e6ed2e04582fb918d452686e3cdcab5,bernoulli,bernoulli|conj|p=0.5|zero=allow_iid|rng=MT19937-RandomState,0.5,allow_iid,0.00020471960306167603,4.617404192686081e-05,0.00011623743921518326,0.00010700616985559464,0.0006509292870759964,0.0011308817192912102,0.00047413725405931473,6,28,1,6,SAT_unsat_identifiable,1,boolean_factorization,exclude_x,exclude_x,0,119,338,0,1,1,0,1,0,0,1,1,1,0,0,0.0008341744542121887
4,25,5,100,2160556753,20,conj,glucose42,MT19937-RandomState,7.28880986571312e-05,10110000011000100001111100111001001011110101111100000001111111101110100111111100010001110111111100101010011110010010100110101,d17195f06e222ed9c10c936090c4c622c136159d16be67523d80cbde3ddde43e,bernoulli,bernoulli|conj|p=0.5|zero=allow_iid|rng=MT19937-RandomState,0.5,allow_iid,0.00020380783826112747,4.139728844165802e-05,0.000120529904961586,0.00010457448661327362,0.0007043909281492233,0.0011806786060333252,0.0004703095182776451,7,21,1,6,SAT_unsat_identifiable,1,boolean_factorization,exclude_x,exclude_x,0,158,424,0,1,1,0,1,0,0,1,1,1,0,0,0.0007309485226869583
4,25,5,100,2160556753,21,conj,glucose42,MT19937-RandomState,2.884678542613983e-05,01111010111111111010101100110101001011010100111011100010010000000010010101111101000000101011101001110011000100010011111011010,5b4c6f384e4a59688efbbc94318c43e43d748594f8e20cf409bb24c706aec61c,bernoulli,bernoulli|conj|p=0.5|zero=allow_iid|rng=MT19937-RandomState,0.5,allow_iid,0.0001776237040758133,3.4139491617679596e-05,0.0001193629577755928,9.601656347513199e-05,0.000807393342256546,0.0012391917407512665,0.0004271427169442177,8,20,1,6,SAT_unsat_identifiable,1,boolean_factorization,exclude_x,exclude_x,0,187,498,0,1,1,0,1,0,0,1,1,1,0,0,0.0013041878119111061
4,25,5,100,2160556753,22,conj,glucose42,MT19937-RandomState,3.4673139452934265e-05,01101001010000110010111011010011000111100101000101110101111010111101010101011001000110011110101111111011111111000111100000110,0cf7864e095e8f6e1167638a5452628ddb7309d4708da9be06f8a8127f66c358,bernoulli,bernoulli|conj|p=0.5|zero=allow_iid|rng=MT19937-RandomState,0.5,allow_iid,0.00022555794566869736,4.240870475769043e-05,0.0001473650336265564,0.00011353939771652222,0.0008638044819235802,0.001398840919137001,0.0005288710817694664,9,25,1,6,SAT_unsat_identifiable,1,boolean_factorization,exclude_x,exclude_x,0,196,548,0,1,1,0,0,0,0,1,1,1,0,0,0.0008689407259225845
4,25,5,100,2160556753,23,conj,glucose42,MT19937-RandomState,3.1620264053344727e-05,10111110110001111000001110100111011100111001010111010101101000011101011011010011100011001100001010000111001101001011100101111,b15211e781e28c98eea0364aa64c7e1bead875c43d99f8d205b99c5252f7cfd5,bernoulli,bernoulli|conj|p=0.5|zero=allow_iid|rng=MT19937-RandomState,0.5,allow_iid,0.0002554720267653465,5.451403558254242e-05,0.00015857908874750137,0.00011226627975702286,0.000936347059905529,0.0015233289450407028,0.0005808314308524132,10,25,1,6,SAT_unsat_identifiable,1,boolean_factorization,exclude_x,exclude_x,0,215,610,0,1,1,0,0,0,0,1,1,1,0,0,0.0008849464356899261
4,25,5,100,2160556753,24,conj,glucose42,MT19937-RandomState,3.641471266746521e-05,11011001100010101010100110110110111000100011110011000010111111111001100110010011011011001111010111100011010000110111110110111,84f5ffab7073725f590d28737a377bd958affe8097aa56bcab454833d39fc012,bernoulli,bernoulli|conj|p=0.5|zero=allow_iid|rng=MT19937-RandomState,0.5,allow_iid,0.00022942572832107544,4.187971353530884e-05,0.00012909900397062302,0.000112864188849926,0.0007225349545478821,0.0012414408847689629,0.0005132686346769333,7,26,1,6,SAT_unsat_identifiable,1,boolean_factorization,exclude_x,exclude_x,0,143,406,0,1,1,0,0,0,0,1,1,1,0,0,0.0008172532543540001
4,25,5,100,2160556753,25,conj,glucose42,MT19937-RandomState,3.3556483685970306e-05,01100101110001111100011101011000110110100010010000111000010010101110001111001001110010100100010101000000000010100101101100011,200e578e19b185ee1e5a26b8417430e4165fe6ff4877d2332241a336308833f5,bernoulli,bernoulli|conj|p=0.5|zero=allow_iid|rng=MT19937-RandomState,0.5,allow_iid,0.00023443810641765594,4.2669475078582764e-05,0.00013918429613113403,0.0001429254189133644,0.0007546404376626015,0.0013199718669056892,0.0005592172965407372,8,27,1,6,SAT_unsat_identifiable,1,boolean_factorization,exclude_x,exclude_x,0,167,474,0,1,1,0,1,0,0,1,1,1,0,0,0.000827547162771225
4,25,5,100,2160556753,26,conj,glucose42,MT19937-RandomState,3.4164637327194214e-05,01100011101101001000010010110101111111011101011100110011111001011011100010100001101110100010100001001001000011110010100100111,8f6d850fa862672d5395b677f1ce6bdec845cd40469aeca0fc13c06f879217a0,bernoulli,bernoulli|conj|p=0.5|zero=allow_iid|rng=MT19937-RandomState,0.5,allow_iid,0.0002327384427189827,4.511047154664993e-05,0.00013748649507761002,0.00011155102401971817,0.0007908232510089874,0.0013229437172412872,0.0005268864333629608,8,26,1,6,SAT_unsat_identifiable,1,boolean_factorization,exclude_x,exclude_x,0,172,480,0,1,1,0,0,0,0,1,1,1,0,0,0.0008385544642806053
4,25,5,100,2160556753,27,conj,glucose42,MT19937-RandomState,3.595929592847824e-05,01100100010110000011010101111000010010101000110111101101101011111011001010000011011111110001011011101110011110101010100001110,d4aba03f4804f0cf71d41cc27cb22d989c64829e1ec6970762b4a53da33e5a4d,bernoulli,bernoulli|conj|p=0.5|zero=allow_iid|rng=MT19937-RandomState,0.5,allow_iid,0.00020617153495550156,4.1748397052288055e-05,0.0001242663711309433,0.00011049676686525345,0.0006991568952798843,0.001187366433441639,0.00048268307000398636,7,22,1,6,SAT_unsat_identifiable,1,boolean_factorization,exclude_x,exclude_x,0,153,418,0,1,1,0,0,0,0,1,1,1,0,0,0.0008169515058398247
4,25,5,100,2160556753,28,conj,glucose42,MT19937-RandomState,3.45548614859581e-05,01001101011100010101000001111101001100001100111001100001011111100000010110110010001011011001010111111110111011101001011111011,c1e114eb78051aec59daddad2be4879c6a6c9be54b0f561787ea80341ca2d445,bernoulli,bernoulli|conj|p=0.5|zero=allow_iid|rng=MT19937-RandomState,0.5,allow_iid,0.0002255123108625412,4.313793033361435e-05,0.00013756006956100464,0.00011191889643669128,0.0007644724100828171,0.00128854438662529,0.0005181292071938515,8,24,1,6,SAT_unsat_identifiable,1,boolean_factorization,exclude_x,exclude_x,0,167,474,0,1,1,0,1,0,0,1,1,1,0,0,0.0008343737572431564
4,25,5,100,2160556753,29,conj,glucose42,MT19937-RandomState,3.283005207777023e-05,01011011010111100000011101111000010110110111000000000101010101011101100111110010100000100010110110010111000101101101011010110,ca72b387254c4c474e16e96304939378d19f7259d9fccb89437a4e9632f985e0,bernoulli,bernoulli|conj|p=0.5|zero=allow_iid|rng=MT19937-RandomState,0.5,allow_iid,0.00018289033323526382,3.947410732507706e-05,0.0001369928941130638,0.00011957809329032898,0.000828784890472889,0.0013125846162438393,0.0004789354279637337,8,22,1,6,SAT_unsat_identifiable,1,boolean_factorization,exclude_x,exclude_x,0,182,492,0,1,1,0,1,0,0,1,1,1,0,0,0.0008246619254350662
4,25,5,100,2160556753,30,conj,glucose42,MT19937-RandomState,7.390044629573822e-05,00100101110010111001101000011010011110011000101100101010001110101110110100101101101010100000000000111101101111000100011000101,15a3d5068ec67b5bddd0754345858e4337516df7ec8e598b0a8ce34c5866bb77,bernoulli,bernoulli|conj|p=0.5|zero=allow_iid|rng=MT19937-RandomState,0.5,allow_iid,0.0002245074138045311,4.47053462266922e-05,0.0001325272023677826,0.00011461786925792694,0.0007517654448747635,0.001274416223168373,0.0005163578316569328,8,27,1,6,SAT_unsat_identifiable,1,boolean_factorization,exclude_x,exclude_x,0,162,468,0,1,1,0,1,0,0,1,1,1,0,0,0.0007544895634055138
4,25,5,100,2160556753,31,conj,glucose42,MT19937-RandomState,3.07522714138031e-05,11100111110000000111110010011001011000101000110110010101000110000111011000000100100001011101101001010100100011111010000010111,4f67554dc54039bf41aeade11869eee44749a67f472e350b67c1b0bd5aff1b59,bernoulli,bernoulli|conj|p=0.5|zero=allow_iid|rng=MT19937-RandomState,0.5,allow_iid,0.00020593591034412384,3.633182495832443e-05,0.00014492683112621307,0.00010713934898376465,0.0008630026131868362,0.001361943781375885,0.000494333915412426,9,28,1,6,SAT_unsat_identifiable,1,boolean_factorization,exclude_x,exclude_x,0,186,536,0,1,1,0,1,0,0,1,1,1,0,0,0.0008372524753212929
4,25,5,100,2160556753,32,conj,glucose42,MT19937-RandomState,3.811810165643692e-05,10110001111011010010010100000111001000101100100110100001110111000110011000001000011101111011000111000001101100111110111111000,fe2adfc4d0232840892959073a247a6e15d360b9be469369358a441c9a3aab04,bernoulli,bernoulli|conj|p=0.5|zero=allow_iid|rng=MT19937-RandomState,0.5,allow_iid,0.00021444261074066162,4.134606570005417e-05,0.00011731497943401337,0.00010839849710464478,0.000661700963973999,0.0011482983827590942,0.00048150215297937393,6,28,1,6,SAT_unsat_identifiable,1,boolean_factorization,exclude_x,exclude_x,0,119,338,0,1,1,0,0,0,0,1,1,1,0,0,0.0008082706481218338
4,25,5,100,2160556753,33,conj,glucose42,MT19937-RandomState,3.399234265089035e-05,11001110000011100111101100110001000111010110101010011110001000101010010101100100010010111100110100110111111110101111010011011,371910d7ac5b07a5796f9a072f7e4aeb5be41fc9121ace3fa513aaf3576ffceb,bernoulli,bernoulli|conj|p=0.5|zero=allow_iid|rng=MT19937-RandomState,0.5,allow_iid,0.0002449061721563339,4.336610436439514e-05,0.0001340135931968689,0.00011134054511785507,0.0007686372846364975,0.001307872124016285,0.000533626414835453,8,27,1,6,SAT_unsat_identifiable,1,boolean_factorization,exclude_x,exclude_x,0,167,474,0,1,1,0,0,0,0,1,1,1,0,0,0.0008283443748950958
4,25,5,100,2160556753,34,conj,glucose42,MT19937-RandomState,3.1275674700737e-05,11010011101011010111100000000011110001101011000111010111001111101111000110100001001011011111101101010011101011010111100100011,82f9443ec337efa9ef31e9527e65f95c4286a998b2fa1ae091bbcdbbb88b85ad,bernoulli,bernoulli|conj|p=0.5|zero=allow_iid|rng=MT19937-RandomState,0.5,allow_iid,0.00023184344172477722,4.570372402667999e-05,0.00017582252621650696,0.00011008139699697495,0.0012247422710061073,0.0017939480021595955,0.0005634510889649391,11,23,1,6,SAT_unsat_identifiable,1,boolean_factorization,exclude_x,exclude_x,0,254,696,0,1,1,0,1,0,0,1,1,1,0,0,0.000897945836186409
4,25,5,100,2160556753,35,conj,glucose42,MT19937-RandomState,3.345124423503876e-05,10001011111110111100000001010000011111010111010111100111000000000001111010001001010110010011011101100110101010001011101101000,1c26a057fb5163ca27c9b6bade52bc998193ed6c0935093e3a2e4afd3b15ea75,bernoulli,bernoulli|conj|p=0.5|zero=allow_iid|rng=MT19937-RandomState,0.5,allow_iid,0.0002450915053486824,4.329439252614975e-05,0.00014281552284955978,0.00010800175368785858,0.0008212216198444366,0.0013666246086359024,0.0005392031744122505,9,28,1,6,SAT_unsat_identifiable,1,boolean_factorization,exclude_x,exclude_x,0,186,536,0,1,1,0,1,0,0,1,1,1,0,0,0.0008770367130637169
4,25,5,100,2160556753,36,conj,glucose42,MT19937-RandomState,3.46871092915535e-05,11110001000110100101100111101100100101001000011010011011110111101010101110010100011111010111000011110111011010101000110011101,c568ef919f66ee9917fb525c563c9cbe79464957da0e07a09a3d2a0e9dea2396,bernoulli,bernoulli|conj|p=0.5|zero=allow_iid|rng=MT19937-RandomState,0.5,allow_iid,0.00023233983665704727,4.309695214033127e-05,0.00012868735939264297,0.00011204835027456284,0.0007156785577535629,0.0012371493503451347,0.0005161724984645844,7,20,1,6,SAT_unsat_identifiable,1,boolean_factorization,exclude_x,exclude_x,0,153,418,0,1,1,0,0,0,0,1,1,1,0,0,0.0008040871471166611
4,25,5,100,2160556753,37,conj,glucose42,MT19937-RandomState,4.342850297689438e-05,00100101110101110111000000110010011111001110001001001111110110001110010111101001000001110011000010001010000101100110101011000,96cbbb70c42aa860fbc6ac3ceb61f91f8472642f2663c82174080649060e84fb,bernoulli,bernoulli|conj|p=0.5|zero=allow_iid|rng=MT19937-RandomState,0.5,allow_iid,0.0002217646688222885,4.2933039367198944e-05,0.00015958771109580994,0.00011502206325531006,0.0009035225957632065,0.0014485204592347145,0.0005393074825406075,10,25,1,6,SAT_unsat_identifiable,1,boolean_factorization,exclude_x,exclude_x,0,215,610,0,1,1,0,1,0,0,1,1,1,0,0,0.0008807675912976265
4,25,5,100,2160556753,38,conj,glucose42,MT19937-RandomState,3.0790455639362335e-05,01001010001110010000001000100100000011111000110101011001101110100001011111110111001110011101100011001100011100101000010101110,6684d14f000fd570654a75fbe8523c2ab87f05356bafec318ccacfdd52cacd09,bernoulli,bernoulli|conj|p=0.5|zero=allow_iid|rng=MT19937-RandomState,0.5,allow_iid,0.00021562259644269943,4.1346997022628784e-05,0.00014318805187940598,0.00014311354607343674,0.0008066119626164436,0.001355636864900589,0.0005432711914181709,9,22,1,6,SAT_unsat_identifiable,1,boolean_factorization,exclude_x,exclude_x,0,201,554,0,1,1,0,1,0,0,1,1,1,0,0,0.0008255969732999802
4,25,5,100,2160556753,39,conj,glucose42,MT19937-RandomState,3.161560744047165e-05,11010010010100111111010011000001010000111001100101101000010001101010100001101101001000001001110100001000011000011110100100111,77e21b0b9ee1b318c69e9a3da5c6d411cadcad10bc40ffa786b16db8341d3c38,bernoulli,bernoulli|conj|p=0.5|zero=allow_iid|rng=MT19937-RandomState,0.5,allow_iid,0.00021392665803432465,3.952439874410629e-05,0.00012955348938703537,0.00011002831161022186,0.0007585156708955765,0.0012565311044454575,0.0004930328577756882,8,28,1,6,SAT_unsat_identifiable,1,boolean_factorization,exclude_x,exclude_x,0,162,468,0,1,1,0,0,0,0,1,1,1,0,0,0.001211775466799736
4,25,5,100,2160556753,40,conj,glucose42,MT19937-RandomState,8.568912744522095e-05,00010101000010011100100111011001010110100100101011000101111000011100100001111011100011011110011010011011010001111101010010010,106cf258037aeeae4d17d1f75e6c9efd2e4fa1af37fc3c5d707914c051ed1fa2,bernoulli,bernoulli|conj|p=0.5|zero=allow_iid|rng=MT19937-RandomState,0.5,allow_iid,0.00022737402468919754,4.782341420650482e-05,0.00013741012662649155,0.00010443944483995438,0.0008389372378587723,0.001362234354019165,0.0005170470103621483,9,26,1,6,SAT_unsat_identifiable,1,boolean_factorization,exclude_x,exclude_x,0,191,542,0,1,1,0,0,0,0,1,1,1,0,0,0.0007856972515583038
4,25,5,100,2160556753,41,conj,glucose42,MT19937-RandomState,3.290083259344101e-05,01110110110011001011011101001001010111001001110011100000001010100011101010010000000101000001111000010000010110011011001111110,ec39c064bea379d5bc5d00906f4eee73b4ba1655658f4e3c3046738acfabff3a,bernoulli,bernoulli|conj|p=0.5|zero=allow_iid|rng=MT19937-RandomState,0.5,allow_iid,0.00020421110093593597,3.9635226130485535e-05,0.0001361975446343422,0.00010893214493989944,0.0007601901888847351,0.0012552989646792412,0.0004889760166406631,8,25,1,6,SAT_unsat_identifiable,1,boolean_factorization,exclude_x,exclude_x,0,172,480,0,1,1,0,1,0,0,1,1,1,0,0,0.0008304174989461899
4,25,5,100,2160556753,42,conj,glucose42,MT19937-RandomState,3.062095493078232e-05,01010111000010110110001010100011101011111011111101001111110010001111011010000010101101001110000000000100101001110111101000001,4362de36f11dc9e37921f5e5ca2c0c25d17e1dfe88fdb05a68f21c5dd9ab93fb,bernoulli,bernoulli|conj|p=0.5|zero=allow_iid|rng=MT19937-RandomState,0.5,allow_iid,0.00020138360559940338,3.948621451854706e-05,0.00011798553168773651,0.00012141373008489609,0.0006445208564400673,0.001131078228354454,0.00048026908189058304,6,28,1,6,SAT_unsat_identifiable,1,boolean_factorization,exclude_x,exclude_x,0,119,338,0,1,1,0,1,0,0,1,1,1,0,0,0.00083931814879179
4,25,5,100,2160556753,43,conj,glucose42,MT19937-RandomState,3.573857247829437e-05,00110111101101011000001011000011100000011100100110011100100111011111100011011111110111011110101111100110100010100100000010011,1356d7921a1764280cd206fc4a2b8dd3a112dddb919dcc4a2827c24e8b25f890,bernoulli,bernoulli|conj|p=0.5|zero=allow_iid|rng=MT19937-RandomState,0.5,allow_iid,0.0002483529970049858,5.388818681240082e-05,0.00014736875891685486,0.00011177267879247665,0.0009048376232385635,0.0014723017811775208,0.0005613826215267181,9,27,1,6,SAT_unsat_identifiable,1,boolean_factorization,exclude_x,exclude_x,0,191,542,0,1,1,0,1,0,0,1,1,1,0,0,0.0008825231343507767
4,25,5,100,2160556753,44,conj,glucose42,MT19937-RandomState,3.493763506412506e-05,11011010011001100111010010011110011010101100110111000000100010101101001101000111011000010101110001110001000001010110001000001,d2f2d8d8cf0a8dc2fcdf2ab0c76c0b77690d67d219657ec1e0c7c06829a0d611,bernoulli,bernoulli|conj|p=0.5|zero=allow_iid|rng=MT19937-RandomState,0.5,allow_iid,0.00020700693130493164,4.309229552745819e-05,0.00014680437743663788,0.00011179223656654358,0.0008682357147336006,0.0013831611722707748,0.0005086958408355713,9,26,1,6,SAT_unsat_identifiable,1,boolean_factorization,exclude_x,exclude_x,0,196,548,0,1,1,0,1,0,0,1,1,1,0,0,0.0008781831711530685
4,25,5,100,2160556753,45,conj,glucose42,MT19937-RandomState,3.236532211303711e-05,01001010000000111100111010000101111111010111010100100110100010101111010001001010111101111110111100110110010100000011110111110,3144d71c42dad0d556d01151842dc9516ba226fd963c2aec387535c54b3b2490,bernoulli,bernoulli|conj|p=0.5|zero=allow_iid|rng=MT19937-RandomState,0.5,allow_iid,0.000195235013961792,4.080682992935181e-05,0.0001376848667860031,0.00011200923472642899,0.0006330832839012146,0.001124085858464241,0.0004857359454035759,6,22,1,6,SAT_unsat_identifiable,1,boolean_factorization,exclude_x,exclude_x,0,129,350,0,1,1,0,0,0,0,1,1,1,0,0,0.0008273720741271973
4,25,5,100,2160556753,46,conj,glucose42,MT19937-RandomState,3.0839815735816956e-05,11010111101010001000000110100111111111001101111111011101101010100001111000001101100011010111011101000100001010110101101111101,486adeb5c2b3a636163e792b2ccfc5a78c13300b63fd4dcb7b7c80e7eaf70721,bernoulli,bernoulli|conj|p=0.5|zero=allow_iid|rng=MT19937-RandomState,0.5,allow_iid,0.0002413736656308174,5.5851414799690247e-05,0.00015286356210708618,0.00010512955486774445,0.0010008634999394417,0.0015625106170773506,0.0005552181974053383,10,24,1,6,SAT_unsat_identifiable,1,boolean_factorization,exclude_x,exclude_x,0,220,616,0,1,1,0,0,0,0,1,1,1,0,0,0.0009084008634090424
4,25,5,100,2160556753,47,conj,glucose42,MT19937-RandomState,3.261491656303406e-05,10000100101001110000000100101111001010001100010100110111000110111100100000101000010010111110011011011001000111110111011101100,929a7872b604a1f4b4358a28051f91a81ab897e95f1a2105d79ca519be85737b,bernoulli,bernoulli|conj|p=0.5|zero=allow_iid|rng=MT19937-RandomState,0.5,allow_iid,0.00021197553724050522,4.265736788511276e-05,0.00012507103383541107,0.00010773167014122009,0.0007136538624763489,0.0012067658826708794,0.00048743560910224915,7,29,1,6,SAT_unsat_identifiable,1,boolean_factorization,exclude_x,exclude_x,0,143,406,0,1,1,0,0,0,0,1,1,1,0,0,0.0008316347375512123
4,25,5,100,2160556753,48,conj,glucose42,MT19937-RandomState,3.554578870534897e-05,01000110111110011011011110010101011000011010110000010101111100110110011100001011111010001110010000001000100110101100001100010,273341e0f7a35a53ddaad4a2671724254cac720f4e2e434d9bf218537fbfc34a,bernoulli,bernoulli|conj|p=0.5|zero=allow_iid|rng=MT19937-RandomState,0.5,allow_iid,0.00023273378610610962,3.916211426258087e-05,0.00014884211122989655,0.00011758599430322647,0.0007151104509830475,0.0012596407905220985,0.0005383240059018135,7,29,1,6,SAT_unsat_identifiable,1,boolean_factorization,exclude_x,exclude_x,0,143,406,0,1,1,0,1,0,0,1,1,1,0,0,0.0008419454097747803
4,25,5,100,2160556753,49,conj,glucose42,MT19937-RandomState,3.3474527299404144e-05,10000111100101001111111101100001110001100010010100000011011011010100101001110000010111010101001111101101100111110110011111001,40f9224a9f1d9afb46ddfd808ff189c710c55b7c90b5dddb81dfcfb95e279235,bernoulli,bernoulli|conj|p=0.5|zero=allow_iid|rng=MT19937-RandomState,0.5,allow_iid,0.0002524266019463539,4.609767347574234e-05,0.0001369146630167961,0.00010922923684120178,0.0007656309753656387,0.001316135749220848,0.0005446681752800941,8,28,1,6,SAT_unsat_identifiable,1,boolean_factorization,exclude_x,exclude_x,0,162,468,0,1,1,0,0,0,0,1,1,1,0,0,0.0008467929437756538
4,25,5,100,2160556753,50,conj,glucose42,MT19937-RandomState,7.14380294084549e-05,10100101011000100110101010000101110001011011011110110110101101110100000000100000100000000111011001101101011110100111010100011,5b00602ee2e76dc6e992372ff4fe2d6f41d2d38f3e222e571edf0822652a0373,bernoulli,bernoulli|conj|p=0.5|zero=allow_iid|rng=MT19937-RandomState,0.5,allow_iid,0.000216042622923851,4.5754946768283844e-05,9.603053331375122e-05,0.0,0.0,0.00036869291216135025,0.0003578281030058861,9,20,0,2,two_column_check_failed,0,,,exclude_x,0,0,0,0,1,1,0,1,1,0,0,0,0,0,1,0.0006340872496366501
4,25,5,100,2160556753,51,conj,glucose42,MT19937-RandomState,2.84658744931221e-05,00010011101011111110111100111000111011000000101000010111000001000110010000010100111111110011100100001101001001101100011101110,c7f5a14d27e2c88ac6f52bb5cecef48361baff21d9c48d5793c8b3f02ea5c170,bernoulli,bernoulli|conj|p=0.5|zero=allow_iid|rng=MT19937-RandomState,0.5,allow_iid,0.00020907819271087646,3.381725400686264e-05,0.0001130150631070137,9.706802666187286e-05,0.0006971294060349464,0.001154380850493908,0.00045297853648662567,7,29,1,6,SAT_unsat_identifiable,1,boolean_factorization,exclude_x,exclude_x,0,143,406,0,1,1,0,1,0,0,1,1,1,0,0,0.0007930193096399307
4,25,5,100,2160556753,52,conj,glucose42,MT19937-RandomState,3.5254284739494324e-05,11111100010101101001000100110101101100111011001000010001010011110010100011111011110011001000010010101101110001100111001111101,7299b2f3d640933919a2abe3a80090aacbaa07993f00fcb6e2ca23cafbc8cee2,bernoulli,bernoulli|conj|p=0.5|zero=allow_iid|rng=MT19937-RandomState,0.5,allow_iid,0.0002161022275686264,4.159100353717804e-05,0.00013007503002882004,0.00010961107909679413,0.0007947664707899094,0.0012978129088878632,0.0004973793402314186,8,23,1,6,SAT_unsat_identifiable,1,boolean_factorization,exclude_x,exclude_x,0,177,486,0,1,1,0,0,0,0,1,1,1,0,0,0.0008160583674907684
4,25,5,100,2160556753,53,conj,glucose42,MT19937-RandomState,3.543868660926819e-05,11100110110101001110011111101011011110000010100010111100111101111100111010100111110001110100101111101101011001010110000100101,83b822f5308cdc83029fbf724bdbcd7f047a8f30e6ab8784c9a8cb6a8083a01b,bernoulli,bernoulli|conj|p=0.5|zero=allow_iid|rng=MT19937-RandomState,0.5,allow_iid,0.00022206362336874008,4.5590102672576904e-05,0.00013849418610334396,0.00010386388748884201,0.0008998187258839607,0.0014153625816106796,0.000510011799633503,9,21,1,6,SAT_unsat_identifiable,1,boolean_factorization,exclude_x,exclude_x,0,206,560,0,1,1,0,0,0,0,1,1,1,0,0,0.0008817883208394051
4,25,5,100,2160556753,54,conj,glucose42,MT19937-RandomState,3.519747406244278e-05,00100110101001100011111000000011001000111100101010111111011010111100011110010100010000101111001100001111010010100010100110101,9a3c2bcc86b12ebcea91e52419053f00f2a72bafe5e1d4668d49ed37c2a8fb43,bernoulli,bernoulli|conj|p=0.5|zero=allow_iid|rng=MT19937-RandomState,0.5,allow_iid,0.0002609463408589363,5.062669515609741e-05,0.0001339772716164589,0.00010552629828453064,0.000773952342569828,0.0013307677581906319,0.0005510766059160233,8,28,1,6,SAT_unsat_identifiable,1,boolean_factorization,exclude_x,exclude_x,0,162,468,0,1,1,0,1,0,0,1,1,1,0,0,0.001229582354426384
4,25,5,100,2160556753,55,conj,glucose42,MT19937-RandomState,3.3816322684288025e-05,11000010111100110001100101011111100110101001001101011101100010100000110111111010010001110001010111100100111110111001101010100,2e454cdb51f50ada76593e96011931bda213b18848b33bbc5f4caee517a00e68,bernoulli,bernoulli|conj|p=0.5|zero=allow_iid|rng=MT19937-RandomState,0.5,allow_iid,0.00022483989596366882,4.3509528040885925e-05,0.00015839282423257828,0.000134982168674469,0.0009529804810881615,0.0015198206529021263,0.000561724416911602,10,24,1,6,SAT_unsat_identifiable,1,boolean_factorization,exclude_x,exclude_x,0,220,616,0,1,1,0,0,0,0,1,1,1,0,0,0.0008715009316802025
4,25,5,100,2160556753,56,conj,glucose42,MT19937-RandomState,3.385916352272034e-05,10001100100011101110111000110111000010101111011010111101010000111011000001011101001111100001100100000001110100111101111101101,dc81a90c79448570d73289a05fe32cc595da79e6c8db6d8ffe03c51050fab1c3,bernoulli,bernoulli|conj|p=0.5|zero=allow_iid|rng=MT19937-RandomState,0.5,allow_iid,0.00023887492716312408,4.445016384124756e-05,0.00015769526362419128,0.00012804381549358368,0.0009333426132798195,0.0015080422163009644,0.0005690641701221466,10,26,1,6,SAT_unsat_identifiable,1,boolean_factorization,exclude_x,exclude_x,0,215,610,0,1,1,0,0,0,0,1,1,1,0,0,0.0008987067267298698
4,25,5,100,2160556753,57,conj,glucose42,MT19937-RandomState,3.2005831599235535e-05,10101110101111001100011001110000011000000010101011010010111111010111100111110011001110011100110011001000011001110101001111001,e67bd4e1f040d8f9aeb3f9d77a9b05e551ed7940fb8d8b01452dc6ddcad6788b,bernoulli,bernoulli|conj|p=0.5|zero=allow_iid|rng=MT19937-RandomState,0.5,allow_iid,0.00018578022718429565,4.03793528676033e-05,0.00013517122715711594,0.00010903272777795792,0.0007319534197449684,0.0012075509876012802,0.0004703635349869728,7,23,1,6,SAT_unsat_identifiable,1,boolean_factorization,exclude_x,exclude_x,0,158,424,0,1,1,0,1,0,0,1,1,1,0,0,0.0007767081260681152
4,25,5,100,2160556753,58,conj,glucose42,MT19937-RandomState,3.21362167596817e-05,11011010010100010011100111111110100010010101100001111110010111111001000011010101010111001001001100111100100000000101000100111,5156e7f4551d463aea0a475a280ebc8a76d8237b34c23def1c9927bd9ee1f6da,bernoulli,bernoulli|conj|p=0.5|zero=allow_iid|rng=MT19937-RandomState,0.5,allow_iid,0.00020072981715202332,4.0951184928417206e-05,0.00012131966650485992,0.00010321009904146194,0.0006572213023900986,0.0011296747252345085,0.0004662107676267624,7,30,1,6,SAT_unsat_identifiable,1,boolean_factorization,exclude_x,exclude_x,0,138,400,0,1,1,0,1,0,0,1,1,1,0,0,0.0008536512032151222
4,25,5,100,2160556753,59,conj,glucose42,MT19937-RandomState,3.575161099433899e-05,10101101010101000010110001011111010001110011011110011110110000101011001010110010001110100000001101011000101001101001011111000,4323514b71b7a5cc81aa06be838b8883c59b1f0e4aebeca33af39a431a076f3e,bernoulli,bernoulli|conj|p=0.5|zero=allow_iid|rng=MT19937-RandomState,0.5,allow_iid,0.0002632755786180496,4.7043897211551666e-05,0.00015723984688520432,0.00010965671390295029,0.0008878977969288826,0.001470823772251606,0.0005772160366177559,10,30,1,6,SAT_unsat_identifiable,1,boolean_factorization,exclude_x,exclude_x,0,200,592,0,1,1,0,0,0,0,1,1,1,0,0,0.0009033763781189919
4,25,5,100,2160556753,60,conj,glucose42,MT19937-RandomState,7.488112896680832e-05,11110010100010010111101111001100000100100011110001101011011100001010111100101011000111001000101011110011001111100100101010101,9f9c9e8f6944dc4fa6f43c9e57eeec416d58d0811b6b6219e4cdc13cb40dcf8f,bernoulli,bernoulli|conj|p=0.5|zero=allow_iid|rng=MT19937-RandomState,0.5,allow_iid,0.00021381210535764694,4.7919340431690216e-05,0.00013195350766181946,0.00010514911264181137,0.0007698433473706245,0.0012744925916194916,0.000498834066092968,8,23,1,6,SAT_unsat_identifiable,1,boolean_factorization,exclude_x,exclude_x,0,172,480,0,1,1,0,1,0,0,1,1,1,0,0,0.0007951110601425171
4,25,5,100,2160556753,61,conj,glucose42,MT19937-RandomState,3.336183726787567e-05,11010001011101111101111011010011100101110100101100010000101110111111000110001101100100001110110101111010010100101110100000001,af12bac7ea839edf0439f743084e58a88dacac744bc74deff9204a6d000fbe47,bernoulli,bernoulli|conj|p=0.5|zero=allow_iid|rng=MT19937-RandomState,0.5,allow_iid,0.0002038991078734398,4.2156316339969635e-05,0.00013747625052928925,0.00011139083653688431,0.0007161367684602737,0.0012169890105724335,0.000494922511279583,7,23,1,6,SAT_unsat_identifiable,1,boolean_factorization,exclude_x,exclude_x,0,148,412,0,1,1,0,0,0,0,1,1,1,0,0,0.0008180569857358932
4,25,5,100,2160556753,62,conj,glucose42,MT19937-RandomState,3.2152049243450165e-05,00110110111000000110000000101011000111100100000100111110111010010001001100010001011011001110110010000100101110101111010101100,eb9596f81b428a8d5fcfc13922915e726aafc175bff93279edabed90b0d00570,bernoulli,bernoulli|conj|p=0.5|zero=allow_iid|rng=MT19937-RandomState,0.5,allow_iid,0.00024717580527067184,4.127994179725647e-05,0.00013289973139762878,0.0001080390065908432,0.0007522804662585258,0.0012877723202109337,0.0005293944850564003,8,27,1,6,SAT_unsat_identifiable,1,boolean_factorization,exclude_x,exclude_x,0,162,468,0,1,1,0,1,0,0,1,1,1,0,0,0.0008680401369929314
4,25,5,100,2160556753,63,conj,glucose42,MT19937-RandomState,3.4730881452560425e-05,01011101101011011110111001010111011100101010010010011010010100010010000010110100101110000011010001000100100101000111101001100,9c90aebb36f257079580d7a9da201fa10f6c0652f703ca6a6b2012dfb4a51e9c,bernoulli,bernoulli|conj|p=0.5|zero=allow_iid|rng=MT19937-RandomState,0.5,allow_iid,0.00023286417126655579,4.856567829847336e-05,0.00013491138815879822,0.00010622665286064148,0.0008148020133376122,0.0013425257056951523,0.0005225678905844688,8,27,1,6,SAT_unsat_identifiable,1,boolean_factorization,exclude_x,exclude_x,0,162,468,0,1,1,0,1,0,0,1,1,1,0,0,0.0008297599852085114
4,25,5,100,2160556753,64,conj,glucose42,MT19937-RandomState,3.382563591003418e-05,11101100010111010011100110110001110101000011111010111110010110110010101110110001101100001110101000110011000000001101010001101,b3d73169f959499563d75b18b89b17cd446e57e94e1c4a1081c0d3ba99a4e84a,bernoulli,bernoulli|conj|p=0.5|zero=allow_iid|rng=MT19937-RandomState,0.5,allow_iid,0.0001955665647983551,3.9927661418914795e-05,0.0001307222992181778,0.00010910909622907639,0.0007938267663121223,0.001275499351322651,0.0004753256216645241,8,23,1,6,SAT_unsat_identifiable,1,boolean_factorization,exclude_x,exclude_x,0,182,492,0,1,0,1,1,0,0,1,1,1,0,0,0.000841185450553894
4,25,5,100,2160556753,65,conj,glucose42,MT19937-RandomState,3.4389086067676544e-05,00110111011011011101010000001010010001100010000111010011010010100001000000101011011011110001010011101100110110111110111110010,23964e5213a1bc6195d81cc5c8b4770457d5d0fcfa3a2e1f2fb92d7c98281cfe,bernoulli,bernoulli|conj|p=0.5|zero=allow_iid|rng=MT19937-RandomState,0.5,allow_iid,0.0002279849722981453,4.194304347038269e-05,0.00012915115803480148,0.00011082738637924194,0.0006826762109994888,0.0011985106393694878,0.0005099065601825714,7,29,1,6,SAT_unsat_identifiable,1,boolean_factorization,exclude_x,exclude_x,0,143,406,0,1,1,0,0,0,0,1,1,1,0,0,0.0008556358516216278
4,25,5,100,2160556753,66,conj,glucose42,MT19937-RandomState,4.6546570956707e-05,01011011000100101100010100100100000101111100011100100011001100001100110011010100010000001101000100111111000100000101010001011,d86dbc2f391b2a2d0dc4f8c0a0d6287e690cd684d89f16572d418912ff2d2357,bernoulli,bernoulli|conj|p=0.5|zero=allow_iid|rng=MT19937-RandomState,0.5,allow_iid,0.00020295847207307816,4.7031790018081665e-05,0.00012879911810159683,0.00011413078755140305,0.000730559229850769,0.001229989342391491,0.0004929201677441597,7,30,1,6,SAT_unsat_identifiable,1,boolean_factorization,exclude_x,exclude_x,0,138,400,0,1,1,0,1,0,0,1,1,1,0,0,0.0008668117225170135
4,25,5,100,2160556753,67,conj,glucose42,MT19937-RandomState,3.5711564123630524e-05,10110001101101110110010101000101001010101011100011010011100010000110000111100011110000101100011001101011011011111100111010110,f6c3b98cd462a5574ebe5099039c38053118b0b7a06fb12215370f4f9ede5ae7,bernoulli,bernoulli|conj|p=0.5|zero=allow_iid|rng=MT19937-RandomState,0.5,allow_iid,0.00019537005573511124,4.557520151138306e-05,0.00010668393224477768,0.0,0.0,0.00035768747329711914,0.00034762918949127197,7,20,0,2,two_column_check_failed,0,,,exclude_x,0,0,0,0,1,1,0,0,1,0,0,0,0,0,1,0.0007084636017680168
4,25,5,100,2160556753,68,conj,glucose42,MT19937-RandomState,3.291293978691101e-05,01101011000010001011001010010110110110111010000000010001110111000000011110100111110111100100101010011000110011100111000110110,77928d7abf82f04ca66782da79ab9e8527340808e39288ac293fab948755b91d,bernoulli,bernoulli|conj|p=0.5|zero=allow_iid|rng=MT19937-RandomState,0.5,allow_iid,0.00022468343377113342,4.090927541255951e-05,0.00014523416757583618,0.00012139882892370224,0.0009370669722557068,0.0014740433543920517,0.0005322257056832314,10,24,1,6,SAT_unsat_identifiable,1,boolean_factorization,exclude_x,exclude_x,0,220,616,0,1,1,0,1,0,0,1,1,1,0,0,0.0008605904877185822
4,25,5,100,2160556753,69,conj,glucose42,MT19937-RandomState,4.839804023504257e-05,00010011010000011011011110010101010011000000100011011100101101010110010000011001011111001000101100001111101000101000110010111,20a2ef513bfe7db51517d58b73284fdfa21ccc581e7106f87c484f94c48b083e,bernoulli,bernoulli|conj|p=0.5|zero=allow_iid|rng=MT19937-RandomState,0.5,allow_iid,0.00020863208919763565,4.004780203104019e-05,0.00012077111750841141,0.00010621082037687302,0.0007042540237307549,0.001185685396194458,0.00047566182911396027,7,30,1,6,SAT_unsat_identifiable,1,boolean_factorization,exclude_x,exclude_x,0,138,400,0,1,1,0,1,0,0,1,1,1,0,0,0.0008826516568660736
4,25,5,100,2160556753,70,conj,glucose42,MT19937-RandomState,8.212681859731674e-05,00011011100101010001110100010101011010001100100110101010101011010100110100100110000011111101110001100010100000100100010100110,8cf1010751e3afd0fdb3c68937c172010d2d3f6a4231f854ff5a8f04c025b09d,bernoulli,bernoulli|conj|p=0.5|zero=allow_iid|rng=MT19937-RandomState,0.5,allow_iid,0.00021827034652233124,4.696473479270935e-05,0.00013067945837974548,0.000115150585770607,0.0007652547210454941,0.00128200463950634,0.0005110651254653931,8,25,1,6,SAT_unsat_identifiable,1,boolean_factorization,exclude_x,exclude_x,0,167,474,0,1,1,0,1,0,0,1,1,1,0,0,0.0007461840286850929
4,25,5,100,2160556753,71,conj,glucose42,MT19937-RandomState,3.0831433832645416e-05,10010000111101110011110110010001101010111100100110100111001111111010101110111110011000100101101010111001010010110000101100111,2d7ca36ad9e76290cf1f6cf51489a7f64bac6f13a065d2b903573b237edb8640,bernoulli,bernoulli|conj|p=0.5|zero=allow_iid|rng=MT19937-RandomState,0.5,allow_iid,0.0001956019550561905,3.5976991057395935e-05,0.00013334769755601883,9.742844849824905e-05,0.0007770135998725891,0.0012434013187885284,0.0004623550921678543,8,24,1,6,SAT_unsat_identifiable,1,boolean_factorization,exclude_x,exclude_x,0,172,480,0,1,1,0,0,0,0,1,1,1,0,0,0.0007675085216760635
4,25,5,100,2160556753,72,conj,glucose42,MT19937-RandomState,3.33636999130249e-05,00101011001011100011100011000110010010011101111011000001110010011110100010111101101110101001110001010100011100011000110011110,3e954930f364757da866fa274051efaabb8ccec178acd62aa0ac129f19b76ee4,bernoulli,bernoulli|conj|p=0.5|zero=allow_iid|rng=MT19937-RandomState,0.5,allow_iid,0.00022761337459087372,4.54997643828392e-05,0.00014442764222621918,0.00011007394641637802,0.0008976282551884651,0.0014314856380224228,0.0005276147276163101,9,24,1,6,SAT_unsat_identifiable,1,boolean_factorization,exclude_x,exclude_x,0,196,548,0,1,1,0,1,0,0,1,1,1,0,0,0.0008634058758616447
4,25,5,100,2160556753,73,conj,glucose42,MT19937-RandomState,3.3853575587272644e-05,11011110101001101011101000010000111001001010011011011110110111000100011010101100001110011110001101001000001001000001100011110,27b94f8dd36057aea56d0eed07a5af8f3a2375fdfe087c68dd0f4e1fcbffc970,bernoulli,bernoulli|conj|p=0.5|zero=allow_iid|rng=MT19937-RandomState,0.5,allow_iid,0.0002117222175002098,4.525575786828995e-05,0.00015721190720796585,0.00011043529957532883,0.0009592818096280098,0.0014907792210578918,0.0005246251821517944,10,22,1,6,SAT_unsat_identifiable,1,boolean_factorization,exclude_x,exclude_x,0,225,622,0,1,1,0,1,0,0,1,1,1,0,0,0.0008735926821827888
4,25,5,100,2160556753,74,conj,glucose42,MT19937-RandomState,3.124866634607315e-05,11000100101100111110011010000111101010001010100010010111111100010010010110101010011000011101111001101010101000001110110010000,6ed163b7f1890455a2a9b87387fe4a2ac2af1baf94eed6907c258fcda139f857,bernoulli,bernoulli|conj|p=0.5|zero=allow_iid|rng=MT19937-RandomState,0.5,allow_iid,0.00022879242897033691,4.524458199739456e-05,0.00012545660138130188,0.00011136382818222046,0.0007353164255619049,0.0012522628530859947,0.0005108574405312538,7,29,1,6,SAT_unsat_identifiable,1,boolean_factorization,exclude_x,exclude_x,0,143,406,0,1,1,0,0,0,0,1,1,1,0,0,0.0008225748315453529
4,25,5,100,2160556753,75,conj,glucose42,MT19937-RandomState,3.374461084604263e-05,11000011000000010011010100001010000010010111001000100111101110111100010110110000001111100011000001100000100101101010101110001,a642242067cfdf7c35205f24c6ca9cd7922a5d9e6a6992b1e50a5bdf954a3808,bernoulli,bernoulli|conj|p=0.5|zero=allow_iid|rng=MT19937-RandomState,0.5,allow_iid,0.00022165104746818542,3.9803795516490936e-05,0.00012645311653614044,0.00011089537292718887,0.0006934003904461861,0.0011972654610872269,0.0004988033324480057,7,30,1,6,SAT_unsat_identifiable,1,boolean_factorization,exclude_x,exclude_x,0,138,400,0,1,1,0,1,0,0,1,1,1,0,0,0.0008253585547208786
4,25,5,100,2160556753,76,conj,glucose42,MT19937-RandomState,3.128964453935623e-05,10000011000010111000010101011011010010101110100000100010100010110111101000101001101000011110110110010100101110110011110110011,648a873f0efaf61c97eed495d6d5511119640be10823819d44a2e3f6c3e70c8f,bernoulli,bernoulli|conj|p=0.5|zero=allow_iid|rng=MT19937-RandomState,0.5,allow_iid,0.00023951847106218338,4.600919783115387e-05,0.00016376469284296036,0.00011119432747364044,0.0010631373152136803,0.0016290443018078804,0.000560486689209938,11,26,1,6,SAT_unsat_identifiable,1,boolean_factorization,exclude_x,exclude_x,0,239,678,0,1,1,0,1,0,0,1,1,1,0,0,0.0009048199281096458
4,25,5,100,2160556753,77,conj,glucose42,MT19937-RandomState,3.2816082239151e-05,01011010010000010001000100111111010100100111101001101101001111001010111111000001001010100100101101010010110110011110001001110,48c2b3ab414a064ca4a93b51c0fb094d7d10abc9679ad3ccc35e4750ab866c29,bernoulli,bernoulli|conj|p=0.5|zero=allow_iid|rng=MT19937-RandomState,0.5,allow_iid,0.00019888300448656082,4.5750290155410767e-05,0.0001441817730665207,0.00012414716184139252,0.000825551338493824,0.00134300347417593,0.0005129622295498848,9,23,1,6,SAT_unsat_identifiable,1,boolean_factorization,exclude_x,exclude_x,0,201,554,0,1,1,0,1,0,0,1,1,1,0,0,0.0008644768968224525
4,25,5,100,2160556753,78,conj,glucose42,MT19937-RandomState,3.3725984394550323e-05,00000000010110111100110110000100011000001000001110011110110011100101101000000110011011111110000111111101111111111000001001001,c95559d91cc4bfc816405aaa46b2aaa1bc8edc1499f0aa2266ee1622139fc9bc,bernoulli,bernoulli|conj|p=0.5|zero=allow_iid|rng=MT19937-RandomState,0.5,allow_iid,0.00018571596592664719,4.0522776544094086e-05,0.0001127803698182106,0.00010802038013935089,0.0006651077419519424,0.001117706298828125,0.00044703949242830276,6,24,1,6,SAT_unsat_identifiable,1,boolean_factorization,exclude_x,exclude_x,0,124,344,0,1,1,0,1,0,0,1,1,1,0,0,0.000796247273683548
4,25,5,100,2160556753,79,conj,glucose42,MT19937-RandomState,3.1678006052970886e-05,01001010111010111111000010010111110010011011100011101001011110100110011100010010100011011010000001111011100110000010001011000,ca64caf2e9e51a3a1087c9d466f18eeafd0c5ae468ee572cd7bce28f429a37a5,bernoulli,bernoulli|conj|p=0.5|zero=allow_iid|rng=MT19937-RandomState,0.5,allow_iid,0.00023304671049118042,4.3340958654880524e-05,0.00013774167746305466,0.00011995900422334671,0.0007358547300100327,0.0012757275253534317,0.0005340883508324623,8,27,1,6,SAT_unsat_identifiable,1,boolean_factorization,exclude_x,exclude_x,0,162,468,0,1,1,0,0,0,0,1,1,1,0,0,0.000871509313583374
4,25,5,100,2160556753,80,conj,glucose42,MT19937-RandomState,5.5975280702114105e-05,00011000101101101010010000001101100001101010111011011111110111011011111101111010000011010010110010000001101001011001101110110,0c20b2f4452bcdb2533a0032c0da6236566419ab731bc8a9b2970d8034d1e704,bernoulli,bernoulli|conj|p=0.5|zero=allow_iid|rng=MT19937-RandomState,0.5,allow_iid,0.0001969989389181137,4.406645894050598e-05,0.00012570712715387344,0.00011032726615667343,0.0007122326642274857,0.001195533201098442,0.00047709979116916656,7,24,1,6,SAT_unsat_identifiable,1,boolean_factorization,exclude_x,exclude_x,0,148,412,0,1,1,0,0,0,0,1,1,1,0,0,0.000759500078856945
4,25,5,100,2160556753,81,conj,glucose42,MT19937-RandomState,4.3895095586776733e-05,01000011011010110001001011001110101101110110010010110110000010100101100110010111101111001111110110111100010001101010011111110,15d30dfbfda2c8f7e33d7e2430f621cfc024336f19a902840368493f50886fe1,bernoulli,bernoulli|conj|p=0.5|zero=allow_iid|rng=MT19937-RandomState,0.5,allow_iid,0.00018268823623657227,3.7171877920627594e-05,0.000125163234770298,0.00010013673454523087,0.0007734242826700211,0.0012238025665283203,0.00044516008347272873,8,22,1,6,SAT_unsat_identifiable,1,boolean_factorization,exclude_x,exclude_x,0,177,486,0,1,1,0,1,0,0,1,1,1,0,0,0.0008087139576673508
4,25,5,100,2160556753,82,conj,glucose42,MT19937-RandomState,3.4574419260025024e-05,10010000110000000101000101101001101010110100011000111011110011101100101101101000111111011001010110110001001010000111111111010,2b78f003ca1220eea2c70302b03d48a1b39459e1f9d6ef4399cb48d704e850e7,bernoulli,bernoulli|conj|p=0.5|zero=allow_iid|rng=MT19937-RandomState,0.5,allow_iid,0.00019647646695375443,3.904756158590317e-05,0.00013076793402433395,0.00010653771460056305,0.000784529373049736,0.001262645237147808,0.0004728296771645546,8,21,1,6,SAT_unsat_identifiable,1,boolean_factorization,exclude_x,exclude_x,0,177,486,0,1,1,0,1,0,0,1,1,1,0,0,0.0008460711687803268
4,25,5,100,2160556753,83,conj,glucose42,MT19937-RandomState,3.566872328519821e-05,10111110001000110000101000010010001010011010110010101000101101001000111000000011100011001110000010000000011100011100111011001,083153dcb167ca24e0b843a46931b68d7ea94365cf66900fc5ba097bb7e72fc4,bernoulli,bernoulli|conj|p=0.5|zero=allow_iid|rng=MT19937-RandomState,0.5,allow_iid,0.00022577960044145584,4.0842220187187195e-05,0.00013471487909555435,0.00013856682926416397,0.0007660854607820511,0.00131174735724926,0.0005399035289883614,8,27,1,6,SAT_unsat_identifiable,1,boolean_factorization,exclude_x,exclude_x,0,167,474,0,1,1,0,1,0,0,1,1,1,0,0,0.0008732341229915619
4,25,5,100,2160556753,84,conj,glucose42,MT19937-RandomState,3.40556725859642e-05,10001111101101100100100001010011110100010001011111011110110100010001010101010101001011100111001111011111100001111101001101100,b388fc116120e11db4d5af6ddcb0e58eb99b74991994556709547f5120eb320d,bernoulli,bernoulli|conj|p=0.5|zero=allow_iid|rng=MT19937-RandomState,0.5,allow_iid,0.0002276599407196045,4.0193088352680206e-05,0.00012692436575889587,0.00010771863162517548,0.0006934003904461861,0.0012018363922834396,0.000502496026456356,7,29,1,6,SAT_unsat_identifiable,1,boolean_factorization,exclude_x,exclude_x,0,143,406,0,1,1,0,0,0,0,1,1,1,0,0,0.0008090892806649208
4,25,5,100,2160556753,85,conj,glucose42,MT19937-RandomState,4.239566624164581e-05,10100011101000010011110100010010101000110101100010100010010110100001100010110001100101100000101010101010100000010010001000000,d388bed6edf225757af22b33dd21573999383308a0dd29f984c6b56ad05c4aa2,bernoulli,bernoulli|conj|p=0.5|zero=allow_iid|rng=MT19937-RandomState,0.5,allow_iid,0.00021046772599220276,4.105549305677414e-05,0.00014077965170145035,0.00011038221418857574,0.0008530868217349052,0.0013611000031232834,0.000502685084939003,9,29,1,6,SAT_unsat_identifiable,1,boolean_factorization,exclude_x,exclude_x,0,181,530,0,1,1,0,1,0,0,1,1,1,0,0,0.0008609099313616753
4,25,5,100,2160556753,86,conj,glucose42,MT19937-RandomState,3.2191164791584015e-05,01001011110010000011001101001100011011000011011011110010111001111001011111100111001001101110001110100011010101110101100111011,19ce87a473eb206b165b6e1367f676e98a71c8bce964ca977220d0a709400dec,bernoulli,bernoulli|conj|p=0.5|zero=allow_iid|rng=MT19937-RandomState,0.5,allow_iid,0.00020284391939640045,4.2133964598178864e-05,0.00013262033462524414,0.0001084841787815094,0.0008028335869312286,0.0012938836589455605,0.00048608239740133286,8,22,1,6,SAT_unsat_identifiable,1,boolean_factorization,exclude_x,exclude_x,0,177,486,0,1,1,0,0,0,0,1,1,1,0,0,0.0008439524099230766
4,25,5,100,2160556753,87,conj,glucose42,MT19937-RandomState,3.334600478410721e-05,11001110111101010011000111000101111000111111000010001111001100011111000110011110001100011001111111001100101111110011000100010,9f64dceeb88b66e7811b4f5139c474abeb726ec375b9b76def33ea067b5af10f,bernoulli,bernoulli|conj|p=0.5|zero=allow_iid|rng=MT19937-RandomState,0.5,allow_iid,0.00019752047955989838,4.3448060750961304e-05,0.00015713926404714584,0.00010933447629213333,0.0007924856618046761,0.0013058921322226524,0.0005074422806501389,8,18,1,6,SAT_unsat_identifiable,1,boolean_factorization,exclude_x,exclude_x,0,187,498,0,1,1,0,0,0,0,1,1,1,0,0,0.0019290298223495483
4,25,5,100,2160556753,88,conj,glucose42,MT19937-RandomState,3.160722553730011e-05,01110110111011000010111010111010111110110000101010011111110101011100001110010011100000110110111000110111011001100010111011110,977cac5209f4027e37c0090b05f43838eb80213320be099b613c3af115812f0e,bernoulli,bernoulli|conj|p=0.5|zero=allow_iid|rng=MT19937-RandomState,0.5,allow_iid,0.00022096000611782074,4.4922344386577606e-05,0.0001565888524055481,0.00011053401976823807,0.0008537629619240761,0.0013928050175309181,0.0005330052226781845,9,22,1,6,SAT_unsat_identifiable,1,boolean_factorization,exclude_x,exclude_x,0,206,560,0,1,1,0,0,0,0,1,1,1,0,0,0.0010303081944584846
4,25,5,100,2160556753,89,conj,glucose42,MT19937-RandomState,4.0436163544654846e-05,10000100000111011101010100110101010100101101010101010010000000000000101101111011101101110100100111011100010000101101110100110,5dc018a947b17b02c282dc2cdf2555c2de98aef9b3f34865a9fe12f7e1a15b46,bernoulli,bernoulli|conj|p=0.5|zero=allow_iid|rng=MT19937-RandomState,0.5,allow_iid,0.0001992844045162201,4.131346940994263e-05,0.00012260209769010544,0.00010243337601423264,0.0007235119119286537,0.0011938698589801788,0.0004656333476305008,7,24,1,6,SAT_unsat_identifiable,1,boolean_factorization,exclude_x,exclude_x,0,148,412,0,1,1,0,1,0,0,1,1,1,0,0,0.0008019711822271347
4,25,5,100,2160556753,90,conj,glucose42,MT19937-RandomState,4.963856190443039e-05,00101101101010110001111101010000110010110100011011110011100011011010000001001000111011101100100000011011011101011011110110001,2685c95a82b2e971d785e97558d27a13be3a616d3d0004020a85acb58890cdf3,bernoulli,bernoulli|conj|p=0.5|zero=allow_iid|rng=MT19937-RandomState,0.5,allow_iid,0.00020822416990995407,4.5758672058582306e-05,0.0001239292323589325,0.00011774618178606033,0.0006761141121387482,0.0011775828897953033,0.0004956582561135292,7,30,1,6,SAT_unsat_identifiable,1,boolean_factorization,exclude_x,exclude_x,0,138,400,0,1,1,0,0,0,0,1,1,1,0,0,0.0008394895121455193
4,25,5,100,2160556753,91,conj,glucose42,MT19937-RandomState,3.0819326639175415e-05,11010100000111010011011101011111111100011101100111001100110111011100100110000111100011010001010100100001000010010111101100100,4c6a93499beda9a8578d7cfa0f8e6a6b5fce2b0a168290d514bbeb5d3fe28b07,bernoulli,bernoulli|conj|p=0.5|zero=allow_iid|rng=MT19937-RandomState,0.5,allow_iid,0.00021840911358594894,3.8858503103256226e-05,0.0001404881477355957,9.80747863650322e-05,0.0008062189444899559,0.0013065561652183533,0.0004958305507898331,9,25,1,6,SAT_unsat_identifiable,1,boolean_factorization,exclude_x,exclude_x,0,196,548,0,1,1,0,0,0,0,1,1,1,0,0,0.0008488213643431664
4,25,5,100,2160556753,92,conj,glucose42,MT19937-RandomState,3.525055944919586e-05,00001100001101010101000010000010010101000100001001000100001011100010101010111111010101000100111101101111110000000111101001001,981376af5bf8ea059a6108591d88aab8611757376dedabca68b12e8c67ed3a87,bernoulli,bernoulli|conj|p=0.5|zero=allow_iid|rng=MT19937-RandomState,0.5,allow_iid,0.00019467342644929886,4.043895751237869e-05,0.00011644884943962097,0.00010483432561159134,0.0006464794278144836,0.001108560711145401,0.00045639555901288986,6,26,1,6,SAT_unsat_identifiable,1,boolean_factorization,exclude_x,exclude_x,0,124,344,0,1,1,0,1,0,0,1,1,1,0,0,0.0007920516654849052
4,25,5,100,2160556753,93,conj,glucose42,MT19937-RandomState,3.576371818780899e-05,00000001100000001010011011000101110000001001110001001110000000100100010001011100110000000011001000101000110011001001001000111,38c7fe78d2ced2b95b3e1f756c3e48d5bde289dcd4ffef283c563e4f9ef52bff,bernoulli,bernoulli|conj|p=0.5|zero=allow_iid|rng=MT19937-RandomState,0.5,allow_iid,0.00017429888248443604,4.1321851313114166e-05,0.00012932345271110535,0.0001128222793340683,0.0008016116917133331,0.0012650983408093452,0.00045776646584272385,8,23,1,6,SAT_unsat_identifiable,1,boolean_factorization,exclude_x,exclude_x,0,177,486,0,1,1,0,1,0,0,1,1,1,0,0,0.0008315099403262138
4,25,5,100,2160556753,94,conj,glucose42,MT19937-RandomState,3.473181277513504e-05,10010100101111011010100100101110000100010100111111000001111000100010010101010000101001001100011101100110110111110000010000101,6327bb7a07da81afb4fdb6c1a13a5b8c96e43c9c90f8cadf9fb3cd017c3f27e4,bernoulli,bernoulli|conj|p=0.5|zero=allow_iid|rng=MT19937-RandomState,0.5,allow_iid,0.00023176893591880798,4.5571476221084595e-05,0.00014047976583242416,0.00010716821998357773,0.0009010434150695801,0.0014320099726319313,0.0005249883979558945,9,27,1,6,SAT_unsat_identifiable,1,boolean_factorization,exclude_x,exclude_x,0,186,536,0,1,1,0,1,0,0,1,1,1,0,0,0.0008574975654482841
4,25,5,100,2160556753,95,conj,glucose42,MT19937-RandomState,3.421679139137268e-05,01000111001010010011000111010101010011111001110100110000010100001110101000100010001001000001000101111001010100110001111011011,55c016f59419e709a53b53bd89aff190b922336acd7195e520db4a83371207ce,bernoulli,bernoulli|conj|p=0.5|zero=allow_iid|rng=MT19937-RandomState,0.5,allow_iid,0.00021866708993911743,3.8992613554000854e-05,0.0,0.0,0.0,0.00026188790798187256,0.0002576597034931183,5,32,1,4,identity_submatrix_identifiable,0,,,exclude_x,0,0,0,1,0,1,0,0,0,0,1,1,1,1,0,0.0007700677961111069
4,25,5,100,2160556753,96,conj,glucose42,MT19937-RandomState,3.0955299735069275e-05,11010000101000110011100111110111100100110010010111001011111011111110011111000001111000000011001000000100110101101001100111011,6dfc72389b3cd8c9323d2ea0fdc558f081da315ea7020684ebe112f559386a93,bernoulli,bernoulli|conj|p=0.5|zero=allow_iid|rng=MT19937-RandomState,0.5,allow_iid,0.00021660886704921722,4.2377039790153503e-05,0.0001379968598484993,0.00011359434574842453,0.0007986491546034813,0.0013149930164217949,0.0005105771124362946,8,25,1,6,SAT_unsat_identifiable,1,boolean_factorization,exclude_x,exclude_x,0,172,480,0,1,1,0,1,0,0,1,1,1,0,0,0.0008674878627061844
4,25,5,100,2160556753,97,conj,glucose42,MT19937-RandomState,3.226287662982941e-05,00000010000010010001100101001010101111101001010010011100101101000111011011100100010011000111100100110000101111001011000010100,d8fff295b92f2ea9e0078b27ab88439543f5eaddbebe3ac8f3adda637f428462,bernoulli,bernoulli|conj|p=0.5|zero=allow_iid|rng=MT19937-RandomState,0.5,allow_iid,0.0002106139436364174,4.13060188293457e-05,0.00012733228504657745,0.00011011958122253418,0.0007049720734357834,0.0012000128626823425,0.0004893718287348747,7,27,1,6,SAT_unsat_identifiable,1,boolean_factorization,exclude_x,exclude_x,0,148,412,0,1,1,0,1,0,0,1,1,1,0,0,0.0008119512349367142
4,25,5,100,2160556753,98,conj,glucose42,MT19937-RandomState,3.3624470233917236e-05,10001011000110011001110011011110010101111000000001110111110001001100011100010011101110010100111010010111000111101110000000110,61c3eeb6e7f663baab1e7ab1d4b3ad8fa9fa2ac214d65de6ce43fd2c6da9b0c9,bernoulli,bernoulli|conj|p=0.5|zero=allow_iid|rng=MT19937-RandomState,0.5,allow_iid,0.00020656362175941467,4.579126834869385e-05,0.00014215800911188126,0.00012356415390968323,0.0007639257237315178,0.00128868967294693,0.000518077053129673,8,25,1,6,SAT_unsat_identifiable,1,boolean_factorization,exclude_x,exclude_x,0,167,474,0,1,1,0,1,0,0,1,1,1,0,0,0.0008613066747784615
4,25,5,100,2160556753,99,conj,glucose42,MT19937-RandomState,3.640446811914444e-05,11001010000100110111010001000111001001100100101111000011110111111110010110101011011000010011101101000111101101011101101001100,cd9569344af32a8f0e2d4c6364ca72c7f853cc1044b421a18e3417edca39000d,bernoulli,bernoulli|conj|p=0.5|zero=allow_iid|rng=MT19937-RandomState,0.5,allow_iid,0.00024063419550657272,4.447717219591141e-05,0.00013866182416677475,0.00011455640196800232,0.0007865941151976585,0.0013322541490197182,0.0005383295938372612,8,25,1,6,SAT_unsat_identifiable,1,boolean_factorization,exclude_x,exclude_x,0,172,480,0,1,1,0,0,0,0,1,1,1,0,0,0.000866299495100975
