[0 0 0 1 0 0 1 0 0 1 0 0 1 0 0 0 0 0 1 1 0 1 0 1 0 1 1 0 0 1 1 1],1,0.031940460205078125
[0 0 0 1 0 0 1 0 0 1 0 0 0 0 1 1 0 1 0 1 0 1 1 0 1 0 0 1 0 1 1 1],0,0.04809117317199707
[0 0 0 1 0 0 1 0 0 1 0 0 0 0 1 1 0 1 0 1 0 1 1 0 0 1 1 1 1 0 1 1],0,0.05589723587036133
[0 0 0 1 0 0 1 0 0 1 0 0 0 0 1 1 0 1 0 1 0 1 1 0 0 1 1 1 1 1 1 1],0,0.09783554077148438
[0 0 0 1 0 0 1 0 0 1 0 0 1 0 0 0 0 0 1 1 0 1 0 1 0 1 1 0 1 0 0 1],1,0.023999929428100586
[0 0 0 1 0 0 1 0 0 1 0 0 1 0 0 0 0 0 1 1 0 1 0 1 0 1 1 0 1 0 1 1],0,0.024976491928100586
[0 0 0 1 0 0 1 0 0 1 0 0 1 0 0 0 0 0 1 1 0 1 0 1 0 1 1 0 1 1 1 1],0,0.024724721908569336
[0 0 0 1 0 0 1 0 0 1 0 0 0 0 1 1 0 1 0 1 0 1 1 0 1 0 0 1 1 0 1 0],0,0.03969073295593262
[0 0 0 1 0 0 1 0 0 1 0 0 0 0 1 1 0 1 0 1 0 1 1 0 1 0 0 1 1 0 1 1],0,0.035112857818603516
[0 0 0 1 0 0 1 0 0 1 0 0 0 0 1 1 0 1 0 1 0 1 1 0 1 0 0 1 1 1 1 0],0,0.039559364318847656
[0 0 0 1 0 0 1 0 0 1 0 0 0 0 1 1 0 1 0 1 0 1 1 0 1 0 0 1 1 1 1 1],0,0.0497586727142334
[0 0 0 1 0 0 1 0 0 1 0 0 0 0 1 1 0 1 0 1 0 1 1 0 1 0 1 0 1 1 0 1],0,0.044523000717163086
[0 0 0 1 0 0 1 0 0 1 0 0 0 0 1 1 0 1 0 1 0 1 1 0 1 1 0 0 1 0 1 1],0,0.0380704402923584
[0 0 0 1 0 0 1 0 0 1 0 0 0 0 1 1 0 1 0 1 0 1 1 0 1 0 1 1 1 1 0 1],0,0.051313161849975586
[0 0 0 1 0 0 1 0 0 1 0 0 0 0 1 1 0 1 0 1 0 1 1 0 1 0 1 1 1 1 1 1],0,0.058992624282836914
[0 0 0 1 0 0 1 0 0 1 0 0 1 0 0 0 0 0 1 1 0 1 0 1 1 0 0 1 0 1 1 1],0,0.025610923767089844
[0 0 0 1 0 0 1 0 0 1 0 0 1 0 0 0 0 0 1 1 0 1 0 1 1 0 1 0 0 1 1 1],0,0.0245974063873291
[0 0 0 1 0 0 1 0 0 1 0 0 1 0 0 0 0 0 1 1 0 1 0 1 0 1 1 1 1 0 1 1],0,0.025107860565185547
[0 0 0 1 0 0 1 0 0 1 0 0 1 0 0 0 0 0 1 1 0 1 0 1 0 1 1 1 1 1 1 0],0,0.024993419647216797
[0 0 0 1 0 0 1 0 0 1 0 0 1 0 0 0 0 0 1 1 0 1 0 1 0 1 1 1 1 1 1 1],0,0.025560855865478516
[0 0 0 1 0 0 1 0 0 1 0 0 0 0 1 1 0 1 0 1 1 0 0 1 1 0 1 0 0 1 1 1],0,0.0619354248046875
[0 0 0 1 0 0 1 0 0 1 0 0 0 0 1 1 0 1 0 1 1 0 0 1 0 1 1 1 1 0 1 1],0,0.0520322322845459
[0 0 0 1 0 0 1 0 0 1 0 0 0 0 1 1 0 1 0 1 1 0 0 1 0 1 1 1 1 1 1 0],0,0.053484439849853516
[0 0 0 1 0 0 1 0 0 1 0 0 0 0 1 1 0 1 0 1 1 0 0 1 0 1 1 1 1 1 1 1],0,0.08877825736999512
[0 0 0 1 0 0 1 0 0 1 0 0 0 0 1 1 0 1 0 1 1 0 1 0 0 1 1 1 1 0 1 1],0,0.0730428695678711
[0 0 0 1 0 0 1 0 0 1 0 0 0 0 1 1 0 1 0 1 1 0 1 0 1 1 0 0 0 1 1 1],0,0.05002093315124512
[0 0 0 1 0 0 1 0 0 1 0 0 0 0 1 1 0 1 0 1 1 0 1 0 0 1 1 1 1 1 0 1],0,0.07252120971679688
[0 0 0 1 0 0 1 0 0 1 0 0 0 0 1 1 0 1 1 0 1 0 0 1 0 1 1 1 1 1 0 1],0,0.05203557014465332
[0 0 0 1 0 0 1 0 0 1 0 0 0 0 1 1 0 1 0 1 1 0 1 0 0 1 1 1 1 1 1 1],0,0.14350438117980957
[0 0 0 1 0 0 1 0 0 1 0 0 0 0 1 1 0 1 0 1 1 1 0 0 0 1 1 1 1 0 1 1],0,0.06181073188781738
[0 0 0 1 0 0 1 0 0 1 0 0 0 0 1 1 0 1 0 1 0 1 1 1 1 0 1 1 1 1 0 1],0,0.09869956970214844
[0 0 0 1 0 0 1 0 0 1 0 0 0 0 1 1 0 1 0 1 0 1 1 1 1 0 1 1 1 1 1 0],0,0.054180145263671875
[0 0 0 1 0 0 1 0 0 1 0 0 0 0 1 1 0 1 0 1 0 1 1 1 1 0 1 1 1 1 1 1],0,0.09590673446655273
[0 0 0 1 0 0 1 0 0 1 0 0 0 0 1 1 0 1 0 1 0 1 1 1 1 1 1 0 1 1 1 1],0,0.09626603126525879
[0 0 0 1 0 0 1 0 0 1 0 0 1 0 0 0 0 0 1 1 0 1 0 1 1 0 0 1 1 1 1 0],0,0.024553298950195312
[0 0 0 1 0 0 1 0 0 1 0 0 1 0 0 0 0 0 1 1 0 1 0 1 1 0 0 1 1 1 1 1],0,0.024966001510620117
[0 0 0 1 0 0 1 0 0 1 0 0 1 0 0 0 0 0 1 1 0 1 1 0 1 0 0 1 0 1 1 1],0,0.02482128143310547
[0 0 0 1 0 0 1 0 0 1 0 0 1 0 0 0 0 0 1 1 0 1 0 1 1 0 1 0 1 1 0 0],1,0.023557662963867188
[0 0 0 1 0 0 1 0 0 1 0 0 1 0 0 0 0 0 1 1 0 1 0 1 1 0 1 0 1 1 0 1],0,0.02436089515686035
[0 0 0 1 0 0 1 0 0 1 0 0 1 0 0 0 0 0 1 1 0 1 1 0 1 0 0 1 1 1 0 1],0,0.024181365966796875
[0 0 0 1 0 0 1 0 0 1 0 0 1 0 0 0 0 0 1 1 0 1 0 1 1 0 1 0 1 1 1 1],0,0.024917125701904297
[0 0 0 1 0 0 1 0 0 1 0 0 1 0 0 0 0 0 1 1 0 1 0 1 1 1 0 0 1 0 1 1],0,0.024097919464111328
[0 0 0 1 0 0 1 0 0 1 0 0 1 0 0 0 0 0 1 1 0 1 0 1 1 0 1 1 1 1 0 1],0,0.0246579647064209
[0 0 0 1 0 0 1 0 0 1 0 0 1 0 0 0 0 0 1 1 0 1 0 1 1 0 1 1 1 1 1 0],0,0.024747371673583984
[0 0 0 1 0 0 1 0 0 1 0 0 1 0 0 0 0 0 1 1 0 1 0 1 1 0 1 1 1 1 1 1],0,0.026249170303344727
[0 0 0 1 0 0 1 0 0 1 0 0 1 0 0 0 0 0 1 1 0 1 0 1 1 1 1 0 1 1 1 1],0,0.026590585708618164
[0 0 0 1 0 0 1 0 0 1 0 0 0 0 1 1 1 0 0 1 1 0 1 0 0 1 0 1 1 0 1 1],0,0.04410839080810547
[0 0 0 1 0 0 1 0 0 1 0 0 0 0 1 1 0 1 0 1 1 0 0 1 1 0 1 0 1 1 0 0],1,0.03480029106140137
[0 0 0 1 0 0 1 0 0 1 0 0 0 0 1 1 0 1 0 1 1 0 0 1 1 0 1 0 1 1 0 1],0,0.04349160194396973
[0 0 0 1 0 0 1 0 0 1 0 0 0 0 1 1 0 1 0 1 1 0 0 1 1 0 1 0 1 1 1 0],0,0.042961835861206055
[0 0 0 1 0 0 1 0 0 1 0 0 0 0 1 1 0 1 0 1 1 0 0 1 1 0 1 0 1 1 1 1],0,0.06568264961242676
[0 0 0 1 0 0 1 0 0 1 0 0 0 0 1 1 0 1 0 1 1 0 0 1 1 1 0 0 1 0 1 1],0,0.03392648696899414
[0 0 0 1 0 0 1 0 0 1 0 0 0 0 1 1 0 1 0 1 1 0 0 1 1 0 1 1 1 1 0 1],0,0.03911948204040527
[0 0 0 1 0 0 1 0 0 1 0 0 0 0 1 1 0 1 0 1 1 0 0 1 1 0 1 1 1 1 1 0],0,0.0401914119720459
[0 0 0 1 0 0 1 0 0 1 0 0 0 0 1 1 0 1 0 1 1 0 0 1 1 0 1 1 1 1 1 1],0,0.057444095611572266
[0 0 0 1 0 0 1 0 0 1 0 0 0 0 1 1 0 1 0 1 1 0 0 1 1 1 1 0 1 1 1 1],0,0.05657362937927246
[0 0 0 1 0 0 1 0 0 1 0 0 0 0 1 1 0 1 0 1 1 0 1 0 1 1 0 0 1 0 1 1],0,0.03749561309814453
[0 0 0 1 0 0 1 0 0 1 0 0 0 0 1 1 0 1 0 1 1 0 1 0 1 0 1 1 1 1 0 1],0,0.04813671112060547
[0 0 0 1 0 0 1 0 0 1 0 0 0 0 1 1 0 1 1 0 1 0 0 1 1 0 1 1 1 1 0 1],0,0.038667917251586914
[0 0 0 1 0 0 1 0 0 1 0 0 0 0 1 1 0 1 0 1 1 0 1 0 1 0 1 1 1 1 1 1],0,0.07928943634033203
[0 0 0 1 0 0 1 0 0 1 0 0 0 1 0 1 0 1 1 0 1 0 0 1 1 0 1 0 1 0 1 1],0,0.033631324768066406
[0 0 0 1 0 0 1 0 0 1 0 0 0 0 1 1 0 1 0 1 1 0 1 0 1 1 0 0 1 1 1 1],0,0.052651166915893555
[0 0 0 1 0 0 1 0 0 1 0 0 0 0 1 1 0 1 0 1 1 0 1 0 1 1 0 1 1 1 1 0],0,0.04861617088317871
[0 0 0 1 0 0 1 0 0 1 0 0 0 0 1 1 0 1 0 1 1 0 1 0 1 1 0 1 1 1 1 1],0,0.08011937141418457
[0 0 0 1 0 0 1 0 0 1 0 0 0 0 1 1 0 1 1 0 1 0 0 1 1 1 0 1 1 1 1 1],0,0.057562828063964844
[0 0 0 1 0 0 1 0 0 1 0 0 0 0 1 1 0 1 0 1 1 1 0 0 1 0 1 1 1 1 1 0],0,0.042029619216918945
[0 0 0 1 0 0 1 0 0 1 0 0 0 0 1 1 0 1 0 1 1 1 0 0 1 0 1 1 1 1 1 1],0,0.06723427772521973
[0 0 0 1 0 0 1 0 0 1 0 0 0 0 1 1 0 1 0 1 1 0 1 1 1 1 0 1 1 1 1 0],0,0.058240413665771484
[0 0 0 1 0 0 1 0 0 1 0 0 0 0 1 1 0 1 0 1 1 0 1 1 1 1 0 1 1 1 1 1],0,0.10622310638427734
[0 0 0 1 0 0 1 0 0 1 0 0 0 0 1 1 0 1 0 1 1 0 1 1 1 1 1 0 1 1 1 1],0,0.061591386795043945
[0 0 0 1 0 0 1 0 0 1 0 0 1 0 0 0 0 0 1 1 0 1 1 0 0 1 1 1 1 1 0 1],0,0.027062416076660156
[0 0 0 1 0 0 1 0 0 1 0 0 0 0 1 1 0 1 1 0 1 0 0 1 0 1 1 1 1 0 1 1],0,0.05202913284301758
[0 0 0 1 0 0 1 0 0 1 0 0 0 0 1 1 0 1 1 0 1 0 0 1 1 1 0 0 0 1 1 1],0,0.04224443435668945
[0 0 0 1 0 0 1 0 0 1 0 0 0 0 1 1 0 1 1 0 1 0 0 1 0 1 1 1 1 1 1 1],0,0.08980202674865723
[0 0 0 1 0 0 1 0 0 1 0 0 0 0 1 1 0 1 1 0 0 1 1 1 1 0 1 1 1 1 0 1],0,0.05514168739318848
[0 0 0 1 0 0 1 0 0 1 0 0 0 1 0 1 0 1 1 0 1 0 0 1 0 1 1 1 1 0 1 1],0,0.05578041076660156
[0 0 0 1 0 0 1 0 0 1 0 0 0 0 1 1 0 1 1 0 0 1 1 1 1 1 0 1 1 1 1 1],0,0.09652829170227051
[0 0 0 1 0 0 1 0 0 1 0 0 1 0 0 0 0 0 1 1 0 1 1 0 1 0 0 1 1 1 0 0],1,0.02488541603088379
[0 0 0 1 0 0 1 0 0 1 0 0 1 0 0 0 0 0 1 1 0 1 1 0 1 0 0 1 1 1 1 1],0,0.026111125946044922
[0 0 0 1 0 0 1 0 0 1 0 0 1 0 0 0 0 0 1 1 0 1 1 0 1 0 1 1 1 1 0 1],0,0.0262300968170166
[0 0 0 1 0 0 1 0 0 1 0 0 1 0 0 0 0 1 0 1 0 1 1 0 1 0 0 1 1 0 1 1],0,0.025675296783447266
[0 0 0 1 0 0 1 0 0 1 0 0 1 0 0 0 0 0 1 1 0 1 1 0 1 1 0 1 1 1 1 1],0,0.027312755584716797
[0 0 0 1 0 0 1 0 0 1 0 0 0 0 1 1 0 1 1 0 1 0 0 1 1 0 1 0 1 1 0 1],0,0.043175458908081055
[0 0 0 1 0 0 1 0 0 1 0 0 0 0 1 1 0 1 1 0 1 0 0 1 1 1 0 0 1 0 1 1],0,0.033719778060913086
[0 0 0 1 0 0 1 0 0 1 0 0 0 0 1 1 0 1 1 0 1 0 0 1 1 0 1 1 1 1 1 1],0,0.057329654693603516
[0 0 0 1 0 0 1 0 0 1 0 0 0 0 1 1 0 1 1 0 1 0 0 1 1 1 0 0 1 1 1 1],0,0.04455685615539551
[0 0 0 1 0 0 1 0 0 1 0 0 0 0 1 1 0 1 1 0 1 0 0 1 1 1 0 1 1 1 1 0],0,0.03856992721557617
[0 0 0 1 0 0 1 0 0 1 0 0 0 0 1 1 0 1 1 0 1 1 0 0 1 0 1 1 1 1 0 1],0,0.0446164608001709
[0 0 0 1 0 0 1 0 0 1 0 0 0 0 1 1 0 1 1 0 1 0 1 1 1 1 0 1 1 1 1 1],0,0.06149935722351074
[0 0 0 1 0 0 1 0 0 1 0 0 0 1 0 1 0 1 1 0 1 0 0 1 1 0 1 1 1 1 1 1],0,0.061311960220336914
[0 0 0 1 0 0 1 0 0 1 0 0 1 0 0 0 0 0 1 1 1 0 0 1 1 1 0 0 0 1 1 1],0,0.026154041290283203
[0 0 0 1 0 0 1 0 0 1 0 0 1 0 0 0 0 0 1 1 1 0 0 1 0 1 1 1 1 1 0 1],0,0.02603435516357422
[0 0 0 1 0 0 1 0 0 1 0 0 1 0 0 0 0 0 1 1 1 0 0 1 0 1 1 1 1 1 1 0],0,0.026534318923950195
[0 0 0 1 0 0 1 0 0 1 0 0 1 0 0 0 0 0 1 1 1 0 0 1 0 1 1 1 1 1 1 1],0,0.026465415954589844
[0 0 0 1 0 0 1 0 0 1 0 0 1 0 0 0 0 0 1 1 1 0 1 0 0 1 1 1 1 1 0 1],0,0.026073694229125977
[0 0 0 1 0 0 1 0 0 1 0 0 1 0 0 0 0 0 1 1 1 1 0 0 0 1 1 1 1 0 1 1],0,0.026220083236694336
[0 0 0 1 0 0 1 0 0 1 0 0 1 0 0 0 0 0 1 1 0 1 1 1 1 0 1 1 1 1 0 1],0,0.02825164794921875
[0 0 0 1 0 0 1 0 0 1 0 0 1 0 0 0 0 0 1 1 0 1 1 1 1 0 1 1 1 1 1 1],0,0.027312517166137695
[0 0 0 1 0 0 1 0 0 1 0 0 1 0 0 0 0 1 0 1 1 0 1 0 0 1 1 1 1 0 1 1],0,0.026460647583007812
[0 0 0 1 0 0 1 0 0 1 0 0 1 0 0 0 0 0 1 1 1 1 0 0 0 1 1 1 1 1 1 1],0,0.026664257049560547
[0 0 0 1 0 0 1 0 0 1 0 0 1 0 0 0 0 0 1 1 0 1 1 1 1 1 0 1 1 1 1 0],0,0.02675461769104004
[0 0 0 1 0 0 1 0 0 1 0 0 1 0 0 0 0 0 1 1 0 1 1 1 1 1 0 1 1 1 1 1],0,0.027092695236206055
[0 0 0 1 0 0 1 0 0 1 0 0 0 0 1 1 1 0 0 1 1 0 1 0 1 0 1 1 0 1 1 1],0,0.08046865463256836
[0 0 0 1 0 0 1 0 0 1 0 0 0 0 1 1 1 0 0 1 1 0 1 0 1 1 0 0 0 1 1 1],0,0.04820442199707031
[0 0 0 1 0 0 1 0 0 1 0 0 0 0 1 1 1 0 0 1 1 0 1 0 0 1 1 1 1 1 0 1],0,0.0751485824584961
[0 0 0 1 0 0 1 0 0 1 0 0 0 0 1 1 1 0 0 1 1 0 1 0 0 1 1 1 1 1 1 1],0,0.143568754196167
[0 0 0 1 0 0 1 0 0 1 0 0 0 0 1 1 1 0 0 1 1 1 0 0 0 1 1 1 1 0 1 1],0,0.04333925247192383
[0 0 0 1 0 0 1 0 0 1 0 0 0 0 1 1 1 0 0 1 0 1 1 1 1 0 1 1 1 1 0 1],0,0.057982683181762695
[0 0 0 1 0 0 1 0 0 1 0 0 0 0 1 1 1 0 0 1 0 1 1 1 1 0 1 1 1 1 1 0],0,0.05807375907897949
[0 0 0 1 0 0 1 0 0 1 0 0 0 0 1 1 1 0 0 1 0 1 1 1 1 0 1 1 1 1 1 1],0,0.10202717781066895
[0 0 0 1 0 0 1 0 0 1 0 0 0 1 0 1 1 0 0 1 1 0 1 0 0 1 1 1 1 0 1 1],0,0.04395866394042969
[0 0 0 1 0 0 1 0 0 1 0 0 0 0 1 1 1 0 0 1 1 1 0 0 0 1 1 1 1 1 1 0],0,0.04420113563537598
[0 0 0 1 0 0 1 0 0 1 0 0 0 0 1 1 1 0 0 1 1 1 0 0 0 1 1 1 1 1 1 1],0,0.06788039207458496
[0 0 0 1 0 0 1 0 0 1 0 0 0 0 1 1 1 0 0 1 0 1 1 1 1 1 0 1 1 1 1 0],0,0.056830644607543945
[0 0 0 1 0 0 1 0 0 1 0 0 0 0 1 1 1 0 0 1 0 1 1 1 1 1 0 1 1 1 1 1],0,0.10530591011047363
[0 0 0 1 0 0 1 0 0 1 0 0 0 0 1 1 1 0 0 1 0 1 1 1 1 1 1 0 1 1 1 1],0,0.10221195220947266
[0 0 0 1 0 0 1 0 0 1 0 0 0 0 1 1 1 0 1 0 0 1 1 1 1 0 1 1 1 1 0 1],0,0.07674622535705566
[0 0 0 1 0 0 1 0 0 1 0 0 0 0 1 1 1 0 1 0 1 1 0 0 0 1 1 1 1 1 0 1],0,0.05028200149536133
[0 0 0 1 0 0 1 0 0 1 0 0 0 0 1 1 1 0 1 0 0 1 1 1 1 1 0 1 1 1 1 1],0,0.1457350254058838
[0 0 0 1 0 0 1 0 0 1 0 0 0 0 1 1 1 1 0 0 0 1 1 1 1 0 1 1 1 1 0 1],0,0.06212258338928223
[0 0 0 1 0 0 1 0 0 1 0 0 0 0 1 1 1 1 0 0 0 1 1 1 1 0 1 1 1 1 1 1],0,0.11204791069030762
[0 0 0 1 0 0 1 0 0 1 0 0 0 0 1 1 0 1 1 1 1 0 1 1 1 1 0 1 1 1 1 0],0,0.03397536277770996
[0 0 0 1 0 0 1 0 0 1 0 0 0 0 1 1 0 1 1 1 1 0 1 1 1 1 0 1 1 1 1 1],0,0.04557943344116211
[0 0 0 1 0 0 1 0 0 1 0 0 0 1 1 0 1 0 0 1 0 1 1 1 1 0 1 1 1 1 0 1],0,0.05808424949645996
[0 0 0 1 0 0 1 0 0 1 0 0 0 1 0 1 1 0 1 0 0 1 1 1 1 0 1 1 1 1 1 1],0,0.11339330673217773
[0 0 0 1 0 0 1 0 0 1 0 0 0 0 1 1 0 1 1 1 1 1 0 1 1 1 1 0 1 1 1 1],0,0.050676584243774414
[0 0 0 1 0 0 1 0 0 1 0 0 1 0 0 0 0 1 1 0 1 0 0 1 0 1 1 1 1 1 1 1],0,0.02644062042236328
[0 0 0 1 0 0 1 0 0 1 0 0 1 0 0 0 0 0 1 1 1 1 0 1 1 1 1 0 1 1 1 1],0,0.02760148048400879
[0 0 0 1 0 0 1 0 0 1 0 0 0 0 1 1 1 0 0 1 1 0 1 0 1 1 0 0 1 0 1 1],1,0.03486919403076172
[0 0 0 1 0 0 1 0 0 1 0 0 0 0 1 1 1 0 0 1 1 0 1 0 1 0 1 1 1 1 0 1],0,0.05041170120239258
[0 0 0 1 0 0 1 0 0 1 0 0 0 0 1 1 1 0 0 1 1 0 1 0 1 0 1 1 1 1 1 1],0,0.08547306060791016
[0 0 0 1 0 0 1 0 0 1 0 0 1 0 0 1 0 0 1 1 1 0 1 0 1 1 0 0 1 1 0 1],0,0.03328371047973633
[0 0 0 1 0 0 1 0 0 1 0 0 0 0 1 1 1 0 0 1 1 0 1 0 1 1 0 0 1 1 1 1],0,0.05009055137634277
[0 0 0 1 0 0 1 0 0 1 0 0 0 0 1 1 1 0 0 1 1 0 1 0 1 1 0 1 1 1 1 0],0,0.04925274848937988
[0 0 0 1 0 0 1 0 0 1 0 0 0 0 1 1 1 0 0 1 1 0 1 0 1 1 0 1 1 1 1 1],0,0.08106136322021484
[0 0 0 1 0 0 1 0 0 1 0 0 1 0 0 1 0 0 1 1 1 1 0 0 1 0 1 1 1 1 0 1],0,0.03825211524963379
[0 0 0 1 0 0 1 0 0 1 0 0 0 0 1 1 1 0 0 1 1 1 0 0 1 0 1 1 1 1 1 0],0,0.0334162712097168
[0 0 0 1 0 0 1 0 0 1 0 0 0 0 1 1 1 0 0 1 1 1 0 0 1 0 1 1 1 1 1 1],0,0.0451204776763916
[0 0 0 1 0 0 1 0 0 1 0 0 0 0 1 1 1 0 0 1 1 0 1 1 1 1 0 1 1 1 1 0],0,0.0448145866394043
[0 0 0 1 0 0 1 0 0 1 0 0 0 0 1 1 1 0 0 1 1 0 1 1 1 1 0 1 1 1 1 1],0,0.07481098175048828
[0 0 0 1 0 0 1 0 0 1 0 0 0 0 1 1 1 0 0 1 1 0 1 1 1 1 1 0 1 1 1 1],0,0.07184839248657227
[0 0 0 1 0 0 1 0 0 1 0 0 1 0 0 1 1 0 1 0 0 1 0 1 1 0 1 1 1 1 1 0],0,0.03829693794250488
[0 0 0 1 0 0 1 0 0 1 0 0 1 0 0 1 1 0 1 0 0 1 0 1 1 0 1 1 1 1 1 1],0,0.05799221992492676
[0 0 0 1 0 0 1 0 0 1 0 0 0 0 1 1 1 0 0 1 1 1 0 0 1 1 1 0 1 1 1 1],0,0.047139883041381836
[0 0 0 1 0 0 1 0 0 1 0 0 0 0 1 1 1 0 0 1 1 1 0 1 1 1 1 0 1 1 1 1],0,0.06462597846984863
[0 0 0 1 0 0 1 0 0 1 0 0 0 0 1 1 1 0 1 0 1 1 0 0 1 0 1 1 1 1 0 1],0,0.03689002990722656
[0 0 0 1 0 0 1 0 0 1 0 0 0 0 1 1 1 0 1 0 1 0 1 1 1 1 0 1 1 1 1 1],0,0.09189367294311523
[0 0 0 1 0 0 1 0 0 1 0 0 0 0 1 1 1 0 1 0 1 1 0 0 1 1 0 1 1 1 1 1],0,0.05402946472167969
[0 0 0 1 0 0 1 0 0 1 0 0 0 0 1 1 1 1 0 0 1 0 1 1 1 1 0 1 1 1 1 0],0,0.04334545135498047
[0 0 0 1 0 0 1 0 0 1 0 0 0 0 1 1 1 1 0 0 1 0 1 1 1 1 0 1 1 1 1 1],0,0.07040715217590332
[0 0 0 1 0 0 1 0 0 1 0 0 0 0 1 1 1 0 1 1 1 1 0 1 1 1 1 0 1 1 1 1],0,0.0502927303314209
[0 0 0 1 0 0 1 0 0 1 0 0 0 1 1 0 1 0 0 1 1 0 1 1 1 1 0 1 1 1 1 1],0,0.06266307830810547
[0 0 0 1 0 0 1 0 0 0 1 1 0 1 0 1 0 1 1 0 1 0 0 1 1 0 1 0 0 1 1 1],0,0.950941801071167
[0 0 0 1 0 0 1 0 0 0 1 1 0 1 0 1 0 1 1 0 1 0 0 1 0 1 1 1 1 0 1 1],0,2.337489604949951
[0 0 0 1 0 0 1 0 0 0 1 1 0 1 0 1 0 1 1 0 1 0 0 1 1 1 0 0 0 1 1 1],0,0.9574520587921143
[0 0 0 1 0 0 1 0 0 0 1 1 0 1 0 1 0 1 1 0 1 0 0 1 0 1 1 1 1 1 0 1],0,1.7250304222106934
[0 0 0 1 0 0 1 0 0 0 1 1 0 1 0 1 0 1 1 0 1 0 0 1 0 1 1 1 1 1 1 0],0,1.143977165222168
[0 0 0 1 0 0 1 0 0 0 1 1 0 1 0 1 0 1 1 0 1 0 0 1 0 1 1 1 1 1 1 1],0,2.5361106395721436
[0 0 0 1 0 0 1 0 0 0 1 1 0 1 0 1 0 1 1 0 1 0 1 0 0 1 1 1 1 1 0 1],0,1.147916316986084
[0 0 0 1 0 0 1 0 0 0 1 1 0 1 0 1 0 1 1 0 1 1 0 0 0 1 1 1 1 0 1 1],0,2.2969303131103516
[0 0 0 1 0 0 1 0 0 0 1 1 0 1 0 1 0 1 1 0 0 1 1 1 1 0 1 1 1 1 0 1],0,2.927436590194702
[0 0 0 1 0 0 1 0 0 0 1 1 0 1 0 1 0 1 1 0 0 1 1 1 1 0 1 1 1 1 1 1],0,2.4357447624206543
[0 0 0 1 0 0 1 0 0 1 0 1 0 0 1 1 0 1 1 0 1 1 0 0 0 1 1 1 1 1 0 1],0,1.793412208557129
[0 0 0 1 0 0 1 0 0 0 1 1 0 1 0 1 0 1 1 0 1 1 0 0 0 1 1 1 1 1 1 1],0,2.498183250427246
[0 0 0 1 0 0 1 0 0 0 1 1 0 1 0 1 0 1 1 0 0 1 1 1 1 1 0 1 1 1 1 0],0,1.3852341175079346
[0 0 0 1 0 0 1 0 0 0 1 1 0 1 0 1 0 1 1 0 0 1 1 1 1 1 0 1 1 1 1 1],0,3.081450939178467
[0 0 0 1 0 0 1 0 0 0 1 1 0 1 0 1 0 1 1 0 1 0 0 1 1 0 1 0 1 1 0 0],0,1.1629562377929688
[0 0 0 1 0 0 1 0 0 0 1 1 0 1 0 1 0 1 1 0 1 0 0 1 1 0 1 0 1 1 0 1],0,2.10540509223938
[0 0 0 1 0 0 1 0 0 0 1 1 0 1 0 1 0 1 1 0 1 0 0 1 1 0 1 0 1 1 1 1],0,1.0277276039123535
[0 0 0 1 0 0 1 0 0 0 1 1 0 1 0 1 0 1 1 0 1 0 0 1 1 1 0 0 1 0 1 1],0,0.9679272174835205
[0 0 0 1 0 0 1 0 0 0 1 1 0 1 0 1 0 1 1 0 1 0 0 1 1 0 1 1 1 1 0 1],0,1.7296760082244873
[0 0 0 1 0 0 1 0 0 0 1 1 0 1 0 1 0 1 1 0 1 0 0 1 1 0 1 1 1 1 1 0],0,1.147758960723877
[0 0 0 1 0 0 1 0 0 0 1 1 0 1 0 1 0 1 1 0 1 0 0 1 1 0 1 1 1 1 1 1],0,2.548557996749878
[0 0 0 1 0 0 1 0 0 1 0 1 0 0 1 1 0 1 1 0 1 0 0 1 1 1 0 0 1 1 0 1],0,0.7320420742034912
[0 0 0 1 0 0 1 0 0 0 1 1 0 1 0 1 0 1 1 0 1 0 0 1 1 1 0 0 1 1 1 0],0,1.357440710067749
[0 0 0 1 0 0 1 0 0 0 1 1 0 1 0 1 0 1 1 0 1 0 0 1 1 1 0 0 1 1 1 1],0,1.0413832664489746
[0 0 0 1 0 0 1 0 0 0 1 1 0 1 0 1 0 1 1 0 1 0 0 1 1 1 0 1 1 1 1 0],0,2.52187180519104
[0 0 0 1 0 0 1 0 0 0 1 1 0 1 0 1 0 1 1 0 1 0 0 1 1 1 0 1 1 1 1 1],0,1.8451077938079834
[0 0 0 1 0 0 1 0 0 0 1 1 0 1 0 1 0 1 1 0 1 0 0 1 1 1 1 0 1 1 1 1],0,1.2187020778656006
[0 0 0 1 0 0 1 0 0 0 1 1 0 1 0 1 0 1 1 0 1 0 1 0 1 0 1 1 1 1 0 1],0,1.1419367790222168
[0 0 0 1 0 0 1 0 0 0 1 1 0 1 0 1 0 1 1 0 1 0 1 0 1 1 0 0 1 1 0 1],0,1.374110221862793
[0 0 0 1 0 0 1 0 0 0 1 1 0 1 0 1 0 1 1 0 1 0 1 0 1 1 0 1 1 1 1 1],0,1.2236974239349365
[0 0 0 1 0 0 1 0 0 0 1 1 0 1 0 1 0 1 1 0 1 1 0 0 1 0 1 1 1 1 0 1],0,1.1357505321502686
[0 0 0 1 0 0 1 0 0 0 1 1 0 1 0 1 0 1 1 0 1 1 0 0 1 0 1 1 1 1 1 1],0,2.479731798171997
[0 0 0 1 0 0 1 0 0 0 1 1 0 1 0 1 0 1 1 0 1 0 1 1 1 1 0 1 1 1 1 0],0,1.3904917240142822
[0 0 0 1 0 0 1 0 0 0 1 1 0 1 0 1 0 1 1 0 1 0 1 1 1 1 0 1 1 1 1 1],0,3.0852251052856445
[0 0 0 1 0 0 1 0 0 1 0 1 0 1 1 0 0 0 1 1 1 1 0 0 1 1 0 1 1 1 1 0],0,0.9486513137817383
[0 0 0 1 0 0 1 0 0 1 0 1 0 0 1 1 0 1 1 0 1 1 0 0 1 1 0 1 1 1 1 1],0,1.9644761085510254
[0 0 0 1 0 0 1 0 0 0 1 1 0 1 0 1 0 1 1 0 1 1 0 1 1 1 1 0 1 1 1 1],0,1.4330945014953613
[0 0 0 1 0 0 1 0 0 0 1 1 0 1 0 1 1 0 0 1 1 0 1 0 1 1 0 0 0 1 1 1],0,0.9725570678710938
[0 0 0 1 0 0 1 0 0 0 1 1 0 1 0 1 1 0 0 1 1 0 1 0 0 1 1 1 1 1 0 1],0,1.7061097621917725
[0 0 0 1 0 0 1 0 0 0 1 1 0 1 0 1 1 0 0 1 1 0 1 0 0 1 1 1 1 1 1 0],0,1.168860912322998
[0 0 0 1 0 0 1 0 0 0 1 1 0 1 0 1 1 0 0 1 1 0 1 0 0 1 1 1 1 1 1 1],0,2.573652982711792
[0 0 0 1 0 0 1 0 0 0 1 1 0 1 0 1 1 0 0 1 1 1 0 0 0 1 1 1 1 0 1 1],0,2.407949447631836
[0 0 0 1 0 0 1 0 0 0 1 1 0 1 0 1 1 0 0 1 0 1 1 1 1 0 1 1 1 1 0 1],0,3.886967182159424
[0 0 0 1 0 0 1 0 0 0 1 1 0 1 0 1 1 0 0 1 0 1 1 1 1 0 1 1 1 1 1 0],0,2.970302104949951
[0 0 0 1 0 0 1 0 0 0 1 1 0 1 0 1 1 0 0 1 0 1 1 1 1 0 1 1 1 1 1 1],0,6.881580829620361
[0 0 0 1 0 0 1 0 0 1 0 1 0 0 1 1 1 0 0 1 1 1 0 0 0 1 1 1 1 1 0 1],0,1.748805284500122
[0 0 0 1 0 0 1 0 0 0 1 1 0 1 0 1 1 0 0 1 1 1 0 0 0 1 1 1 1 1 1 0],0,1.1471514701843262
[0 0 0 1 0 0 1 0 0 0 1 1 0 1 0 1 1 0 0 1 1 1 0 0 0 1 1 1 1 1 1 1],0,2.592423439025879
[0 0 0 1 0 0 1 0 0 0 1 1 0 1 0 1 1 0 0 1 0 1 1 1 1 1 0 1 1 1 1 0],0,2.110546112060547
[0 0 0 1 0 0 1 0 0 0 1 1 0 1 0 1 1 0 0 1 0 1 1 1 1 1 0 1 1 1 1 1],0,4.116364479064941
[0 0 0 1 0 0 1 0 0 0 1 1 0 1 0 1 1 0 0 1 0 1 1 1 1 1 1 0 1 1 1 1],0,3.1404411792755127
[0 0 0 1 0 0 1 0 0 0 1 1 0 1 0 1 1 0 1 0 1 1 0 0 0 1 1 1 1 0 1 1],0,2.3010122776031494
[0 0 0 1 0 0 1 0 0 0 1 1 0 1 0 1 1 0 1 0 0 1 1 1 1 0 1 1 1 1 0 1],0,2.9327564239501953
[0 0 0 1 0 0 1 0 0 0 1 1 0 1 1 0 1 0 0 1 0 1 1 1 1 0 1 1 1 1 0 1],0,2.9551820755004883
[0 0 0 1 0 0 1 0 0 0 1 1 0 1 0 1 1 0 1 0 0 1 1 1 1 0 1 1 1 1 1 1],0,2.452698230743408
[0 0 0 1 0 0 1 0 0 0 1 1 0 1 0 1 1 0 1 0 1 1 0 0 0 1 1 1 1 1 0 1],0,1.1487035751342773
[0 0 0 1 0 0 1 0 0 0 1 1 0 1 1 0 1 0 0 1 1 1 0 0 0 1 1 1 1 1 0 1],0,1.1805164813995361
[0 0 0 1 0 0 1 0 0 0 1 1 0 1 0 1 1 0 1 0 1 1 0 0 0 1 1 1 1 1 1 1],0,2.504732131958008
[0 0 0 1 0 0 1 0 0 0 1 1 0 1 0 1 1 0 1 0 0 1 1 1 1 1 0 1 1 1 1 0],0,1.3875107765197754
[0 0 0 1 0 0 1 0 0 0 1 1 0 1 0 1 1 0 1 0 0 1 1 1 1 1 0 1 1 1 1 1],0,3.0925841331481934
[0 0 0 1 0 0 1 0 0 0 1 1 0 1 1 0 1 0 0 1 0 1 1 1 1 1 0 1 1 1 1 1],0,3.094890594482422
[0 0 0 1 0 0 1 0 0 0 1 1 0 1 0 1 1 1 0 0 0 1 1 1 1 0 1 1 1 1 0 1],0,2.8146812915802
[0 0 0 1 0 0 1 0 0 0 1 1 0 1 0 1 1 1 0 0 0 1 1 1 1 0 1 1 1 1 1 0],0,2.736143112182617
[0 0 0 1 0 0 1 0 0 0 1 1 0 1 0 1 1 1 0 0 0 1 1 1 1 0 1 1 1 1 1 1],0,6.377045631408691
[0 0 0 1 0 0 1 0 0 0 1 1 0 1 0 1 0 1 1 1 1 0 1 1 1 1 0 1 1 1 1 0],0,3.811383008956909
[0 0 0 1 0 0 1 0 0 0 1 1 0 1 0 1 0 1 1 1 1 0 1 1 1 1 0 1 1 1 1 1],0,0.597198486328125
[0 0 0 1 0 0 1 0 0 0 1 1 0 1 0 1 0 1 1 1 1 0 1 1 1 1 1 0 1 1 1 1],0,2.6488800048828125
[0 0 0 1 0 0 1 0 0 1 0 1 0 0 1 1 1 1 0 0 0 1 1 1 1 1 0 1 1 1 1 0],0,0.5225882530212402
[0 0 0 1 0 0 1 0 0 1 0 1 0 0 1 1 1 1 0 0 0 1 1 1 1 1 0 1 1 1 1 1],0,1.196732997894287
[0 0 0 1 0 0 1 0 0 0 1 1 0 1 0 1 1 1 0 0 0 1 1 1 1 1 1 0 1 1 1 1],0,2.770174264907837
[0 0 0 1 0 0 1 0 0 0 1 1 0 1 0 1 0 1 1 1 1 1 0 1 1 1 1 0 1 1 1 1],0,3.8088862895965576
[0 0 0 1 0 0 1 0 0 1 0 1 1 0 0 1 1 1 0 0 0 0 1 1 1 1 0 1 1 1 1 0],0,0.9052352905273438
[0 0 0 1 0 0 1 0 0 1 0 1 1 0 0 1 1 1 0 0 0 0 1 1 1 1 0 1 1 1 1 1],0,1.9890849590301514
[0 0 0 1 0 0 1 0 0 0 1 1 0 1 0 1 1 0 0 1 1 1 0 0 1 1 1 0 1 1 1 1],0,1.226231336593628
[0 0 0 1 0 0 1 0 0 0 1 1 0 1 0 1 1 0 0 1 1 1 0 1 1 1 1 0 1 1 1 1],0,2.1564159393310547
[0 0 0 1 0 0 1 0 0 0 1 1 0 1 1 0 1 0 0 1 1 1 0 0 0 1 1 1 1 1 1 1],0,2.5868871212005615
[0 0 0 1 0 0 1 0 0 0 1 1 0 1 1 0 1 0 0 1 0 1 1 1 1 1 0 1 1 1 1 0],0,1.3898494243621826
[0 0 0 1 0 0 1 0 0 0 1 1 0 1 0 1 1 0 1 0 1 1 0 0 1 1 0 1 1 1 1 0],0,1.593677043914795
[0 0 0 1 0 0 1 0 0 0 1 1 0 1 0 1 1 0 1 0 1 1 0 0 1 1 0 1 1 1 1 1],0,1.2318501472473145
[0 0 0 1 0 0 1 0 0 0 1 1 0 1 1 0 1 0 0 1 1 1 0 0 1 1 0 1 1 1 1 1],0,1.2798702716827393
[0 0 0 1 0 0 1 0 0 0 1 1 0 1 0 1 1 0 1 0 1 1 0 1 1 1 1 0 1 1 1 1],0,1.6317901611328125
[0 0 0 1 0 0 1 0 0 0 1 1 0 1 0 1 1 1 0 0 1 0 1 1 1 1 0 1 1 1 1 0],0,1.3180322647094727
[0 0 0 1 0 0 1 0 0 0 1 1 0 1 0 1 1 1 0 0 1 0 1 1 1 1 0 1 1 1 1 1],0,2.8493852615356445
[0 0 0 1 0 0 1 0 0 0 1 1 0 1 0 1 1 1 0 0 1 0 1 1 1 1 1 0 1 1 1 1],0,2.7688281536102295
[0 0 0 1 0 0 1 0 0 0 1 1 0 1 0 1 1 0 1 1 1 1 0 1 1 1 1 0 1 1 1 1],0,3.7631850242614746
[0 0 0 1 0 0 1 0 0 1 0 1 0 0 1 1 1 1 0 0 1 1 0 1 1 1 1 0 1 1 1 1],0,0.5593490600585938
[0 0 0 1 0 0 1 0 0 0 1 1 0 1 1 0 1 0 0 1 1 0 1 0 0 1 1 1 1 1 0 1],0,1.142763614654541
[0 0 0 1 0 0 1 0 0 0 1 1 0 1 1 0 1 0 0 1 1 1 0 0 0 1 1 1 1 0 1 1],0,2.373962640762329
[0 0 0 1 0 0 1 0 0 0 1 1 0 1 1 0 1 0 0 1 0 1 1 1 1 0 1 1 1 1 1 1],0,2.4439749717712402
[0 0 0 1 0 0 1 0 0 0 1 1 0 1 1 0 1 1 0 0 0 1 1 1 1 0 1 1 1 1 0 1],0,2.8284926414489746
[0 0 0 1 0 0 1 0 0 0 1 1 0 1 1 0 0 1 1 1 1 0 1 1 1 1 0 1 1 1 1 1],0,2.6557812690734863
[0 0 0 1 0 0 1 0 0 0 1 1 0 1 1 0 1 1 0 0 0 1 1 1 1 1 0 1 1 1 1 1],0,3.0457634925842285
[0 0 0 1 0 0 1 0 0 0 1 1 0 1 1 0 1 0 0 1 1 1 0 0 1 1 0 1 1 1 1 0],0,1.6173665523529053
[0 0 0 1 0 0 1 0 0 0 1 1 0 1 1 0 1 0 0 1 1 1 0 1 1 1 1 0 1 1 1 1],0,1.4431216716766357
[0 0 0 1 0 0 1 0 0 0 1 1 0 1 1 0 1 1 0 0 1 0 1 1 1 1 0 1 1 1 1 1],0,3.0390405654907227
[0 0 0 1 0 0 1 0 0 0 1 1 1 1 0 0 0 1 1 1 1 0 1 1 1 1 0 1 1 1 1 0],0,0.3316526412963867
[0 0 0 1 0 0 1 0 0 0 1 1 1 1 0 0 0 1 1 1 1 0 1 1 1 1 0 1 1 1 1 1],0,0.7166001796722412
[0 0 0 1 0 0 1 0 0 0 1 1 0 1 1 1 1 0 1 1 1 1 0 1 1 1 1 0 1 1 1 1],0,0.9182620048522949
[0 0 0 1 0 0 1 0 0 0 1 1 1 1 0 0 0 1 1 1 1 1 0 1 1 1 1 0 1 1 1 1],0,0.3564767837524414
[0 0 0 1 0 0 1 0 0 1 0 0 1 0 0 0 0 1 0 1 0 1 1 0 0 1 1 1 1 0 1 1],0,0.026576995849609375
[0 0 0 1 0 0 1 0 0 1 0 0 0 1 0 1 0 1 1 0 1 0 0 1 1 0 1 0 0 1 1 1],0,0.04085540771484375
[0 0 0 1 0 0 1 0 0 1 0 0 0 1 0 1 0 1 1 0 0 1 1 1 1 0 1 1 1 1 1 1],0,0.09597969055175781
[0 0 0 1 0 0 1 0 0 1 0 0 1 0 0 0 0 1 0 1 0 1 1 0 1 0 0 1 1 0 1 0],1,0.024019241333007812
[0 0 0 1 0 0 1 0 0 1 0 0 1 0 0 0 0 1 0 1 0 1 1 0 1 0 1 1 1 1 1 1],0,0.025170087814331055
[0 0 0 1 0 0 1 0 0 1 0 0 0 1 0 1 0 1 1 0 1 0 0 1 1 0 1 0 1 1 1 1],0,0.04260540008544922
[0 0 0 1 0 0 1 0 0 1 0 0 0 1 0 1 0 1 1 0 1 0 0 1 1 0 1 1 1 1 1 0],0,0.039206504821777344
[0 0 0 1 0 0 1 0 0 1 0 0 0 1 0 1 0 1 1 0 1 0 1 0 1 0 1 1 1 1 0 1],0,0.04339957237243652
[0 0 0 1 0 0 1 0 0 1 0 0 1 0 0 0 0 1 0 1 1 0 0 1 1 0 1 0 0 1 1 1],0,0.024899721145629883
[0 0 0 1 0 0 1 0 0 1 0 0 1 0 0 0 0 1 0 1 1 0 0 1 0 1 1 1 1 0 1 1],0,0.024985790252685547
[0 0 0 1 0 0 1 0 0 1 0 0 1 0 0 0 0 1 1 0 1 0 0 1 0 1 1 1 1 0 1 1],0,0.025089263916015625
[0 0 0 1 0 0 1 0 0 1 0 0 1 0 0 0 0 1 0 1 1 0 1 0 0 1 1 1 1 1 1 1],0,0.02532505989074707
[0 0 0 1 0 0 1 0 0 1 0 0 1 0 0 0 0 1 0 1 0 1 1 1 1 0 1 1 1 1 1 0],0,0.024970293045043945
[0 0 0 1 0 0 1 0 0 1 0 0 1 0 0 0 0 1 0 1 0 1 1 1 1 0 1 1 1 1 1 1],0,0.026290178298950195
[0 0 0 1 0 0 1 0 0 1 0 0 0 1 0 1 1 0 0 1 1 0 1 0 0 1 1 1 1 1 1 0],0,0.04273796081542969
[0 0 0 1 0 0 1 0 0 1 0 0 0 1 0 1 1 0 0 1 1 0 1 0 0 1 1 1 1 1 1 1],0,0.0671238899230957
[0 0 0 1 0 0 1 0 0 1 0 0 0 1 0 1 1 0 0 1 0 1 1 1 1 0 1 1 1 1 1 0],0,0.05898165702819824
[0 0 0 1 0 0 1 0 0 1 0 0 0 1 0 1 1 0 0 1 0 1 1 1 1 0 1 1 1 1 1 1],0,0.10579705238342285
[0 0 0 1 0 0 1 0 0 1 0 0 0 1 0 1 1 0 1 0 1 1 0 0 0 1 1 1 1 0 1 1],0,0.05345892906188965
[0 0 0 1 0 0 1 0 0 1 0 0 0 1 0 1 1 0 1 0 0 1 1 1 1 0 1 1 1 1 0 1],0,0.062345027923583984
[0 0 0 1 0 0 1 0 0 1 0 0 0 1 1 0 1 0 0 1 0 1 1 1 1 0 1 1 1 1 1 1],0,0.10719895362854004
[0 0 0 1 0 0 1 0 0 1 0 0 0 1 0 1 0 1 1 1 1 0 1 1 1 1 1 0 1 1 1 1],0,0.05054140090942383
[0 0 0 1 0 0 1 0 0 1 0 0 1 0 0 0 0 1 0 1 1 0 1 1 1 1 1 0 1 1 1 1],0,0.025964975357055664
[0 0 0 1 0 0 1 0 0 1 0 0 1 0 0 1 1 0 1 0 0 1 0 1 1 1 0 0 1 0 1 1],0,0.03197884559631348
[0 0 0 1 0 0 1 0 0 1 0 0 1 0 0 1 1 0 1 0 0 1 0 1 1 0 1 1 1 1 0 1],0,0.03887534141540527
[0 0 0 1 0 0 1 0 0 1 0 0 0 1 0 1 1 0 0 1 1 0 1 0 1 1 1 0 1 1 1 1],0,0.046842098236083984
[0 0 0 1 0 0 1 0 0 1 0 0 0 1 0 1 1 0 0 1 1 0 1 1 1 1 1 0 1 1 1 1],0,0.06429076194763184
[0 0 0 1 0 0 1 0 0 1 0 0 1 0 0 1 1 0 1 0 0 1 1 0 1 0 1 1 1 1 0 1],0,0.03868222236633301
[0 0 0 1 0 0 1 0 0 1 0 0 0 1 0 1 1 0 1 0 1 1 0 0 1 0 1 1 1 1 1 1],0,0.05541801452636719
[0 0 0 1 0 0 1 0 0 1 0 0 0 1 0 1 1 0 1 0 1 0 1 1 1 1 0 1 1 1 1 0],0,0.04373598098754883
[0 0 0 1 0 0 1 0 0 1 0 0 0 1 0 1 1 0 1 0 1 0 1 1 1 1 0 1 1 1 1 1],0,0.07131099700927734
[0 0 0 1 0 0 1 0 0 1 0 0 1 0 0 0 0 1 1 0 0 1 1 1 1 0 1 1 1 1 0 1],0,0.02628040313720703
[0 0 0 1 0 0 1 0 0 1 0 0 0 1 1 0 1 0 0 1 1 0 1 0 0 1 1 1 1 1 0 1],0,0.04228520393371582
[0 0 0 1 0 0 1 0 0 1 0 0 0 1 1 0 1 0 0 1 1 1 0 0 0 1 1 1 1 0 1 1],0,0.05238485336303711
[0 0 0 1 0 0 1 0 0 1 0 0 0 1 1 0 0 1 1 1 1 0 1 1 1 1 0 1 1 1 1 1],0,0.05078434944152832
[0 0 0 1 0 0 1 0 0 1 0 0 1 0 0 0 0 1 1 0 1 0 1 1 1 1 0 1 1 1 1 1],0,0.026391267776489258
[0 0 0 1 0 0 1 0 0 1 0 0 0 1 1 0 1 0 0 1 1 0 1 0 1 1 0 1 1 1 1 1],0,0.04491376876831055
[0 0 0 1 0 0 1 0 0 1 0 0 0 1 1 0 1 0 0 1 1 1 0 0 1 0 1 1 1 1 1 1],0,0.05625128746032715
[0 0 0 1 0 0 1 0 0 1 0 0 0 1 1 0 1 0 0 1 1 0 1 1 1 1 0 1 1 1 1 0],0,0.04121208190917969
[0 0 0 1 0 0 1 0 0 1 0 0 1 0 0 0 1 0 0 1 0 1 1 1 1 1 1 0 1 1 1 1],0,0.026435375213623047
[0 0 0 1 0 0 1 0 0 1 0 0 1 0 0 0 1 0 1 0 0 1 1 1 1 1 0 1 1 1 1 1],0,0.026706933975219727
[0 0 0 1 0 0 1 0 0 1 0 0 1 0 0 0 1 1 0 0 0 1 1 1 1 0 1 1 1 1 1 1],0,0.02628040313720703
[0 0 0 1 0 0 1 0 0 1 0 0 1 0 0 0 0 1 1 1 1 0 1 1 1 1 0 1 1 1 1 0],0,0.02738785743713379
[0 0 0 1 0 0 1 0 0 1 0 0 1 0 0 0 0 1 1 1 1 0 1 1 1 1 0 1 1 1 1 1],0,0.02805328369140625
[0 0 0 1 0 0 1 0 0 1 0 0 1 0 0 1 1 0 1 0 1 1 0 0 1 0 1 1 0 1 1 1],0,0.043927907943725586
[0 0 0 1 0 0 1 0 0 1 0 0 1 0 0 1 1 0 1 0 1 0 1 1 0 1 1 1 1 1 0 1],0,0.06772685050964355
[0 0 0 1 0 0 1 0 0 1 0 0 1 0 0 1 1 0 1 0 1 0 1 1 0 1 1 1 1 1 1 1],0,0.12695741653442383
[0 0 0 1 0 0 1 0 0 1 0 0 1 0 0 1 1 0 1 0 1 1 0 0 0 1 1 1 1 1 1 1],0,0.067138671875
[0 0 0 1 0 0 1 0 0 1 0 0 1 0 0 1 1 0 1 0 0 1 1 1 1 1 0 1 1 1 1 0],0,0.057207345962524414
[0 0 0 1 0 0 1 0 0 1 0 0 1 0 0 1 1 0 1 0 0 1 1 1 1 1 0 1 1 1 1 1],0,0.10102152824401855
[0 0 0 1 0 0 1 0 0 1 0 0 1 0 0 1 1 1 0 0 0 1 1 1 1 0 1 1 1 1 1 0],0,0.059792518615722656
[0 0 0 1 0 0 1 0 0 1 0 0 1 0 0 1 1 1 0 0 0 1 1 1 1 0 1 1 1 1 1 1],0,0.10800743103027344
[0 0 0 1 0 0 1 0 0 1 0 0 1 0 0 1 0 1 1 1 1 0 1 1 1 1 0 1 1 1 1 0],0,0.05683279037475586
[0 0 0 1 0 0 1 0 0 1 0 0 1 0 0 1 0 1 1 1 1 0 1 1 1 1 0 1 1 1 1 1],0,0.07033491134643555
[0 0 0 1 0 0 1 0 0 1 0 0 1 0 0 1 0 1 1 1 1 0 1 1 1 1 1 0 1 1 1 1],0,0.09734106063842773
[0 0 0 1 0 0 1 0 0 1 0 0 1 0 1 0 1 1 0 0 0 1 1 1 1 0 1 1 1 1 0 1],0,0.06284117698669434
[0 0 0 1 0 0 1 0 0 1 0 0 1 0 1 0 0 1 1 1 1 0 1 1 1 1 0 1 1 1 1 1],0,0.07215142250061035
[0 0 0 1 0 0 1 0 0 1 0 0 0 1 1 1 1 0 1 1 1 1 0 1 1 1 1 0 1 1 1 1],0,0.06919503211975098
[0 0 0 1 0 0 1 0 0 1 0 0 1 0 0 1 1 0 1 0 1 1 0 0 1 0 1 1 1 1 0 1],0,0.034079790115356445
[0 0 0 1 0 0 1 0 0 1 0 0 1 0 0 1 1 0 1 0 1 1 0 0 1 0 1 1 1 1 1 1],0,0.04596853256225586
[0 0 0 1 0 0 1 0 0 1 0 0 1 0 0 1 1 0 1 0 1 0 1 1 1 1 0 1 1 1 1 0],0,0.04531693458557129
[0 0 0 1 0 0 1 0 0 1 0 0 1 0 0 1 1 0 1 0 1 0 1 1 1 1 0 1 1 1 1 1],0,0.0731210708618164
[0 0 0 1 0 0 1 0 0 1 0 0 1 0 0 1 1 0 1 0 1 1 0 1 1 1 1 0 1 1 1 1],0,0.06628084182739258
[0 0 0 1 0 0 1 0 0 1 0 0 1 0 0 1 1 1 0 0 1 0 1 1 1 1 1 0 1 1 1 1],0,0.06669116020202637
[0 0 0 1 0 0 1 0 0 1 0 0 1 0 0 1 1 0 1 1 1 1 0 1 1 1 1 0 1 1 1 1],0,0.04585766792297363
[0 0 0 1 0 0 1 0 0 1 0 0 1 0 1 0 1 1 0 0 1 0 1 1 1 1 0 1 1 1 1 1],0,0.0695643424987793
[0 0 0 1 0 0 1 0 0 1 0 1 0 1 1 0 1 0 0 1 1 0 1 0 0 1 1 1 1 0 1 1],0,2.288520097732544
[0 0 0 1 0 0 1 0 0 1 0 1 0 1 1 0 1 0 0 1 1 0 1 0 1 1 0 0 0 1 1 1],0,0.9610278606414795
[0 0 0 1 0 0 1 0 0 1 0 1 0 1 1 0 1 0 0 1 1 0 1 0 0 1 1 1 1 1 0 1],0,1.1806228160858154
[0 0 0 1 0 0 1 0 0 1 0 1 0 1 1 0 1 0 0 1 1 0 1 0 0 1 1 1 1 1 1 1],0,2.53952693939209
[0 0 0 1 0 0 1 0 0 1 0 1 0 1 1 0 1 0 0 1 1 1 0 0 0 1 1 1 1 0 1 1],0,2.2308993339538574
[0 0 0 1 0 0 1 0 0 1 0 1 0 1 1 0 1 0 0 1 0 1 1 1 1 0 1 1 1 1 0 1],0,1.0404117107391357
[0 0 0 1 0 0 1 0 0 1 0 1 0 1 1 0 1 0 0 1 0 1 1 1 1 0 1 1 1 1 1 0],0,2.7643656730651855
[0 0 0 1 0 0 1 0 0 1 0 1 0 1 1 0 1 0 0 1 0 1 1 1 1 0 1 1 1 1 1 1],0,2.2353084087371826
[0 0 0 1 0 0 1 0 0 1 0 1 0 1 1 0 1 0 0 1 1 1 0 0 0 1 1 1 1 1 0 1],0,1.1663498878479004
[0 0 0 1 0 0 1 0 0 1 0 1 0 1 1 0 1 1 0 0 1 0 0 1 0 1 1 1 1 1 1 0],0,1.1192090511322021
[0 0 0 1 0 0 1 0 0 1 0 1 0 1 1 0 1 0 0 1 1 1 0 0 0 1 1 1 1 1 1 1],0,2.486298084259033
[0 0 0 1 0 0 1 0 0 1 0 1 0 1 1 0 1 0 0 1 0 1 1 1 1 1 0 1 1 1 1 0],0,1.4728949069976807
[0 0 0 1 0 0 1 0 0 1 0 1 0 1 1 0 1 0 0 1 0 1 1 1 1 1 0 1 1 1 1 1],0,1.2216901779174805
[0 0 0 1 0 0 1 0 0 1 0 1 0 1 1 0 1 0 0 1 0 1 1 1 1 1 1 0 1 1 1 1],0,3.080566644668579
[0 0 0 1 0 0 1 0 0 1 0 1 0 1 1 0 1 0 1 0 0 1 1 1 1 0 1 1 1 1 0 1],0,2.9237301349639893
[0 0 0 1 0 0 1 0 0 1 0 1 0 1 1 0 1 1 0 0 1 0 1 0 0 1 1 1 1 1 0 1],0,1.1596524715423584
[0 0 0 1 0 0 1 0 0 1 0 1 0 1 1 0 1 0 1 0 0 1 1 1 1 1 0 1 1 1 1 1],0,3.4032838344573975
[0 0 0 1 0 0 1 0 0 1 0 1 0 1 1 0 1 1 0 0 0 1 1 1 1 1 0 1 1 0 1 1],0,2.7272586822509766
[0 0 0 1 0 0 1 0 0 1 0 1 0 1 1 0 1 1 0 0 0 1 1 1 1 0 1 1 1 1 1 1],0,5.8942718505859375
[0 0 0 1 0 0 1 0 0 1 0 1 0 1 1 0 0 1 1 1 1 0 1 1 1 1 0 1 1 1 1 0],0,0.29006123542785645
[0 0 0 1 0 0 1 0 0 1 0 1 0 1 1 0 0 1 1 1 1 0 1 1 1 1 0 1 1 1 1 1],0,0.6234493255615234
[0 0 0 1 0 0 1 0 0 1 0 1 0 1 1 0 1 1 0 0 0 1 1 1 1 1 0 1 1 1 1 0],0,1.3237910270690918
[0 0 0 1 0 0 1 0 0 1 0 1 0 1 1 0 1 1 0 0 0 1 1 1 1 1 0 1 1 1 1 1],0,2.961517810821533
[0 0 0 1 0 0 1 0 0 1 0 1 0 1 1 0 0 1 1 1 1 1 0 1 1 1 1 0 1 1 1 1],0,0.3232719898223877
[0 0 0 1 0 0 1 0 0 1 0 1 1 0 0 1 1 1 0 0 0 1 1 0 1 0 1 0 1 1 0 1],0,0.49896240234375
[0 0 0 1 0 0 1 0 0 1 0 1 0 1 1 0 1 0 0 1 1 0 1 0 1 1 0 0 1 1 1 1],0,1.043992042541504
[0 0 0 1 0 0 1 0 0 1 0 1 0 1 1 0 1 0 0 1 1 0 1 0 1 1 0 1 1 1 1 0],0,1.077040433883667
[0 0 0 1 0 0 1 0 0 1 0 1 0 1 1 0 1 0 0 1 1 0 1 0 1 1 0 1 1 1 1 1],0,1.2781851291656494
[0 0 0 1 0 0 1 0 0 1 0 1 1 0 0 1 1 1 0 0 0 1 1 0 1 1 0 1 1 0 1 1],0,1.1289598941802979
[0 0 0 1 0 0 1 0 0 1 0 1 0 1 1 0 1 0 0 1 1 1 0 0 1 0 1 1 1 1 1 0],0,1.1002259254455566
[0 0 0 1 0 0 1 0 0 1 0 1 0 1 1 0 1 0 0 1 1 1 0 0 1 0 1 1 1 1 1 1],0,2.3873021602630615
[0 0 0 1 0 0 1 0 0 1 0 1 0 1 1 0 1 0 0 1 1 0 1 1 1 1 0 1 1 1 1 0],0,1.3654797077178955
[0 0 0 1 0 0 1 0 0 1 0 1 0 1 1 0 1 0 0 1 1 0 1 1 1 1 0 1 1 1 1 1],0,1.139894723892212
[0 0 0 1 0 0 1 0 0 1 0 1 0 1 1 0 1 0 0 1 1 0 1 1 1 1 1 0 1 1 1 1],0,2.864213466644287
[0 0 0 1 0 0 1 0 0 1 0 1 1 1 0 0 1 0 0 1 0 1 1 0 1 1 0 1 1 1 1 0],0,0.5585353374481201
[0 0 0 1 0 0 1 0 0 1 0 1 1 0 0 1 1 1 0 0 0 1 1 0 1 1 0 1 1 1 1 1],0,1.2577524185180664
[0 0 0 1 0 0 1 0 0 1 0 1 0 1 1 0 1 1 0 0 1 0 0 1 1 1 1 0 1 1 1 1],0,1.2072055339813232
[0 0 0 1 0 0 1 0 0 1 0 1 0 1 1 0 1 0 0 1 1 1 0 1 1 1 1 0 1 1 1 1],0,1.5546467304229736
[0 0 0 1 0 0 1 0 0 1 0 1 0 1 1 0 1 0 1 0 1 1 0 0 1 0 1 1 1 1 0 1],0,1.1470448970794678
[0 0 0 1 0 0 1 0 0 1 0 1 0 1 1 0 1 0 1 0 1 0 1 1 1 1 0 1 1 1 1 1],0,3.072418212890625
[0 0 0 1 0 0 1 0 0 1 0 1 0 1 1 0 1 1 0 0 1 0 1 0 1 1 0 1 1 1 1 1],0,1.2616984844207764
[0 0 0 1 0 0 1 0 0 1 0 1 0 1 1 0 1 1 0 0 1 1 0 1 1 1 1 0 1 0 1 1],0,1.251239538192749
[0 0 0 1 0 0 1 0 0 1 0 1 0 1 1 0 1 1 0 0 1 1 0 1 1 0 1 1 1 1 1 1],0,2.7509524822235107
[0 0 0 1 0 0 1 0 0 1 0 1 0 1 1 0 1 0 1 1 1 1 0 1 1 1 1 0 1 1 1 1],0,0.4936962127685547
[0 0 0 1 0 0 1 0 0 1 0 1 0 1 1 0 1 1 0 0 1 1 0 1 1 1 1 0 1 1 1 1],0,1.3921146392822266
[0 0 0 1 0 0 1 0 0 1 0 1 1 0 0 1 1 1 0 0 1 0 1 0 1 1 0 1 0 1 1 1],0,1.164494514465332
[0 0 0 1 0 0 1 0 0 1 0 1 1 0 0 1 1 0 1 0 1 1 0 0 0 1 1 1 1 1 1 0],0,1.1791927814483643
[0 0 0 1 0 0 1 0 0 1 0 1 1 0 0 1 1 0 1 0 1 1 0 0 0 1 1 1 1 1 1 1],0,2.5951879024505615
[0 0 0 1 0 0 1 0 0 1 0 1 1 0 0 1 1 0 1 0 0 1 1 1 1 1 0 1 1 1 1 0],0,1.4732544422149658
[0 0 0 1 0 0 1 0 0 1 0 1 1 0 0 1 1 0 1 0 0 1 1 1 1 1 0 1 1 1 1 1],0,1.219670295715332
[0 0 0 1 0 0 1 0 0 1 0 1 1 0 0 1 1 0 1 0 0 1 1 1 1 1 1 0 1 1 1 1],0,3.0892579555511475
[0 0 0 1 0 0 1 0 0 1 0 1 1 0 0 1 1 1 0 0 1 1 0 1 0 1 1 1 1 0 1 1],0,2.795313596725464
[0 0 0 1 0 0 1 0 0 1 0 1 1 0 0 1 1 1 0 0 0 1 1 1 1 0 1 1 1 1 1 0],0,2.7075538635253906
[0 0 0 1 0 0 1 0 0 1 0 1 1 0 0 1 1 1 0 0 0 1 1 1 1 0 1 1 1 1 1 1],0,5.945998430252075
[0 0 0 1 0 0 1 0 0 1 0 1 1 0 0 1 0 1 1 1 1 0 1 1 1 1 0 1 1 1 1 0],0,1.1175260543823242
[0 0 0 1 0 0 1 0 0 1 0 1 1 0 0 1 0 1 1 1 1 0 1 1 1 1 0 1 1 1 1 1],0,0.6924550533294678
[0 0 0 1 0 0 1 0 0 1 0 1 1 0 0 1 0 1 1 1 1 0 1 1 1 1 1 0 1 1 1 1],0,2.3545892238616943
[0 0 0 1 0 0 1 0 0 1 0 1 1 0 0 1 1 1 0 0 1 1 0 1 0 1 1 1 1 1 1 0],0,1.420621633529663
[0 0 0 1 0 0 1 0 0 1 0 1 1 0 0 1 1 1 0 0 1 1 0 1 0 1 1 1 1 1 1 1],0,3.166839599609375
[0 0 0 1 0 0 1 0 0 1 0 1 1 0 0 1 1 1 0 0 0 1 1 1 1 1 1 0 1 1 1 1],0,3.0214710235595703
[0 0 0 1 0 0 1 0 0 1 0 1 1 0 0 1 0 1 1 1 1 1 0 1 1 1 1 0 1 1 1 1],0,1.3121075630187988
[0 0 0 1 0 0 1 0 0 1 0 1 1 0 1 0 1 1 0 0 0 1 1 1 1 0 1 1 1 1 0 1],0,2.6997904777526855
[0 0 0 1 0 0 1 0 0 1 1 0 1 0 0 1 1 1 0 0 0 1 1 1 1 0 1 1 1 1 0 1],0,2.682656764984131
[0 0 0 1 0 0 1 0 0 1 0 1 1 0 1 0 1 1 0 0 0 1 1 1 1 0 1 1 1 1 1 1],0,5.964215278625488
[0 0 0 1 0 0 1 0 0 1 0 1 1 0 1 0 0 1 1 1 1 0 1 1 1 1 0 1 1 1 1 0],0,0.32692480087280273
[0 0 0 1 0 0 1 0 0 1 0 1 1 0 1 0 0 1 1 1 1 0 1 1 1 1 0 1 1 1 1 1],0,0.6919949054718018
[0 0 0 1 0 0 1 0 0 1 1 0 1 0 0 1 0 1 1 1 1 0 1 1 1 1 0 1 1 1 1 1],0,0.6630816459655762
[0 0 0 1 0 0 1 0 0 1 0 1 1 1 0 0 1 0 1 0 0 1 1 1 1 1 0 1 1 1 1 0],0,1.1280343532562256
[0 0 0 1 0 0 1 0 0 1 0 1 1 1 0 0 1 0 1 0 0 1 1 1 1 1 0 1 1 1 1 1],0,2.512787103652954
[0 0 0 1 0 0 1 0 0 1 1 0 1 0 0 1 1 1 0 0 0 1 1 1 1 1 0 1 1 1 1 1],0,2.858567714691162
[0 0 0 1 0 0 1 0 0 1 0 1 1 0 1 0 0 1 1 1 1 1 0 1 1 1 1 0 1 1 1 1],0,0.3764035701751709
[0 0 0 1 0 0 1 0 0 1 0 1 1 1 0 0 0 1 1 1 1 1 0 1 1 0 1 1 1 1 1 0],0,0.33002710342407227
[0 0 0 1 0 0 1 0 0 1 0 1 1 1 0 0 0 1 1 1 1 1 0 1 1 0 1 1 1 1 1 1],0,0.7161815166473389
[0 0 0 1 0 0 1 0 0 1 0 1 1 1 0 0 0 1 1 1 1 0 1 1 1 1 1 0 1 1 1 1],0,0.6764130592346191
[0 0 0 1 0 0 1 0 0 1 0 1 0 1 1 1 1 0 1 1 1 1 0 1 1 1 1 0 1 1 1 1],0,0.9565942287445068
[0 0 0 1 0 0 1 0 0 1 0 1 1 1 0 0 0 1 1 1 1 1 0 1 1 1 1 0 1 1 1 1],0,0.36514735221862793
[0 0 0 1 0 0 1 0 0 1 0 1 1 0 0 1 1 1 0 0 1 1 0 1 1 1 1 0 1 1 1 1],0,1.5310189723968506
[0 0 0 1 0 0 1 0 0 1 1 0 1 1 0 0 1 0 0 1 0 1 1 1 1 1 0 1 1 1 1 0],0,1.1104612350463867
[0 0 0 1 0 0 1 0 0 1 1 0 1 0 0 1 0 1 1 1 1 1 0 1 1 1 1 0 1 1 1 1],0,0.4215421676635742
[0 0 0 1 0 0 1 0 1 1 0 0 0 1 0 1 1 0 1 0 1 1 0 1 1 1 1 0 1 1 1 1],0,0.627511739730835
[0 0 0 1 0 0 1 0 0 1 0 1 1 1 0 0 1 1 0 1 1 0 1 1 1 1 1 0 1 1 1 1],0,0.40936923027038574
[0 0 0 1 0 0 1 0 0 1 1 0 1 0 0 1 1 0 1 0 1 1 0 0 0 1 1 1 1 1 0 1],0,1.1388146877288818
[0 0 0 1 0 0 1 0 0 1 1 0 1 0 0 1 1 0 1 0 0 1 1 1 1 1 0 1 1 1 1 1],0,3.0455102920532227
[0 0 0 1 0 0 1 0 0 1 1 0 1 0 0 1 1 1 0 0 0 1 1 1 1 0 1 1 1 1 1 1],0,5.902902603149414
[0 0 0 1 0 0 1 0 0 1 1 0 1 0 0 1 0 1 1 1 1 0 1 1 1 1 0 1 1 1 1 0],0,0.3614819049835205
[0 0 0 1 0 0 1 0 0 1 1 0 1 1 0 0 0 1 1 1 1 0 1 1 1 1 0 1 1 1 1 1],0,0.6788361072540283
[0 0 0 1 0 0 1 0 1 1 0 0 0 1 1 1 1 0 1 1 1 1 0 1 1 1 1 0 1 1 1 1],0,0.5432467460632324
[0 0 0 1 0 0 1 1 0 1 0 1 0 1 1 0 1 0 0 1 1 0 1 0 0 1 1 1 1 0 1 1],0,95.59624433517456
[0 0 0 1 0 0 1 1 0 1 0 1 0 1 1 0 1 0 0 1 1 0 1 0 1 1 0 0 0 1 1 1],0,89.57403564453125
[0 0 0 1 0 0 1 1 0 1 0 1 0 1 1 0 1 0 0 1 1 0 1 0 0 1 1 1 1 1 0 1],-1,120.11380434036255
[0 0 0 1 0 0 1 1 0 1 0 1 0 1 1 0 1 0 0 1 1 0 1 0 0 1 1 1 1 1 1 0],0,98.47725510597229
[0 0 0 1 0 0 1 1 0 1 0 1 0 1 1 0 1 0 0 1 1 0 1 0 0 1 1 1 1 1 1 1],0,112.97309422492981
[0 0 0 1 0 0 1 1 0 1 0 1 0 1 1 0 1 0 0 1 1 1 0 0 0 1 1 1 1 0 1 1],0,113.10564064979553
[0 0 0 1 0 0 1 1 0 1 0 1 0 1 1 0 1 0 0 1 0 1 1 1 1 0 1 1 1 1 0 1],-1,120.11504340171814
[0 0 0 1 0 0 1 1 0 1 0 1 0 1 1 0 1 0 0 1 0 1 1 1 1 0 1 1 1 1 1 0],-1,120.11468744277954
[0 0 0 1 0 0 1 1 0 1 0 1 0 1 1 0 1 0 0 1 0 1 1 1 1 0 1 1 1 1 1 1],0,64.72791767120361
[0 0 0 1 0 0 1 1 0 1 0 1 0 1 1 0 1 0 0 1 0 1 1 1 1 1 1 0 1 1 1 1],-1,120.1138608455658
[0 0 0 1 0 0 1 1 0 1 0 1 0 1 1 0 1 0 1 0 1 1 0 0 0 1 1 1 1 0 1 1],-1,120.11435055732727
[0 0 0 1 0 0 1 1 0 1 0 1 0 1 1 0 1 0 1 0 0 1 1 1 1 0 1 1 1 1 0 1],-1,120.11450552940369
[0 0 0 1 0 0 1 1 0 1 1 0 0 1 0 1 1 0 1 0 0 1 1 1 1 0 1 1 1 1 1 0],-1,120.11453557014465
[0 0 0 1 0 0 1 1 0 1 0 1 0 1 1 0 1 0 1 0 0 1 1 1 1 0 1 1 1 1 1 1],-1,120.11461663246155
[0 0 0 1 0 1 1 0 0 0 1 1 0 1 0 1 1 0 1 0 1 1 0 0 0 1 1 1 1 1 1 0],0,52.246612548828125
[0 0 0 1 0 0 1 1 0 1 0 1 0 1 1 0 1 0 1 0 1 1 0 0 0 1 1 1 1 1 1 1],-1,120.11389684677124
[0 0 0 1 0 0 1 1 0 1 0 1 0 1 1 0 1 0 1 0 0 1 1 1 1 1 0 1 1 1 1 0],-1,120.11756443977356
[0 0 0 1 0 0 1 1 0 1 0 1 0 1 1 0 1 0 1 0 0 1 1 1 1 1 0 1 1 1 1 1],-1,120.11451864242554
[0 0 0 1 0 0 1 1 0 1 1 0 0 1 0 1 1 0 1 0 0 1 1 1 1 1 1 0 1 1 1 1],-1,120.11545467376709
[0 0 0 1 0 0 1 1 0 1 0 1 0 1 1 0 1 1 0 0 0 1 1 1 1 0 1 1 1 1 1 0],-1,120.11543583869934
[0 0 0 1 0 0 1 1 0 1 0 1 0 1 1 0 1 1 0 0 0 1 1 1 1 0 1 1 1 1 1 1],-1,120.11545181274414
[0 0 0 1 0 0 1 1 0 1 0 1 0 1 1 0 0 1 1 1 1 0 1 1 1 1 0 1 1 1 1 0],-1,120.11563658714294
[0 0 0 1 0 0 1 1 0 1 0 1 0 1 1 0 0 1 1 1 1 0 1 1 1 1 0 1 1 1 1 1],0,13.10480546951294
[0 0 0 1 0 0 1 1 0 1 0 1 0 1 1 0 0 1 1 1 1 0 1 1 1 1 1 0 1 1 1 1],0,41.21759557723999
[0 0 0 1 0 0 1 1 0 1 0 1 0 1 1 0 1 0 0 1 1 0 1 0 1 1 0 0 1 1 1 0],0,46.96767497062683
[0 0 0 1 0 0 1 1 0 1 0 1 0 1 1 0 1 0 0 1 1 0 1 0 1 1 0 0 1 1 1 1],0,96.34381937980652
[0 0 0 1 0 0 1 1 0 1 0 1 0 1 1 0 1 0 0 1 1 0 1 0 1 1 0 1 1 1 1 0],0,102.20726728439331
[0 0 0 1 0 0 1 1 0 1 0 1 0 1 1 0 1 0 0 1 1 0 1 0 1 1 0 1 1 1 1 1],0,99.26397466659546
[0 0 0 1 0 0 1 1 0 1 0 1 0 1 1 0 1 0 0 1 1 0 1 0 1 1 1 0 1 1 1 1],0,111.99124479293823
[0 0 0 1 0 0 1 1 0 1 0 1 0 1 1 0 1 0 0 1 1 1 0 0 1 0 1 1 1 1 1 0],0,107.47638392448425
[0 0 0 1 0 0 1 1 0 1 0 1 0 1 1 0 1 0 0 1 1 1 0 0 1 0 1 1 1 1 1 1],0,110.95409941673279
[0 0 0 1 0 0 1 1 0 1 0 1 0 1 1 0 1 0 0 1 1 0 1 1 1 1 0 1 1 1 1 0],-1,120.11373972892761
[0 0 0 1 0 0 1 1 0 1 0 1 0 1 1 0 1 0 0 1 1 0 1 1 1 1 0 1 1 1 1 1],-1,120.11442303657532
[0 0 0 1 0 0 1 1 0 1 0 1 0 1 1 0 1 0 0 1 1 0 1 1 1 1 1 0 1 1 1 1],-1,120.11464524269104
[0 0 0 1 0 0 1 1 0 1 0 1 0 1 1 0 1 0 1 0 1 1 0 0 1 0 1 1 1 1 0 1],-1,120.12251543998718
[0 0 0 1 0 0 1 1 0 1 1 0 0 1 0 1 1 0 1 0 1 1 0 0 1 0 1 1 1 1 1 0],0,60.944477558135986
[0 0 0 1 0 0 1 1 0 1 0 1 0 1 1 0 1 0 1 0 1 1 0 0 1 0 1 1 1 1 1 1],-1,120.11321353912354
[0 0 0 1 0 0 1 1 0 1 0 1 0 1 1 0 1 0 1 0 1 0 1 1 1 1 0 1 1 1 1 0],-1,120.11451363563538
[0 0 0 1 0 0 1 1 0 1 0 1 0 1 1 0 1 0 1 0 1 0 1 1 1 1 0 1 1 1 1 1],-1,120.11542248725891
[0 0 0 1 0 0 1 1 0 1 1 0 0 1 0 1 1 0 1 0 1 0 1 1 1 1 1 0 1 1 1 1],-1,120.11554098129272
[0 0 0 1 0 1 1 0 0 0 1 1 0 1 0 1 1 0 1 0 1 1 0 0 1 1 1 0 1 1 1 1],0,62.654096603393555
[0 0 0 1 0 0 1 1 0 1 0 1 0 1 1 0 1 0 1 0 1 1 0 1 1 1 1 0 1 1 1 1],-1,120.11357975006104
[0 0 0 1 0 0 1 1 0 1 0 1 0 1 1 0 1 1 0 0 1 0 1 1 1 1 1 0 1 1 1 1],-1,120.11552166938782
[0 0 0 1 0 0 1 1 0 1 0 1 0 1 1 0 1 0 1 1 1 1 0 1 1 1 1 0 1 1 1 1],-1,120.11755180358887
[0 0 0 1 0 0 1 1 0 1 0 1 1 0 0 1 1 0 1 0 1 1 0 0 0 1 1 1 1 1 1 0],0,99.20707821846008
[0 0 0 1 0 0 1 1 0 1 0 1 1 0 0 1 1 0 1 0 1 1 0 0 0 1 1 1 1 1 1 1],0,107.12975072860718
[0 0 0 1 0 0 1 1 0 1 0 1 1 0 0 1 1 0 1 0 0 1 1 1 1 1 0 1 1 1 1 0],-1,120.1129584312439
[0 0 0 1 0 0 1 1 0 1 0 1 1 0 0 1 1 0 1 0 0 1 1 1 1 1 0 1 1 1 1 1],-1,120.11474442481995
[0 0 0 1 0 0 1 1 0 1 0 1 1 0 0 1 1 0 1 0 0 1 1 1 1 1 1 0 1 1 1 1],-1,120.11543250083923
[0 0 0 1 0 0 1 1 0 1 0 1 1 0 0 1 1 1 0 0 0 1 1 1 1 0 1 1 1 1 1 0],-1,120.11648368835449
[0 0 0 1 0 0 1 1 0 1 0 1 1 0 0 1 1 1 0 0 0 1 1 1 1 0 1 1 1 1 1 1],0,65.43520307540894
[0 0 0 1 0 0 1 1 0 1 0 1 1 0 0 1 0 1 1 1 1 0 1 1 1 1 0 1 1 1 1 0],-1,120.11342978477478
[0 0 0 1 0 0 1 1 0 1 0 1 1 0 0 1 0 1 1 1 1 0 1 1 1 1 0 1 1 1 1 1],0,0.019516706466674805
[0 0 0 1 0 0 1 1 0 1 0 1 1 0 0 1 0 1 1 1 1 0 1 1 1 1 1 0 1 1 1 1],0,76.12401032447815
[0 0 0 1 0 0 1 1 0 1 0 1 1 0 1 0 1 1 0 0 0 1 1 1 1 0 1 1 1 1 0 1],-1,120.11450290679932
[0 0 0 1 0 0 1 1 0 1 0 1 1 0 1 0 1 1 0 0 0 1 1 1 1 0 1 1 1 1 1 0],-1,120.11551284790039
[0 0 0 1 0 0 1 1 0 1 0 1 1 0 1 0 1 1 0 0 0 1 1 1 1 0 1 1 1 1 1 1],-1,120.11538934707642
[0 0 0 1 0 0 1 1 0 1 0 1 1 0 1 0 0 1 1 1 1 0 1 1 1 1 0 1 1 1 1 0],-1,120.11654710769653
[0 0 0 1 0 0 1 1 0 1 0 1 1 0 1 0 0 1 1 1 1 0 1 1 1 1 0 1 1 1 1 1],0,13.035415649414062
[0 0 0 1 0 0 1 1 0 1 0 1 1 0 1 0 0 1 1 1 1 0 1 1 1 1 1 0 1 1 1 1],0,45.847501039505005
[0 0 0 1 0 0 1 1 0 1 0 1 1 0 1 0 1 1 0 0 0 1 1 1 1 1 1 0 1 1 1 1],-1,120.11304259300232
[0 0 0 1 0 0 1 1 0 1 0 1 1 0 1 0 0 1 1 1 1 1 0 1 1 1 1 0 1 1 1 1],-1,120.11554670333862
[0 0 0 1 0 0 1 1 0 1 0 1 1 1 0 0 0 1 1 1 1 0 1 1 1 1 1 0 1 1 1 1],0,45.361331939697266
[0 0 0 1 0 0 1 1 0 1 0 1 0 1 1 1 1 0 1 1 1 1 0 1 1 1 1 0 1 1 1 1],0,12.982424020767212
[0 0 0 1 0 0 1 1 0 1 1 0 1 0 0 1 1 1 0 0 0 1 1 1 1 1 0 1 1 1 1 0],-1,120.11307621002197
[0 0 0 1 0 0 1 1 0 1 1 0 1 0 0 1 1 1 0 0 0 1 1 1 1 1 0 1 1 1 1 1],-1,120.11679029464722
[0 0 0 1 0 0 1 1 0 1 1 0 1 0 0 1 1 1 0 0 0 1 1 1 1 1 1 0 1 1 1 1],-1,120.11532068252563
[0 0 0 1 0 0 1 1 0 1 1 0 1 0 0 1 0 1 1 1 1 1 0 1 1 1 1 0 1 1 1 1],-1,120.1155571937561
[0 0 0 1 0 0 1 1 0 1 1 0 1 0 0 1 1 0 1 0 1 1 0 0 0 1 1 1 1 1 0 1],-1,120.11628532409668
[0 0 0 1 0 0 1 1 0 1 1 0 1 0 1 0 1 0 0 1 1 1 0 0 0 1 1 1 1 1 1 0],0,60.93866991996765
[0 0 0 1 0 0 1 1 0 1 1 0 1 0 0 1 1 0 1 0 1 1 0 0 0 1 1 1 1 1 1 1],0,120.00366759300232
[0 0 0 1 0 0 1 1 0 1 1 0 1 0 0 1 1 0 1 0 0 1 1 1 1 1 0 1 1 1 1 0],-1,120.1137022972107
[0 0 0 1 0 0 1 1 0 1 1 0 1 0 0 1 1 0 1 0 0 1 1 1 1 1 0 1 1 1 1 1],-1,120.11441731452942
[0 0 0 1 0 0 1 1 0 1 1 0 1 0 1 0 1 0 0 1 0 1 1 1 1 1 1 0 1 1 1 1],-1,120.11446738243103
[0 0 0 1 0 0 1 1 0 1 1 0 1 0 0 1 1 1 0 0 0 1 1 1 1 0 1 1 1 1 0 1],-1,120.11667585372925
[0 0 0 1 0 0 1 1 0 1 1 0 1 0 0 1 1 1 0 0 0 1 1 1 1 0 1 1 1 1 1 0],-1,120.1155092716217
[0 0 0 1 0 0 1 1 0 1 1 0 1 0 0 1 1 1 0 0 0 1 1 1 1 0 1 1 1 1 1 1],-1,120.11736726760864
[0 0 0 1 0 0 1 1 0 1 1 0 1 0 0 1 0 1 1 1 1 0 1 1 1 1 0 1 1 1 1 0],-1,120.11761116981506
[0 0 0 1 0 0 1 1 0 1 1 0 1 0 0 1 0 1 1 1 1 0 1 1 1 1 0 1 1 1 1 1],0,16.099003791809082
[0 0 0 1 0 0 1 1 0 1 1 0 1 0 0 1 0 1 1 1 1 0 1 1 1 1 1 0 1 1 1 1],0,18.3991801738739
[0 0 0 1 0 0 1 1 0 1 1 0 1 0 1 0 1 1 0 0 0 1 1 1 1 0 1 1 1 1 0 1],-1,120.11368989944458
[0 0 0 1 0 0 1 1 0 1 1 0 1 0 1 0 1 1 0 0 0 1 1 1 1 0 1 1 1 1 1 0],0,87.01054501533508
[0 0 0 1 0 0 1 1 0 1 1 0 1 0 1 0 1 1 0 0 0 1 1 1 1 0 1 1 1 1 1 1],-1,120.11319637298584
[0 0 0 1 0 0 1 1 0 1 1 0 1 0 1 0 0 1 1 1 1 0 1 1 1 1 1 0 1 1 0 1],-1,120.11740946769714
[0 0 0 1 0 0 1 1 0 1 1 0 1 0 1 0 0 1 1 1 1 0 1 1 1 1 0 1 1 1 1 1],-1,120.11457800865173
[0 0 0 1 0 0 1 1 0 1 1 0 1 0 1 0 0 1 1 1 1 0 1 1 1 1 1 0 1 1 1 1],0,6.440565824508667
[0 0 0 1 0 1 1 0 0 0 1 1 1 0 1 0 1 1 0 0 0 1 1 1 1 1 1 0 1 1 0 1],0,76.59681797027588
[0 0 0 1 0 0 1 1 0 1 1 0 1 0 1 0 1 1 0 0 0 1 1 1 1 1 0 1 1 1 1 1],-1,120.11354470252991
[0 0 0 1 0 1 1 0 0 0 1 1 1 0 1 0 1 1 0 0 0 1 1 1 1 1 1 0 1 1 1 1],0,96.42592573165894
[0 0 0 1 0 0 1 1 0 1 1 0 1 0 1 0 0 1 1 1 1 1 1 0 1 1 0 1 1 1 1 1],-1,120.11383938789368
[0 0 0 1 0 0 1 1 0 1 1 0 1 1 0 0 0 1 1 1 1 0 1 1 1 1 0 1 1 1 1 0],0,6.42517614364624
[0 0 0 1 0 0 1 1 0 1 1 0 1 1 0 0 0 1 1 1 1 0 1 1 1 1 0 1 1 1 1 1],0,13.161252975463867
[0 0 0 1 0 0 1 1 0 1 1 0 1 1 0 0 0 1 1 1 1 0 1 1 1 1 1 0 1 1 1 1],0,7.178869247436523
[0 0 0 1 0 0 1 1 0 1 1 0 0 1 1 1 1 0 1 1 1 1 0 1 1 1 1 0 1 1 1 1],0,12.862323760986328
[0 0 0 1 0 1 1 0 0 0 1 1 1 1 0 0 0 1 1 1 1 1 0 1 1 1 1 0 1 1 1 1],0,6.458212375640869
[0 0 0 1 0 1 1 0 1 0 1 0 1 1 0 0 0 0 1 1 1 1 1 0 1 1 0 1 1 1 1 1],0,88.61845207214355
[0 0 0 1 0 0 1 1 0 1 1 0 1 1 0 0 1 0 1 1 1 1 0 1 1 1 1 0 1 1 1 1],0,6.848127603530884
[0 0 0 1 0 0 1 1 1 1 0 0 0 1 1 1 1 0 1 1 1 1 0 1 1 1 1 0 1 1 1 1],0,14.949076890945435
[0 0 0 1 0 1 1 0 1 0 1 0 1 1 0 0 1 0 0 1 1 1 1 0 0 1 1 1 1 1 1 1],0,94.81917262077332
[0 0 0 1 0 1 1 0 1 0 0 1 1 0 1 0 0 1 1 1 1 1 0 1 1 1 1 0 1 1 1 1],0,7.0872979164123535
[0 0 0 1 0 1 1 0 1 0 0 1 0 1 1 1 1 0 1 1 1 1 0 1 1 1 1 0 1 1 1 1],0,16.102247953414917
[0 0 0 1 0 1 1 0 1 0 1 0 1 1 0 0 1 1 1 0 0 1 1 1 1 0 1 1 1 1 0 1],-1,120.11269974708557
[0 0 0 1 0 1 1 0 1 0 1 0 1 1 0 0 0 1 1 1 1 0 1 1 1 1 0 1 1 1 1 1],-1,120.11463975906372
[0 0 0 1 0 1 1 0 1 0 1 0 1 1 0 0 1 1 1 0 0 1 1 1 1 0 1 1 1 1 1 1],-1,120.11763763427734
[0 0 0 1 0 1 1 0 1 0 1 0 0 1 1 1 1 0 1 1 1 1 1 0 1 1 0 1 1 1 1 1],-1,120.11639165878296
[0 0 0 1 0 1 1 0 1 0 1 0 1 1 0 0 0 1 0 1 1 1 1 0 1 0 1 1 1 1 1 1],0,88.82646656036377
[0 0 1 1 0 1 0 1 0 1 1 0 1 0 0 1 1 0 1 0 1 1 0 0 0 1 1 1 1 0 1 1],-1,120.11401510238647
[0 0 1 1 0 1 0 1 0 1 1 0 1 0 0 1 1 0 1 0 0 1 1 1 1 0 1 1 1 1 0 1],-1,120.11674356460571
[0 0 1 1 0 1 0 1 0 1 1 0 1 0 0 1 1 0 1 0 0 1 1 1 1 0 1 1 1 1 1 1],-1,120.11538434028625
[0 0 1 1 0 1 0 1 0 1 1 0 1 0 0 1 1 0 1 0 1 1 0 0 0 1 1 1 1 1 1 1],-1,120.1153917312622
[0 0 1 1 0 1 0 1 0 1 1 0 1 0 0 1 1 0 1 0 0 1 1 1 1 1 0 1 1 1 1 0],-1,120.1153998374939
[0 0 1 1 0 1 0 1 0 1 1 0 1 0 0 1 1 0 1 0 0 1 1 1 1 1 0 1 1 1 1 1],-1,120.11461782455444
[0 0 1 1 0 1 0 1 0 1 1 0 1 0 0 1 1 1 0 0 0 1 1 1 1 0 1 1 1 1 1 0],-1,120.11747169494629
[0 0 1 1 0 1 0 1 0 1 1 0 1 0 0 1 1 1 0 0 0 1 1 1 1 0 1 1 1 1 1 1],-1,120.11459612846375
[0 0 1 1 0 1 0 1 0 1 1 0 1 0 0 1 0 1 1 1 1 0 1 1 1 1 0 1 1 1 1 0],-1,120.11535167694092
[0 0 1 1 0 1 0 1 0 1 1 0 1 0 0 1 0 1 1 1 1 0 1 1 1 1 0 1 1 1 1 1],-1,120.11555695533752
[0 0 1 1 0 1 0 1 0 1 1 0 1 0 0 1 0 1 1 1 1 0 1 1 1 1 1 0 1 1 1 1],-1,120.11448884010315
[0 0 1 1 0 1 0 1 0 1 1 0 1 0 1 0 1 1 0 0 0 1 1 1 1 0 1 1 1 1 0 1],-1,120.11448216438293
[0 0 1 1 0 1 0 1 0 1 1 0 1 0 1 0 0 1 1 1 1 0 1 1 1 1 0 1 1 1 1 1],-1,120.11545157432556
[0 0 1 1 0 1 0 1 0 1 1 0 0 1 1 1 1 0 1 1 1 1 0 1 1 1 1 0 1 1 1 1],-1,120.11672186851501
[0 0 1 1 0 1 0 1 0 1 1 0 1 0 0 1 1 0 1 0 1 1 0 1 1 1 1 0 1 1 1 1],-1,120.11642217636108
[0 0 1 1 0 1 0 1 0 1 1 0 1 0 0 1 1 1 0 0 1 0 1 1 1 1 1 0 1 1 1 1],-1,120.11545181274414
[0 0 1 1 0 1 0 1 0 1 1 0 1 0 0 1 1 0 1 1 1 1 0 1 1 1 1 0 1 1 1 1],-1,120.11647582054138
[0 0 1 1 0 1 0 1 0 1 1 0 1 0 1 0 1 1 0 0 1 0 1 1 1 1 0 1 1 1 1 1],-1,120.11538124084473
[0 0 1 1 0 1 0 1 1 0 0 1 1 0 1 0 1 1 0 0 0 1 1 1 1 1 1 0 1 1 1 1],-1,120.11456370353699
[0 0 1 1 0 1 0 1 1 0 0 1 1 0 1 0 0 1 1 1 1 1 0 1 1 1 1 0 1 1 1 1],-1,120.11556267738342
[0 0 1 1 0 1 0 1 1 0 0 1 1 1 0 0 0 1 1 1 1 0 1 1 1 1 1 0 1 1 1 1],-1,120.11538434028625
[0 0 1 1 0 1 0 1 1 0 0 1 0 1 1 1 1 0 1 1 1 1 0 1 1 1 1 0 1 1 1 1],-1,120.11450481414795
[0 0 1 1 0 1 0 1 1 0 1 0 1 1 0 0 0 1 1 1 1 0 1 1 1 1 0 1 1 1 1 0],-1,120.11757159233093
[0 0 1 1 0 1 0 1 1 0 1 0 1 1 0 0 0 1 1 1 1 0 1 1 1 1 0 1 1 1 1 1],-1,120.11546206474304
[0 0 1 1 0 1 0 1 1 0 1 0 1 1 0 0 0 1 1 1 1 0 1 1 1 1 1 0 1 1 1 1],-1,120.11553072929382
[0 0 1 1 0 1 0 1 1 0 1 0 0 1 1 1 1 0 1 1 1 1 0 1 1 1 1 0 1 1 1 1],-1,120.11445713043213
