J,K,N,p,seed,sim,runtime,identifiable,branch
20,10,10,0.1,0,0,0.0008069872856140137,0,-1
20,10,10,0.1,0,1,0.001628592610359192,0,2
20,10,10,0.1,0,2,0.0011706817895174026,0,2
20,10,10,0.1,0,3,0.0007488615810871124,0,-1
20,10,10,0.1,0,4,0.0012149512767791748,0,-1
20,10,10,0.1,0,5,0.0010918229818344116,0,0
20,10,10,0.1,0,6,0.0015824921429157257,0,2
20,10,10,0.1,0,7,0.0013497881591320038,0,0
20,10,10,0.1,0,8,0.0009927228093147278,0,-1
20,10,10,0.1,0,9,0.0022399257868528366,0,2
20,10,10,0.1,1,0,0.0008780788630247116,0,-1
20,10,10,0.1,1,1,0.0014831200242042542,0,2
20,10,10,0.1,1,2,0.0012999027967453003,0,2
20,10,10,0.1,1,3,0.0007983744144439697,0,-1
20,10,10,0.1,1,4,0.0007258616387844086,0,-1
20,10,10,0.1,1,5,0.0007658731192350388,0,-1
20,10,10,0.1,1,6,0.0012921784073114395,0,2
20,10,10,0.1,1,7,0.0018944945186376572,0,2
20,10,10,0.1,1,8,0.4618758913129568,True,6
20,10,10,0.1,1,9,0.001318659633398056,0,0
20,10,10,0.1,2,0,0.0006754323840141296,0,-1
20,10,10,0.1,2,1,0.0014885123819112778,0,0
20,10,10,0.1,2,2,0.0011154264211654663,0,0
20,10,10,0.1,2,3,0.0007921364158391953,0,0
20,10,10,0.1,2,4,0.0006681438535451889,0,-1
20,10,10,0.1,2,5,0.001754140481352806,0,0
20,10,10,0.1,2,6,0.0008146800100803375,0,0
20,10,10,0.1,2,7,0.0005378201603889465,0,-1
20,10,10,0.1,2,8,0.0007082521915435791,0,-1
20,10,10,0.1,2,9,0.0005485489964485168,0,-1
20,10,10,0.1,3,0,0.0010630618780851364,0,-1
20,10,10,0.1,3,1,0.0007557235658168793,0,-1
20,10,10,0.1,3,2,0.0006410200148820877,0,-1
20,10,10,0.1,3,3,0.0006522871553897858,0,-1
20,10,10,0.1,3,4,0.00166366808116436,0,2
20,10,10,0.1,3,5,0.00117451511323452,0,0
20,10,10,0.1,3,6,0.001017589122056961,0,0
20,10,10,0.1,3,7,0.0008632801473140717,0,0
20,10,10,0.1,3,8,0.00060231052339077,0,-1
20,10,10,0.1,3,9,0.0006520040333271027,0,-1
20,10,10,0.1,5,0,0.002347443252801895,0,2
20,10,10,0.1,5,1,0.0008833073079586029,0,-1
20,10,10,0.1,5,2,0.0007368680089712143,0,-1
20,10,10,0.1,5,3,0.0007329713553190231,0,-1
20,10,10,0.1,5,4,0.0006747730076313019,0,-1
20,10,10,0.1,5,5,0.0015461686998605728,0,2
20,10,10,0.1,5,6,0.0007518790662288666,0,-1
20,10,10,0.1,5,7,0.0008919686079025269,0,-1
20,10,10,0.1,5,8,0.0009961966425180435,0,-1
20,10,10,0.1,5,9,0.001047920435667038,0,-1
20,10,10,0.1,4,0,0.0017961235716938972,0,2
20,10,10,0.1,4,1,0.000824236311018467,0,0
20,10,10,0.1,4,2,0.0013908976688981056,0,2
20,10,10,0.1,4,3,0.0006912751123309135,0,-1
20,10,10,0.1,4,4,0.0009879162535071373,0,-1
20,10,10,0.1,4,5,0.6993347816169262,True,6
20,10,10,0.1,4,6,0.0006810659542679787,0,-1
20,10,10,0.1,4,7,0.0004892805591225624,0,-1
20,10,10,0.1,4,8,0.0008008843287825584,0,-1
20,10,10,0.1,4,9,0.001345786266028881,0,0
20,10,10,0.1,7,0,0.000959496945142746,0,-1
20,10,10,0.1,7,1,0.0009360853582620621,0,-1
20,10,10,0.1,7,2,0.0009101368486881256,0,0
20,10,10,0.1,7,3,0.0005237367004156113,0,-1
20,10,10,0.1,7,4,0.0011162515729665756,0,0
20,10,10,0.1,7,5,0.0007478613406419754,0,-1
20,10,10,0.1,7,6,0.0006951801478862762,0,-1
20,10,10,0.1,7,7,0.000918656587600708,0,-1
20,10,10,0.1,7,8,0.0007596444338560104,0,-1
20,10,10,0.1,7,9,0.0008451547473669052,0,-1
20,10,10,0.1,6,0,0.001099947839975357,0,-1
20,10,10,0.1,6,1,0.0017695650458335876,0,2
20,10,10,0.1,6,2,0.0007167849689722061,0,-1
20,10,10,0.1,6,3,0.0012787356972694397,0,2
20,10,10,0.1,6,4,0.0006926655769348145,0,-1
20,10,10,0.1,6,5,0.001703830435872078,0,2
20,10,10,0.1,6,6,0.0014630351215600967,0,2
20,10,10,0.1,6,7,0.24681196548044682,True,6
20,10,10,0.1,6,8,0.0015308074653148651,0,2
20,10,10,0.1,6,9,0.000675620511174202,0,-1
20,10,10,0.1,9,0,0.0012021418660879135,0,0
20,10,10,0.1,9,1,0.0008013620972633362,0,-1
20,10,10,0.1,9,2,0.0009535197168588638,0,0
20,10,10,0.1,9,3,0.0010451804846525192,0,-1
20,10,10,0.1,9,4,0.0007057972252368927,0,-1
20,10,10,0.1,9,5,0.0009438712149858475,0,-1
20,10,10,0.1,9,6,0.002597872167825699,0,2
20,10,10,0.1,9,7,0.0009621437638998032,0,-1
20,10,10,0.1,9,8,0.0007266122847795486,0,-1
20,10,10,0.1,9,9,0.0005651805549860001,0,-1
20,10,10,0.1,8,0,0.0010881274938583374,0,-1
20,10,10,0.1,8,1,0.0006409119814634323,0,-1
20,10,10,0.1,8,2,0.0005444400012493134,0,-1
20,10,10,0.1,8,3,0.0008477531373500824,0,-1
20,10,10,0.1,8,4,0.0017557553946971893,0,0
20,10,10,0.1,8,5,0.0008263736963272095,0,-1
20,10,10,0.1,8,6,0.0006101634353399277,0,-1
20,10,10,0.1,8,7,0.0008001662790775299,0,-1
20,10,10,0.1,8,8,0.0005922354757785797,0,-1
20,10,10,0.1,8,9,0.002255162224173546,0,2
20,10,10,0.1,10,0,0.0005702879279851913,0,-1
20,10,10,0.1,10,1,0.0010252222418785095,0,-1
20,10,10,0.1,10,2,0.000577189028263092,0,-1
20,10,10,0.1,10,3,0.001578792929649353,0,2
20,10,10,0.1,10,4,0.0012588407844305038,0,2
20,10,10,0.1,10,5,0.0012193992733955383,0,-1
20,10,10,0.1,10,6,0.0013695526868104935,0,2
20,10,10,0.1,10,7,0.0005935858935117722,0,-1
20,10,10,0.1,10,8,0.0006979219615459442,0,-1
20,10,10,0.1,10,9,0.0013989917933940887,0,2
20,10,10,0.1,11,0,0.0016425978392362595,0,2
20,10,10,0.1,11,1,0.0006997417658567429,0,-1
20,10,10,0.1,11,2,0.0008810479193925858,0,-1
20,10,10,0.1,11,3,0.0008384231477975845,0,-1
20,10,10,0.1,11,4,0.0010159574449062347,0,-1
20,10,10,0.1,11,5,0.001182015985250473,0,0
20,10,10,0.1,11,6,0.0008026547729969025,0,-1
20,10,10,0.1,11,7,0.00085415318608284,0,-1
20,10,10,0.1,11,8,0.0009129196405410767,0,-1
20,10,10,0.1,11,9,0.0017376523464918137,0,2
20,10,10,0.1,12,0,0.0013742782175540924,0,2
20,10,10,0.1,12,1,0.0011027678847312927,0,2
20,10,10,0.1,12,2,0.0008856728672981262,0,0
20,10,10,0.1,12,3,0.0012087058275938034,0,0
20,10,10,0.1,12,4,0.001533064991235733,0,0
20,10,10,0.1,12,5,0.0006502475589513779,0,-1
20,10,10,0.1,12,6,0.0005227699875831604,0,-1
20,10,10,0.1,12,7,0.0008767955005168915,0,0
20,10,10,0.1,12,8,0.0015476904809474945,0,0
20,10,10,0.1,12,9,0.0007427167147397995,0,0
20,10,10,0.1,13,0,0.0014313627034425735,0,0
20,10,10,0.1,13,1,0.0011962410062551498,0,2
20,10,10,0.1,13,2,0.000750366598367691,0,-1
20,10,10,0.1,13,3,0.0007703676819801331,0,-1
20,10,10,0.1,13,4,0.0013240575790405273,0,2
20,10,10,0.1,13,5,0.0007749032229185104,0,-1
20,10,10,0.1,13,6,0.0007505584508180618,0,-1
20,10,10,0.1,13,7,0.0006892234086990356,0,-1
20,10,10,0.1,13,8,0.00099082849919796,0,-1
20,10,10,0.1,13,9,0.0006821304559707642,0,-1
20,10,10,0.1,15,0,0.002368669956922531,0,2
20,10,10,0.1,15,1,0.001538468524813652,0,0
20,10,10,0.1,15,2,0.000565655529499054,0,-1
20,10,10,0.1,15,3,0.0008206311613321304,0,-1
20,10,10,0.1,15,4,0.0006882306188344955,0,-1
20,10,10,0.1,14,0,0.001065235584974289,0,-1
20,10,10,0.1,14,1,0.002743164077401161,0,2
20,10,10,0.1,14,2,0.0014143232256174088,0,0
20,10,10,0.1,14,3,0.0008548274636268616,0,0
20,10,10,0.1,14,4,0.0005407873541116714,0,-1
20,10,10,0.1,14,5,0.0006826799362897873,0,-1
20,10,10,0.1,14,6,0.0006524454802274704,0,-1
20,10,10,0.1,14,7,0.0017402991652488708,0,2
20,10,10,0.1,14,8,0.0013343468308448792,0,2
20,10,10,0.1,14,9,0.000774608924984932,0,-1
20,10,10,0.1,15,5,0.41170990839600563,True,6
20,10,10,0.1,15,6,0.0019400976598262787,0,2
20,10,10,0.1,15,7,0.0010363776236772537,0,0
20,10,10,0.1,15,8,0.0010894741863012314,0,2
20,10,10,0.1,15,9,0.0007223263382911682,0,-1
20,10,10,0.1,16,0,0.000795997679233551,0,-1
20,10,10,0.1,17,1,0.0011191591620445251,0,-1
20,10,10,0.1,16,2,0.0008189864456653595,0,-1
20,10,10,0.1,17,2,0.0006048809736967087,0,-1
20,10,10,0.1,16,3,0.0016175620257854462,0,2
20,10,10,0.1,17,3,0.001011563464999199,0,-1
20,10,10,0.1,16,4,0.0007590129971504211,0,-1
20,10,10,0.1,17,4,0.0006561744958162308,0,-1
20,10,10,0.1,16,5,0.0006038174033164978,0,-1
20,10,10,0.1,17,5,0.000809473916888237,0,-1
20,10,10,0.1,16,6,0.0006115268915891647,0,-1
20,10,10,0.1,17,6,0.000655563548207283,0,-1
20,10,10,0.1,17,7,0.00040717795491218567,0,-1
20,10,10,0.1,16,7,0.0011135097593069077,0,-1
20,10,10,0.1,17,8,0.0023721791803836823,0,2
20,10,10,0.1,16,8,0.001063801348209381,0,0
20,10,10,0.1,17,9,0.0014583934098482132,0,2
20,10,10,0.1,16,9,0.0009749550372362137,0,-1
20,10,10,0.1,18,0,0.001192452386021614,0,0
20,10,10,0.1,18,1,0.0005867592990398407,0,-1
20,10,10,0.1,18,2,0.0013334043323993683,0,2
20,10,10,0.1,18,3,0.001050364226102829,0,0
20,10,10,0.1,18,4,0.0009652525186538696,0,0
20,10,10,0.1,18,5,0.0006403028964996338,0,-1
20,10,10,0.1,18,6,0.0011517852544784546,0,0
20,10,10,0.1,18,7,0.0005489401519298553,0,-1
20,10,10,0.1,18,8,0.0005305279046297073,0,-1
20,10,10,0.1,18,9,0.0006309282034635544,0,-1
20,10,10,0.1,19,0,0.0006897803395986557,0,-1
20,10,10,0.1,19,1,0.0008465256541967392,0,-1
20,10,10,0.1,19,2,0.0006402488797903061,0,-1
20,10,10,0.1,19,3,0.0005972906947135925,0,-1
20,10,10,0.1,19,4,0.0006414037197828293,0,-1
20,10,10,0.1,19,5,0.000802505761384964,0,0
20,10,10,0.1,19,6,0.0015217773616313934,0,2
20,10,10,0.1,19,7,0.0005636848509311676,0,-1
20,10,10,0.1,19,8,0.0017166007310152054,0,2
20,10,10,0.1,19,9,0.0005993824452161789,0,-1
20,10,10,0.1,20,0,0.0011381246149539948,0,-1
20,10,10,0.1,20,1,0.0013628341257572174,0,0
20,10,10,0.1,20,2,0.0009244289249181747,0,0
20,10,10,0.1,20,3,0.000792182981967926,0,-1
20,10,10,0.1,20,4,0.0006645806133747101,0,-1
20,10,10,0.1,20,5,0.0005399920046329498,0,-1
20,10,10,0.1,20,6,0.0008701607584953308,0,-1
20,10,10,0.1,20,7,0.000568147748708725,0,-1
20,10,10,0.1,20,8,0.0011459626257419586,0,0
20,10,10,0.1,20,9,0.0006929915398359299,0,-1
20,10,10,0.1,21,0,0.0006452873349189758,0,-1
20,10,10,0.1,21,1,0.0010753367096185684,0,0
20,10,10,0.1,21,2,0.0008806642144918442,0,-1
20,10,10,0.1,21,3,0.0009688530117273331,0,0
20,10,10,0.1,21,4,0.0006787553429603577,0,-1
20,10,10,0.1,21,5,0.0005219820886850357,0,-1
20,10,10,0.1,21,6,0.0010411590337753296,0,0
20,10,10,0.1,21,7,0.0005983971059322357,0,-1
20,10,10,0.1,21,8,0.0005245134234428406,0,-1
20,10,10,0.1,21,9,0.0006456077098846436,0,-1
20,10,10,0.1,22,0,0.0010305531322956085,0,-1
20,10,10,0.1,22,1,0.00213061086833477,0,2
20,10,10,0.1,22,2,0.0011099912226200104,0,0
20,10,10,0.1,22,3,0.0007751770317554474,0,-1
20,10,10,0.1,22,4,0.0013369414955377579,0,2
20,10,10,0.1,22,5,0.0006448384374380112,0,-1
20,10,10,0.1,22,6,0.0005593467503786087,0,-1
20,10,10,0.1,22,7,0.0005855951458215714,0,-1
20,10,10,0.1,22,8,0.0017705578356981277,0,2
20,10,10,0.1,22,9,0.0006978996098041534,0,-1
20,10,10,0.1,23,0,0.8151892749592662,True,6
20,10,10,0.1,23,1,0.0006754063069820404,0,-1
20,10,10,0.1,23,2,0.0011334316805005074,0,-1
20,10,10,0.1,23,3,0.0008467873558402061,0,0
20,10,10,0.1,23,4,0.0011718356981873512,0,0
20,10,10,0.1,23,5,0.0019343169406056404,0,2
20,10,10,0.1,23,6,0.0007614037021994591,0,-1
20,10,10,0.1,23,7,0.0009092520922422409,0,-1
20,10,10,0.1,23,8,0.002090662717819214,0,2
20,10,10,0.1,23,9,0.0029570404440164566,0,2
20,10,10,0.1,24,0,0.0014064144343137741,0,0
20,10,10,0.1,24,1,0.0015483535826206207,0,0
20,10,10,0.1,24,2,0.0009588394314050674,0,0
20,10,10,0.1,24,3,0.0007596295326948166,0,0
20,10,10,0.1,24,4,0.001533355563879013,0,2
20,10,10,0.1,24,5,0.000637957826256752,0,-1
20,10,10,0.1,24,6,0.0016987714916467667,0,2
20,10,10,0.1,24,7,0.00120636448264122,0,2
20,10,10,0.1,24,8,0.0010769851505756378,0,0
20,10,10,0.1,24,9,0.001707443967461586,0,2
20,10,10,0.1,25,0,0.0007432252168655396,0,-1
20,10,10,0.1,25,1,0.000950617715716362,0,-1
20,10,10,0.1,25,2,0.0007583955302834511,0,-1
20,10,10,0.1,25,3,0.002047753892838955,0,2
20,10,10,0.1,25,4,0.0006479062139987946,0,-1
20,10,10,0.1,25,5,0.0013828929513692856,0,2
20,10,10,0.1,25,6,0.000809594988822937,0,-1
20,10,10,0.1,25,7,0.0010065333917737007,0,0
20,10,10,0.1,25,8,0.0007273182272911072,0,-1
20,10,10,0.1,25,9,0.0011242171749472618,0,2
20,10,10,0.1,26,0,0.0010790713131427765,0,0
20,10,10,0.1,26,1,0.0006998404860496521,0,-1
20,10,10,0.1,26,2,0.0011116862297058105,0,2
20,10,10,0.1,26,3,0.001020275056362152,0,-1
20,10,10,0.1,26,4,0.000855814665555954,0,-1
20,10,10,0.1,26,5,0.0009954571723937988,0,0
20,10,10,0.1,26,6,0.001256745308637619,0,2
20,10,10,0.1,26,7,0.0007062666118144989,0,-1
20,10,10,0.1,26,8,0.000514661893248558,0,-1
20,10,10,0.1,26,9,0.000672806054353714,0,-1
20,10,10,0.1,27,0,0.6109542110934854,True,6
20,10,10,0.1,27,1,0.0010743476450443268,0,-1
20,10,10,0.1,27,2,0.0006148470565676689,0,-1
20,10,10,0.1,27,3,0.0009894147515296936,0,0
20,10,10,0.1,27,4,0.001093992032110691,0,0
20,10,10,0.1,27,5,0.0007347967475652695,0,-1
20,10,10,0.1,27,6,0.001756139099597931,0,2
20,10,10,0.1,27,7,0.0009567486122250557,0,-1
20,10,10,0.1,27,8,0.000587177462875843,0,-1
20,10,10,0.1,27,9,0.001247265376150608,0,0
20,10,10,0.1,28,0,0.0012735715135931969,0,-1
20,10,10,0.1,28,1,0.0014563621953129768,0,0
20,10,10,0.1,28,2,0.0016340268775820732,0,2
20,10,10,0.1,28,3,0.0008005909621715546,0,-1
20,10,10,0.1,28,4,0.0008686874061822891,0,-1
20,10,10,0.1,28,5,0.0006955107674002647,0,-1
20,10,10,0.1,28,6,0.001164902001619339,0,0
20,10,10,0.1,28,7,0.0013057747855782509,0,0
20,10,10,0.1,28,8,0.0021003782749176025,0,2
20,10,10,0.1,28,9,0.0006873952224850655,0,-1
20,10,10,0.1,29,0,0.0007501877844333649,0,-1
20,10,10,0.1,29,1,0.0008838959038257599,0,-1
20,10,10,0.1,29,2,0.0007609203457832336,0,-1
20,10,10,0.1,29,3,0.0013658609241247177,0,0
20,10,10,0.1,29,4,0.0014840289950370789,0,2
20,10,10,0.1,29,5,0.0009066164493560791,0,0
20,10,10,0.1,29,6,0.0011200886219739914,0,0
20,10,10,0.1,29,7,0.0008242819458246231,0,-1
20,10,10,0.1,29,8,0.0009017661213874817,0,0
20,10,10,0.1,29,9,0.000957190990447998,0,0
20,10,10,0.1,30,0,0.0017780205234885216,0,2
20,10,10,0.1,30,1,0.0018052570521831512,0,2
20,10,10,0.1,30,2,0.001418905332684517,0,2
20,10,10,0.1,30,3,0.0017299363389611244,0,2
20,10,10,0.1,30,4,0.0009665703400969505,0,0
20,10,10,0.1,30,5,0.0015988685190677643,0,2
20,10,10,0.1,30,6,0.0008454872295260429,0,-1
20,10,10,0.1,30,7,0.0006399340927600861,0,-1
20,10,10,0.1,30,8,0.0010943030938506126,0,-1
20,10,10,0.1,30,9,0.0010538697242736816,0,0
20,10,10,0.1,31,0,0.0018183374777436256,0,2
20,10,10,0.1,31,1,0.0007511815056204796,0,-1
20,10,10,0.1,31,2,0.000843915157020092,0,0
20,10,10,0.1,31,3,0.001392420381307602,0,2
20,10,10,0.1,31,4,0.0014308253303170204,0,0
20,10,10,0.1,31,5,0.0008146120235323906,0,-1
20,10,10,0.1,31,6,0.0006138309836387634,0,-1
20,10,10,0.1,31,7,0.002104656770825386,0,2
20,10,10,0.1,31,8,0.0013070879504084587,0,0
20,10,10,0.1,31,9,0.0006017815321683884,0,-1
20,10,10,0.1,32,0,0.0008384287357330322,0,-1
20,10,10,0.1,32,1,0.0021098582074046135,0,2
20,10,10,0.1,32,2,0.0010338788852095604,0,0
20,10,10,0.1,32,3,0.0007858928292989731,0,-1
20,10,10,0.1,32,4,0.002334372140467167,0,2
20,10,10,0.1,32,5,0.0007366864010691643,0,-1
20,10,10,0.1,32,6,0.0015882356092333794,0,2
20,10,10,0.1,32,7,0.0006932541728019714,0,-1
20,10,10,0.1,32,8,0.0009189741685986519,0,0
20,10,10,0.1,32,9,0.0008242148905992508,0,-1
20,10,10,0.1,33,0,0.0008271560072898865,0,-1
20,10,10,0.1,33,1,0.0012910645455121994,0,0
20,10,10,0.1,33,2,0.0019155405461788177,0,2
20,10,10,0.1,33,3,0.0015067216008901596,0,2
20,10,10,0.1,33,4,0.0006232578307390213,0,-1
20,10,10,0.1,33,5,0.0009529087692499161,0,-1
20,10,10,0.1,33,6,0.0005630794912576675,0,-1
20,10,10,0.1,33,7,0.0012648310512304306,0,-1
20,10,10,0.1,33,8,0.0014586243778467178,0,0
20,10,10,0.1,33,9,0.0006794258952140808,0,-1
20,10,10,0.1,34,0,0.002605833113193512,0,0
20,10,10,0.1,34,1,0.0010252203792333603,0,-1
20,10,10,0.1,34,2,0.0006352253258228302,0,-1
20,10,10,0.1,34,3,0.0005177725106477737,0,-1
20,10,10,0.1,34,4,0.0014480743557214737,0,2
20,10,10,0.1,34,5,0.0004739481955766678,0,-1
20,10,10,0.1,34,6,0.0008339863270521164,0,-1
20,10,10,0.1,34,7,0.0012504477053880692,0,2
20,10,10,0.1,34,8,0.0019595585763454437,0,2
20,10,10,0.1,34,9,0.0010899193584918976,0,0
20,10,10,0.1,36,0,0.0014043673872947693,0,2
20,10,10,0.1,36,1,0.001708032563328743,0,2
20,10,10,0.1,36,2,0.0007641240954399109,0,-1
20,10,10,0.1,36,3,0.000845571979880333,0,0
20,10,10,0.1,36,4,0.0008613970130681992,0,-1
20,10,10,0.1,36,5,0.0015382170677185059,0,2
20,10,10,0.1,36,6,0.0006072260439395905,0,-1
20,10,10,0.1,36,7,0.0006948970258235931,0,-1
20,10,10,0.1,35,0,0.0010281791910529137,0,0
20,10,10,0.1,35,1,0.0009975731372833252,0,-1
20,10,10,0.1,35,2,0.0009547332301735878,0,-1
20,10,10,0.1,35,3,0.0008240919560194016,0,0
20,10,10,0.1,35,4,0.0008420003578066826,0,-1
20,10,10,0.1,35,5,0.0018525440245866776,0,2
20,10,10,0.1,35,6,0.0007057236507534981,0,-1
20,10,10,0.1,35,7,0.001313949003815651,0,0
20,10,10,0.1,35,8,0.0008136807009577751,0,-1
20,10,10,0.1,35,9,0.0006026588380336761,0,-1
20,10,10,0.1,37,0,0.0012469328939914703,0,0
20,10,10,0.1,37,1,0.0010558739304542542,0,-1
20,10,10,0.1,37,2,0.0018484611064195633,0,2
20,10,10,0.1,37,3,0.0014028120785951614,0,0
20,10,10,0.1,37,4,0.0007407516241073608,0,-1
20,10,10,0.1,37,5,0.0007617957890033722,0,-1
20,10,10,0.1,37,6,0.0006976146250963211,0,-1
20,10,10,0.1,37,7,0.0006490591913461685,0,-1
20,10,10,0.1,37,8,0.0006660595536231995,0,-1
20,10,10,0.1,37,9,0.0007703900337219238,0,-1
20,10,10,0.1,36,8,0.8711580522358418,True,6
20,10,10,0.1,36,9,0.0008385088294744492,0,-1
20,10,10,0.1,38,0,0.0012918086722493172,0,-1
20,10,10,0.1,38,1,0.0012436006218194962,0,0
20,10,10,0.1,38,2,0.0007362943142652512,0,-1
20,10,10,0.1,38,3,0.0006701350212097168,0,0
20,10,10,0.1,38,4,0.0020494619384407997,0,2
20,10,10,0.1,38,5,0.001247607171535492,0,2
20,10,10,0.1,38,6,0.0006399434059858322,0,-1
20,10,10,0.1,38,7,0.0007067862898111343,0,-1
20,10,10,0.1,38,8,0.0016599195078015327,0,2
20,10,10,0.1,38,9,0.000670301727950573,0,-1
20,10,10,0.1,39,0,0.002341603860259056,0,2
20,10,10,0.1,39,1,0.001469489187002182,0,0
20,10,10,0.1,39,2,0.0007223151624202728,0,-1
20,10,10,0.1,39,3,0.000872388482093811,0,-1
20,10,10,0.1,39,4,0.0008508544415235519,0,-1
20,10,10,0.1,39,5,0.0007145814597606659,0,-1
20,10,10,0.1,39,6,0.0005681905895471573,0,-1
20,10,10,0.1,39,7,0.0004887953400611877,0,-1
20,10,10,0.1,39,8,0.0011561308056116104,0,0
20,10,10,0.1,39,9,0.0008329842239618301,0,-1
20,10,10,0.1,40,0,0.0016433242708444595,0,2
20,10,10,0.1,40,1,0.0006328783929347992,0,-1
20,10,10,0.1,40,2,0.0011273007839918137,0,0
20,10,10,0.1,40,3,0.0011949557811021805,0,-1
20,10,10,0.1,40,4,0.0014889594167470932,0,2
20,10,10,0.1,40,5,0.0006394833326339722,0,-1
20,10,10,0.1,40,6,0.0008898209780454636,0,-1
20,10,10,0.1,40,7,0.0006837155669927597,0,-1
20,10,10,0.1,40,8,0.0009970907121896744,0,0
20,10,10,0.1,40,9,0.001107487827539444,0,0
20,10,10,0.1,43,0,0.001385670155286789,0,2
20,10,10,0.1,43,1,0.0007837694138288498,0,-1
20,10,10,0.1,43,2,0.0005366727709770203,0,-1
20,10,10,0.1,43,3,0.001593615859746933,0,2
20,10,10,0.1,43,4,0.001006636768579483,0,-1
20,10,10,0.1,43,5,0.0006168223917484283,0,-1
20,10,10,0.1,43,6,0.0010006576776504517,0,-1
20,10,10,0.1,43,7,0.0012039560824632645,0,0
20,10,10,0.1,43,8,0.0008936766535043716,0,0
20,10,10,0.1,43,9,0.0009992942214012146,0,-1
20,10,10,0.1,42,0,0.0009401831775903702,0,-1
20,10,10,0.1,42,1,0.0008487813174724579,0,-1
20,10,10,0.1,42,2,0.002075526863336563,0,2
20,10,10,0.1,42,3,0.0006227586418390274,0,-1
20,10,10,0.1,42,4,0.0008546635508537292,0,-1
20,10,10,0.1,42,5,0.0013831648975610733,0,2
20,10,10,0.1,42,6,0.0012580659240484238,0,0
20,10,10,0.1,42,7,0.0006531774997711182,0,-1
20,10,10,0.1,42,8,0.001330336555838585,0,2
20,10,10,0.1,42,9,0.0007915506139397621,0,-1
20,10,10,0.1,41,0,0.0014168182387948036,0,-1
20,10,10,0.1,41,1,0.0006963955238461494,0,-1
20,10,10,0.1,41,2,0.0008399207144975662,0,-1
20,10,10,0.1,41,3,0.0009242929518222809,0,0
20,10,10,0.1,41,4,0.0016222400590777397,0,2
20,10,10,0.1,41,5,0.0005548605695366859,0,-1
20,10,10,0.1,41,6,0.0019667521119117737,0,2
20,10,10,0.1,41,7,0.0007325001060962677,0,-1
20,10,10,0.1,41,8,0.0008004903793334961,0,-1
20,10,10,0.1,41,9,0.0007775574922561646,0,-1
20,10,10,0.1,46,0,0.0008932007476687431,0,-1
20,10,10,0.1,46,1,0.0006725797429680824,0,-1
20,10,10,0.1,46,2,0.0008187182247638702,0,-1
20,10,10,0.1,46,3,0.0005243690684437752,0,-1
20,10,10,0.1,46,4,0.0018375767394900322,0,2
20,10,10,0.1,46,5,0.0016165869310498238,0,2
20,10,10,0.1,46,6,0.0007080752402544022,0,-1
20,10,10,0.1,46,7,0.0008826665580272675,0,-1
20,10,10,0.1,46,8,0.0010638367384672165,0,-1
20,10,10,0.1,46,9,0.0006106384098529816,0,-1
20,10,10,0.1,44,0,0.0013064173981547356,0,-1
20,10,10,0.1,44,1,0.000805840827524662,0,-1
20,10,10,0.1,44,2,0.0013634804636240005,0,0
20,10,10,0.1,44,3,0.001441311091184616,0,2
20,10,10,0.1,44,4,0.0007597152143716812,0,-1
20,10,10,0.1,44,5,0.0010010525584220886,0,2
20,10,10,0.1,44,6,0.000583358108997345,0,-1
20,10,10,0.1,44,7,0.0013904711231589317,0,2
20,10,10,0.1,44,8,0.0008478192612528801,0,0
20,10,10,0.1,44,9,0.0008150888606905937,0,-1
20,10,10,0.1,45,0,0.0022685974836349487,0,2
20,10,10,0.1,45,1,0.0012948960065841675,0,0
20,10,10,0.1,45,2,0.000814313068985939,0,-1
20,10,10,0.1,45,3,0.001608124002814293,0,2
20,10,10,0.1,45,4,0.001614714041352272,0,2
20,10,10,0.1,45,5,0.0013655051589012146,0,2
20,10,10,0.1,45,6,0.0022090785205364227,0,2
20,10,10,0.1,45,7,0.0011877920478582382,0,0
20,10,10,0.1,45,8,0.0007308609783649445,0,-1
20,10,10,0.1,45,9,0.0012045800685882568,0,0
20,10,10,0.1,47,0,0.0007124096155166626,0,-1
20,10,10,0.1,47,1,0.002192603424191475,0,2
20,10,10,0.1,47,2,0.0009579602628946304,0,-1
20,10,10,0.1,47,3,0.0012309979647397995,0,2
20,10,10,0.1,47,4,0.002094227820634842,0,2
20,10,10,0.1,47,5,0.0005499906837940216,0,-1
20,10,10,0.1,47,6,0.0011776573956012726,0,2
20,10,10,0.1,47,7,0.0013269372284412384,0,2
20,10,10,0.1,47,8,0.0008826442062854767,0,0
20,10,10,0.1,47,9,0.0013620629906654358,0,2
20,10,10,0.1,48,0,0.002420256845653057,0,2
20,10,10,0.1,49,0,0.0009265430271625519,0,-1
20,10,10,0.1,48,1,0.0016035716980695724,0,0
20,10,10,0.1,49,1,0.0011980235576629639,0,2
20,10,10,0.1,48,2,0.0007316339761018753,0,-1
20,10,10,0.1,49,2,0.0016763079911470413,0,2
20,10,10,0.1,48,3,0.0010022474452853203,0,0
20,10,10,0.1,49,3,0.0009701307862997055,0,0
20,10,10,0.1,48,4,0.0007430370897054672,0,-1
20,10,10,0.1,49,4,0.0010197870433330536,0,-1
20,10,10,0.1,48,5,0.0009765010327100754,0,0
20,10,10,0.1,49,5,0.0009963512420654297,0,2
20,10,10,0.1,48,6,0.0005367351695895195,0,-1
20,10,10,0.1,49,6,0.0006504859775304794,0,-1
20,10,10,0.1,48,7,0.0013072146102786064,0,0
20,10,10,0.1,49,7,0.001003894954919815,0,-1
20,10,10,0.1,48,8,0.0009439466521143913,0,-1
20,10,10,0.1,49,8,0.0006444863975048065,0,-1
20,10,10,0.1,48,9,0.0006021596491336823,0,-1
20,10,10,0.1,49,9,0.0007117465138435364,0,-1
20,10,10,0.1,52,0,0.0012990590184926987,0,0
20,10,10,0.1,52,1,0.0009281430393457413,0,0
20,10,10,0.1,52,2,0.0006808321923017502,0,-1
20,10,10,0.1,52,3,0.0012835711240768433,0,0
20,10,10,0.1,52,4,0.0015540458261966705,0,2
20,10,10,0.1,52,5,0.0013789087533950806,0,2
20,10,10,0.1,52,6,0.0009843651205301285,0,-1
20,10,10,0.1,52,7,0.0006460975855588913,0,-1
20,10,10,0.1,52,8,0.0012129489332437515,0,0
20,10,10,0.1,52,9,0.0008100792765617371,0,0
20,10,10,0.1,51,0,0.0006375443190336227,0,-1
20,10,10,0.1,51,1,0.0011889422312378883,0,0
20,10,10,0.1,51,2,0.0006515160202980042,0,-1
20,10,10,0.1,51,3,0.001096721738576889,0,0
20,10,10,0.1,51,4,0.002253711223602295,0,2
20,10,10,0.1,51,5,0.0009460849687457085,0,0
20,10,10,0.1,51,6,0.0015302030369639397,0,2
20,10,10,0.1,51,7,0.0011811023578047752,0,0
20,10,10,0.1,51,8,0.000671040266752243,0,-1
20,10,10,0.1,51,9,0.0015628458932042122,0,2
20,10,10,0.1,50,0,0.0013934783637523651,0,2
20,10,10,0.1,50,1,0.0006820876151323318,0,-1
20,10,10,0.1,50,2,0.0007383860647678375,0,-1
20,10,10,0.1,50,3,0.00145631842315197,0,0
20,10,10,0.1,50,4,0.0009053610265254974,0,0
20,10,10,0.1,50,5,0.0005097836256027222,0,-1
20,10,10,0.1,50,6,0.001628318801522255,0,2
20,10,10,0.1,50,7,0.0020229145884513855,0,2
20,10,10,0.1,50,8,0.0016679298132658005,0,2
20,10,10,0.1,50,9,0.0005667805671691895,0,-1
20,10,10,0.1,55,0,0.0011681728065013885,0,-1
20,10,10,0.1,55,1,0.0020282287150621414,0,2
20,10,10,0.1,55,2,0.0011421144008636475,0,2
20,10,10,0.1,55,3,0.00046260468661785126,0,-1
20,10,10,0.1,55,4,0.000605117529630661,0,-1
20,10,10,0.1,55,5,0.0006121397018432617,0,-1
20,10,10,0.1,55,6,0.0008035898208618164,0,-1
20,10,10,0.1,55,7,0.001040235161781311,0,0
20,10,10,0.1,55,8,0.0008794404566287994,0,-1
20,10,10,0.1,55,9,0.0006405767053365707,0,-1
20,10,10,0.1,56,0,0.000959441065788269,0,-1
20,10,10,0.1,56,1,0.0018562423065304756,0,2
20,10,10,0.1,56,2,0.0007497807964682579,0,-1
20,10,10,0.1,56,3,0.0008209459483623505,0,0
20,10,10,0.1,56,4,0.0021164407953619957,0,2
20,10,10,0.1,56,5,0.0006876783445477486,0,-1
20,10,10,0.1,56,6,0.0013562459498643875,0,2
20,10,10,0.1,56,7,0.0014191437512636185,0,2
20,10,10,0.1,54,0,0.0006169453263282776,0,-1
20,10,10,0.1,54,1,0.0010463427752256393,0,-1
20,10,10,0.1,54,2,0.0009545441716909409,0,-1
20,10,10,0.1,53,0,0.0006728288717567921,0,-1
20,10,10,0.1,54,4,0.0005958843976259232,0,-1
20,10,10,0.1,53,1,0.0011140690185129642,0,-1
20,10,10,0.1,54,5,0.0014193318784236908,0,2
20,10,10,0.1,53,2,0.0006487718783318996,0,-1
20,10,10,0.1,54,6,0.0006813574582338333,0,-1
20,10,10,0.1,53,3,0.0005851071327924728,0,-1
20,10,10,0.1,54,7,0.0012693814933300018,0,2
20,10,10,0.1,53,4,0.0007615387439727783,0,-1
20,10,10,0.1,54,8,0.0015141051262617111,0,2
20,10,10,0.1,53,5,0.0007134517654776573,0,-1
20,10,10,0.1,54,9,0.0012134779244661331,0,0
20,10,10,0.1,53,6,0.002294827252626419,0,2
20,10,10,0.1,53,7,0.0008697551675140858,0,-1
20,10,10,0.1,53,8,0.000827327836304903,0,-1
20,10,10,0.1,53,9,0.0007153782062232494,0,-1
20,10,10,0.1,56,8,0.6774691622704268,True,6
20,10,10,0.1,56,9,0.001379726454615593,0,2
20,10,10,0.1,61,0,0.0009441422298550606,0,-1
20,10,10,0.1,61,1,0.0008845962584018707,0,-1
20,10,10,0.1,61,2,0.0013880226761102676,0,0
20,10,10,0.1,61,3,0.0009460020810365677,0,0
20,10,10,0.1,61,4,0.0008214935660362244,0,-1
20,10,10,0.1,61,5,0.000948944129049778,0,-1
20,10,10,0.1,61,6,0.000467187725007534,0,-1
20,10,10,0.1,61,7,0.0006970204412937164,0,-1
20,10,10,0.1,61,8,0.000636441633105278,0,-1
20,10,10,0.1,61,9,0.0006006984040141106,0,-1
20,10,10,0.1,59,0,0.0015778113156557083,0,2
20,10,10,0.1,59,1,0.0007954314351081848,0,-1
20,10,10,0.1,59,2,0.0006101317703723907,0,-1
20,10,10,0.1,59,3,0.000941520556807518,0,0
20,10,10,0.1,59,4,0.0015935786068439484,0,2
20,10,10,0.1,59,5,0.0007275398820638657,0,-1
20,10,10,0.1,59,6,0.0005352720618247986,0,-1
20,10,10,0.1,59,7,0.0007434617727994919,0,-1
20,10,10,0.1,59,8,0.000940544530749321,0,-1
20,10,10,0.1,59,9,0.0011752601712942123,0,0
20,10,10,0.1,58,0,0.0012909560464322567,0,2
20,10,10,0.1,58,1,0.0011393968015909195,0,0
20,10,10,0.1,58,2,0.001119519118219614,0,0
20,10,10,0.1,58,3,0.0017411177977919579,0,2
20,10,10,0.1,57,0,0.0008994899981189519,0,-1
20,10,10,0.1,57,1,0.0006908170034876093,0,-1
20,10,10,0.1,57,2,0.0007022150093689561,0,-1
20,10,10,0.1,57,3,0.0010934620077023283,0,0
20,10,10,0.1,57,4,0.0008237670117523521,0,-1
20,10,10,0.1,57,5,0.0014610960060963407,0,2
20,10,10,0.1,57,6,0.0014476740034297109,0,0
20,10,10,0.1,57,7,0.0008452400070382282,0,-1
20,10,10,0.1,57,8,0.0014572829968528822,0,2
20,10,10,0.1,57,9,0.0011605790059547871,0,0
20,10,10,0.1,60,0,0.0010222047567367554,0,0
20,10,10,0.1,60,1,0.0006849076598882675,0,-1
20,10,10,0.1,60,2,0.0013800859451293945,0,2
20,10,10,0.1,60,3,0.0008953865617513657,0,-1
20,10,10,0.1,60,4,0.0006418544799089432,0,-1
20,10,10,0.1,60,5,0.0008647926151752472,0,-1
20,10,10,0.1,60,6,0.0017187707126140594,0,2
20,10,10,0.1,60,7,0.0009159203618764877,0,0
20,10,10,0.1,60,8,0.001293271780014038,0,2
20,10,10,0.1,60,9,0.0007539559155702591,0,-1
20,10,10,0.1,58,4,0.5705056157894433,True,6
20,10,10,0.1,58,5,0.0007291492074728012,0,-1
20,10,10,0.1,58,6,0.0006726388819515705,0,-1
20,10,10,0.1,58,7,0.0016127293929457664,0,2
20,10,10,0.1,58,8,0.0009019039571285248,0,-1
20,10,10,0.1,58,9,0.0013302387669682503,0,0
20,10,10,0.1,62,0,0.001796723998268135,0,2
20,10,10,0.1,62,1,0.0007298649870790541,0,-1
20,10,10,0.1,62,2,0.0006936690042493865,0,-1
20,10,10,0.1,62,3,0.0010866320080822334,0,2
20,10,10,0.1,62,4,0.0006686489941785112,0,-1
20,10,10,0.1,62,5,0.0005844569968758151,0,-1
20,10,10,0.1,62,6,0.0014028010045876727,0,0
20,10,10,0.1,62,7,0.0006280729867285118,0,-1
20,10,10,0.1,62,8,0.0012063150061294436,0,2
20,10,10,0.1,62,9,0.0007126710115699098,0,-1
20,10,10,0.1,65,0,0.0007131770253181458,0,-1
20,10,10,0.1,65,1,0.0010834969580173492,0,-1
20,10,10,0.1,65,2,0.0006246771663427353,0,-1
20,10,10,0.1,65,3,0.0006494410336017609,0,-1
20,10,10,0.1,65,4,0.0006799846887588501,0,-1
20,10,10,0.1,65,5,0.0012611765414476395,0,0
20,10,10,0.1,65,6,0.0030026808381080627,0,2
20,10,10,0.1,65,7,0.0011731050908565521,0,0
20,10,10,0.1,65,8,0.0012956708669662476,0,0
20,10,10,0.1,65,9,0.001833239570260048,0,2
20,10,10,0.1,64,0,0.001060960814356804,0,-1
20,10,10,0.1,64,1,0.00047961995005607605,0,-1
20,10,10,0.1,66,1,0.0010471725836396217,0,-1
20,10,10,0.1,64,2,0.0007231272757053375,0,-1
20,10,10,0.1,66,2,0.0006797304376959801,0,-1
20,10,10,0.1,64,3,0.0005160234868526459,0,-1
20,10,10,0.1,66,3,0.0006760256364941597,0,-1
20,10,10,0.1,64,4,0.0010936837643384933,0,2
20,10,10,0.1,63,0,0.0018045506440103054,0,2

20,10,10,0.1,66,5,0.0012255888432264328,0,2

20,10,10,0.1,64,6,0.0006503481417894363,0,-1220,10,10,0.1,63,2,0.0008469820022583008,0,0220,10,10,0.1,66,7,0.001416054554283619,0,0
20,10,10,0.1,66,8,0.0009951973333954811,0,0
20,10,10,0.1,64,9,0.0009078066796064377,0,-1
20,10,10,0.1,66,9,0.0024127578362822533,0,2
20,10,10,0.1,63,3,0.7187748802825809,True,6
20,10,10,0.1,63,4,0.0010251421481370926,0,-1
20,10,10,0.1,63,5,0.0008740900084376335,0,-1
20,10,10,0.1,63,6,0.0007110321894288063,0,-1
20,10,10,0.1,63,7,0.0006078630685806274,0,-1
20,10,10,0.1,63,8,0.0005098609253764153,0,-1
20,10,10,0.1,63,9,0.0007267850451171398,0,-1
20,10,10,0.1,71,0,0.0009150812402367592,0,-1
20,10,10,0.1,71,1,0.0009770281612873077,0,-1
20,10,10,0.1,71,2,0.0013998933136463165,0,0
20,10,10,0.1,71,3,0.0007132869213819504,0,-1
20,10,10,0.1,71,4,0.0009030131623148918,0,0
20,10,10,0.1,71,5,0.0006246194243431091,0,-1
20,10,10,0.1,71,6,0.0007217926904559135,0,-1
20,10,10,0.1,71,7,0.0007545873522758484,0,-1
20,10,10,0.1,69,0,0.0005714744329452515,0,-1
0,10,10,0.1,71,9,0.0007969774305820465,0,-1

20,10,10,0.1,68,2,0.0011568129993975163,0,0
20,10,10,0.1,68,3,0.0015051839873194695,0,0
20,10,10,0.1,69,1,0.000796739012002945,0,-1
20,10,10,0.1,69,2,0.0010743923485279083,0,0
20,10,10,0.1,69,3,0.001679474487900734,0,2
20,10,10,0.1,69,4,0.0007870867848396301,0,-1
20,10,10,0.1,69,5,0.000582132488489151,0,-1
20,10,10,0.1,69,6,0.0007006693631410599,0,-1
20,10,10,0.1,69,7,0.002208670601248741,0,2
20,10,10,0.1,69,8,0.0009031202644109726,0,0
20,10,10,0.1,69,9,0.0006828568875789642,0,-1
20,10,10,0.1,67,0,0.0011854789918288589,0,-1
20,10,10,0.1,67,1,0.0008244109922088683,0,-1
20,10,10,0.1,67,2,0.0005986350006423891,0,-1
20,10,10,0.1,67,3,0.0009599780023563653,0,0
20,10,10,0.1,67,4,0.0007004069921094924,0,-1
20,10,10,0.1,67,5,0.0011159540008520707,0,0
20,10,10,0.1,67,6,0.0005311390123097226,0,-1
20,10,10,0.1,67,7,0.001033249995089136,0,-1
20,10,10,0.1,67,8,0.0005978740082355216,0,-1
20,10,10,0.1,67,9,0.0007644989964319393,0,-1
20,10,10,0.1,70,0,0.0010840985924005508,0,0
20,10,10,0.1,70,1,0.000773504376411438,0,-1
20,10,10,0.1,70,2,0.0008094199001789093,0,-1
20,10,10,0.1,70,3,0.0005959831178188324,0,-1
20,10,10,0.1,70,4,0.0013665761798620224,0,0
20,10,10,0.1,70,5,0.0006322115659713745,0,-1
20,10,10,0.1,70,6,0.39655402675271034,True,6
20,10,10,0.1,70,7,0.0008144304156303406,0,-1
20,10,10,0.1,70,8,0.0020155571401119232,0,2
20,10,10,0.1,70,9,0.001110125333070755,0,2
20,10,10,0.1,68,4,0.6740215430036187,True,6
20,10,10,0.1,68,5,0.0008353837765753269,0,-1
20,10,10,0.1,68,6,0.0016520512290298939,0,2
20,10,10,0.1,68,7,0.0006249882280826569,0,-1
20,10,10,0.1,68,8,0.000615130178630352,0,-1
20,10,10,0.1,68,9,0.0008620480075478554,0,0
20,10,10,0.1,74,0,0.0006594732403755188,0,-1
20,10,10,0.1,74,1,0.0008769035339355469,0,-1
20,10,10,0.1,74,2,0.001066315919160843,0,-1
20,10,10,0.1,74,3,0.001484941691160202,0,0
20,10,10,0.1,74,4,0.0007118880748748779,0,-1
20,10,10,0.1,74,5,0.0018115099519491196,0,0
20,10,10,0.1,74,6,0.0006445311009883881,0,-1
20,10,10,0.1,74,7,0.0007132310420274734,0,-1
20,10,10,0.1,74,8,0.0007432661950588226,0,-1
20,10,10,0.1,74,9,0.0007570944726467133,0,-1
20,10,10,0.1,72,0,0.0007919320050859824,0,-1
20,10,10,0.1,72,1,0.0014231499953893945,0,2
20,10,10,0.1,72,2,0.0006427910120692104,0,-1
20,10,10,0.1,72,3,0.0011177440028404817,0,0
20,10,10,0.1,72,4,0.0021176979935262352,0,2
20,10,10,0.1,72,5,0.0013498330081347376,0,2
20,10,10,0.1,72,6,0.0008590350043959916,0,-1
20,10,10,0.1,72,7,0.0005769270064774901,0,-1
20,10,10,0.1,72,8,0.0007587050058646128,0,-1
20,10,10,0.1,72,9,0.000628805995802395,0,-1
20,10,10,0.1,76,0,0.0007668063044548035,0,-1
20,10,10,0.1,76,1,0.0011982880532741547,0,0
20,10,10,0.1,76,2,0.0008162111043930054,0,-1
20,10,10,0.1,76,3,0.0006955210119485855,0,-1
20,10,10,0.1,76,4,0.0005845855921506882,0,-1
20,10,10,0.1,76,5,0.0011289473623037338,0,2
20,10,10,0.1,76,6,0.0005499143153429031,0,-1
20,10,10,0.1,76,7,0.0009812600910663605,0,-1
20,10,10,0.1,76,8,0.0007395818829536438,0,-1
20,10,10,0.1,76,9,0.0005842335522174835,0,-1
20,10,10,0.1,73,0,0.0009013423696160316,0,0
20,10,10,0.1,73,1,0.0011201947927474976,0,-1
20,10,10,0.1,73,2,0.0010460088960826397,0,0
20,10,10,0.1,73,3,0.0006990488618612289,0,-1
20,10,10,0.1,73,4,0.0008125388994812965,0,-1
20,10,10,0.1,73,5,0.000735728070139885,0,-1
20,10,10,0.1,75,0,0.0006720768287777901,0,-1
20,10,10,0.1,75,1,0.0008523901924490929,0,-1
20,10,10,0.1,75,2,0.0007384950295090675,0,-1
20,10,10,0.1,73,8,0.0006768680177628994,0,-1
20,10,10,0.1,75,3,0.0005162134766578674,0,-1
20,10,10,0.1,73,9,0.002178977243602276,0,2
20,10,10,0.1,75,4,0.0015065306797623634,0,2
20,10,10,0.1,75,5,0.002028963528573513,0,2
20,10,10,0.1,75,6,0.9488399382680655,True,6
20,10,10,0.1,75,7,0.0006715431809425354,0,-1
20,10,10,0.1,75,8,0.0008560670539736748,0,-1
20,10,10,0.1,75,9,0.0005243103951215744,0,-1
20,10,10,0.1,81,0,0.0013130279257893562,0,0
20,10,10,0.1,81,1,0.0006681252270936966,0,-1
20,10,10,0.1,81,2,0.0006673075258731842,0,-1
20,10,10,0.1,81,3,0.0007815249264240265,0,-1
20,10,10,0.1,78,0,0.00184352183714509,0,2
1
20,10,10,0.1,81,5,0.000843442976474762,0,-1
20,10,10,0.1,81,6,0.0005439659580588341,0,-1
20,10,10,0.1,81,7,0.0020262449979782104,0,2

20,10,10,0.1,81,8,0.0015771584585309029,0,2

20,10,10,0.1,77,2,0.0008036859944695607,0,-1
20,10,10,0.1,78,2,0.0006197020411491394,0,-120,10,10,0.1,77,3,0.0006219750066520646,0,-1
20,10,10,0.1,78,3,0.0005232007242739201,0,-1
20,10,10,0.1,77,4,0.0006930189992999658,0,-1
20,10,10,0.1,78,4,0.0012543806806206703,0,2
20,10,10,0.1,77,5,0.0008695989963598549,0,-1
20,10,10,0.1,77,6,0.0017188800120493397,0,2
20,10,10,0.1,77,7,0.0009042230085469782,0,-1
20,10,10,0.1,77,8,0.0008183539903257042,0,-1
20,10,10,0.1,78,7,0.0017481669783592224,0,2
20,10,10,0.1,77,9,0.0017694700072752312,0,2
20,10,10,0.1,78,8,0.0008807131089270115,0,-1
20,10,10,0.1,78,9,0.0008861790411174297,0,-1
20,10,10,0.1,79,0,0.0006079766899347305,0,-1
20,10,10,0.1,79,1,0.0009088516235351562,0,-1
20,10,10,0.1,79,2,0.0013433750718832016,0,0
20,10,10,0.1,79,3,0.0009820275008678436,0,-1
20,10,10,0.1,79,4,0.0008835680782794952,0,-1
20,10,10,0.1,79,5,0.0010156575590372086,0,-1
20,10,10,0.1,79,6,0.000665837898850441,0,-1
20,10,10,0.1,79,7,0.0019895024597644806,0,2
20,10,10,0.1,79,8,0.000745825469493866,0,-1
20,10,10,0.1,79,9,0.001780601218342781,0,2
20,10,10,0.1,80,0,0.0006988272070884705,0,-1
20,10,10,0.1,80,1,0.0015368051826953888,0,2
20,10,10,0.1,80,2,0.0013599470257759094,0,2
20,10,10,0.1,80,3,0.0010526757687330246,0,0
20,10,10,0.1,80,4,0.0016965903341770172,0,2
20,10,10,0.1,80,5,0.001606406643986702,0,2
20,10,10,0.1,80,6,0.0006932560354471207,0,-1
20,10,10,0.1,80,7,0.0013112295418977737,0,2
20,10,10,0.1,80,8,0.000888582319021225,0,-1
20,10,10,0.1,80,9,0.001407090574502945,0,2
20,10,10,0.1,85,0,0.0007650889456272125,0,-1
20,10,10,0.1,85,1,0.0005701202899217606,0,-1
20,10,10,0.1,82,0,0.0013939539931016043,0,0
20,10,10,0.1,82,1,0.0006584960065083578,0,-1
20,10,10,0.1,85,3,0.0012902654707431793,0,0
20,10,10,0.1,82,2,0.0013468760007526726,0,0
20,10,10,0.1,84,0,0.0007770340889692307,0,-1
20,10,10,0.1,85,5,0.00070219486951828,0,-1

20,10,10,0.1,84,1,0.0007407590746879578,0,-1
20,10,10,0.1,85,6,0.0016368720680475235,0,2
20,10,10,0.1,84,2,0.000683419406414032,0,-1

20,10,10,0.1,82,6,0.0005460179963847622,0,-1
20,10,10,0.1,85,8,0.0006963480263948441,0,-1
20,10,10,0.1,82,7,0.0022051470004953444,0,2
20,10,10,0.1,85,9,0.0014060065150260925,0,0
20,10,10,0.1,82,8,0.0008218509901780635,0,-1
20,10,10,0.1,82,9,0.0005980419955449179,0,-1
20,10,10,0.1,84,6,0.001239001750946045,0,-1
20,10,10,0.1,84,7,0.0013366136699914932,0,0
20,10,10,0.1,84,8,0.0008506644517183304,0,-1
20,10,10,0.1,84,9,0.0008419305086135864,0,0
20,10,10,0.1,86,0,0.0007925676181912422,0,-1
20,10,10,0.1,86,1,0.0011136094108223915,0,-1
20,10,10,0.1,86,2,0.0008017783984541893,0,-1
20,10,10,0.1,86,3,0.0006247153505682945,0,-1
20,10,10,0.1,86,4,0.0022475849837064743,0,2
20,10,10,0.1,86,5,0.0006285952404141426,0,-1
20,10,10,0.1,86,6,0.0013284021988511086,0,2
20,10,10,0.1,86,7,0.0013984274119138718,0,2
20,10,10,0.1,86,8,0.001062924973666668,0,-1
20,10,10,0.1,83,0,0.0009702141396701336,0,-1
20,10,10,0.1,83,1,0.0006211861036717892,0,-1
20,10,10,0.1,83,2,0.0007293131202459335,0,-1
20,10,10,0.1,83,3,0.001594100147485733,0,2
20,10,10,0.1,83,4,0.0005675139836966991,0,-1
20,10,10,0.1,83,5,0.0006530452519655228,0,-1
20,10,10,0.1,83,6,0.0013295742683112621,0,0
20,10,10,0.1,83,7,0.0005646687932312489,0,-1
20,10,10,0.1,83,8,0.0006504897028207779,0,-1
20,10,10,0.1,83,9,0.0005127699114382267,0,-1
20,10,10,0.1,90,0,0.0007303990423679352,0,-1
20,10,10,0.1,90,1,0.0009128507226705551,0,-1
20,10,10,0.1,90,2,0.0023321788758039474,0,2
20,10,10,0.1,90,3,0.002560587599873543,0,2
20,10,10,0.1,90,4,0.000849681906402111,0,0
20,10,10,0.1,90,5,0.0005921246483922005,0,-1
20,10,10,0.1,90,6,0.0018115080893039703,0,2
20,10,10,0.1,90,7,0.0005259159952402115,0,-1
20,10,10,0.1,90,8,0.0006232913583517075,0,-1
20,10,10,0.1,88,1,0.0022132117301225662,0,2
20,10,10,0.1,88,2,0.0009002680890262127,0,-1
20,10,10,0.1,88,3,0.0006381608545780182,0,-1
20,10,10,0.1,88,4,0.0007004430517554283,0,-1
20,10,10,0.1,87,1,0.0010587210126686841,0,-1
20,10,10,0.1,88,5,0.0010125120170414448,0,0
20,10,10,0.1,87,2,0.0017546910094097257,0,2
20,10,10,0.1,88,6,0.0010927040129899979,0,0
20,10,10,0.1,87,3,0.0006448710046242923,0,-1
20,10,10,0.1,88,7,0.0011033848859369755,0,0
20,10,10,0.1,87,4,0.0011068679887102917,0,0
20,10,10,0.1,88,8,0.000997335184365511,0,0
20,10,10,0.1,87,5,0.0006383129948517308,0,-1
20,10,10,0.1,88,9,0.0007839291356503963,0,-1
20,10,10,0.1,87,6,0.0011005179985659197,0,-1
20,10,10,0.1,87,7,0.0006587380048586056,0,-1
20,10,10,0.1,87,8,0.0004939490027027205,0,-1
20,10,10,0.1,87,9,0.0006345129950204864,0,-1
20,10,10,0.1,89,0,0.0022781360894441605,0,2
20,10,10,0.1,89,1,0.0009223762899637222,0,-1
20,10,10,0.1,89,2,0.001004314050078392,0,-1
20,10,10,0.1,89,3,0.0012092534452676773,0,0
20,10,10,0.1,89,4,0.0013157892972230911,0,2
20,10,10,0.1,89,5,0.001292182132601738,0,2
20,10,10,0.1,89,6,0.0006578844040632248,0,-1
20,10,10,0.1,89,7,0.0007209796458482742,0,-1
20,10,10,0.1,89,8,0.0010295063257217407,0,-1
20,10,10,0.1,89,9,0.0014446713030338287,0,2
20,10,10,0.1,91,0,0.0014664959162473679,0,0
20,10,10,0.1,91,1,0.0006461590528488159,0,-1
20,10,10,0.1,91,2,0.0005795657634735107,0,-1
20,10,10,0.1,91,3,0.0009965281933546066,0,0
20,10,10,0.1,91,4,0.0009353719651699066,0,0
20,10,10,0.1,91,5,0.002413250505924225,0,2
20,10,10,0.1,91,6,0.0010382402688264847,0,0
20,10,10,0.1,91,7,0.0005511455237865448,0,-1
20,10,10,0.1,91,8,0.0008551422506570816,0,-1
20,10,10,0.1,91,9,0.0009150803089141846,0,0
20,10,10,0.1,95,0,0.0013005081564188004,0,0
20,10,10,0.1,95,1,0.0018501188606023788,0,2
20,10,10,0.1,95,2,0.0006936192512512207,0,-1
20,10,10,0.1,95,3,0.0006881840527057648,0,-1
20,10,10,0.1,95,4,0.0006011631339788437,0,-1
20,10,10,0.1,95,5,0.0008213426917791367,0,0
20,10,10,0.1,95,6,0.0005676709115505219,0,-1
,10,10,0.1,92,1,0.0012088649964425713,0,0
20,10,10,0.1,92,2,0.0006556290027219802,0,-1
20,10,10,0.1,92,3,0.000725097008398734,0,-1
20,10,10,0.1,92,4,0.00059145299019292,0,-1
20,10,10,0.1,92,5,0.0006411950016627088,0,-1
20,10,10,0.1,92,6,0.0006788419996155426,0,-1
20,10,10,0.1,92,7,0.0005336289905244485,0,-1
,10,10,0.1,95,8,0.0015407148748636246,0,2
20,10,10,0.1,95,9,0.0007743686437606812,0,-1
20,10,10,0.1,92,8,0.0024523909960407764,0,2
20,10,10,0.1,92,9,0.000742018994060345,0,-1
20,10,10,0.1,96,0,0.0017806291580200195,0,2
                                                                                                                                                                                                                                                                                                                                                                                                                                                                                                                                                                                                                                                                                                                                                                                                                                               20,10,10,0.1,96,1,0.0011797770857810974,0,-1
20,10,10,0.1,96,2,0.0012078294530510902,0,2
20,10,10,0.1,96,3,0.0019706692546606064,0,2
20,10,10,0.1,96,4,0.0013555185869336128,0,2
20,10,10,0.1,96,5,0.000932399183511734,0,0
20,10,10,0.1,96,6,0.0006562899798154831,0,-1
20,10,10,0.1,96,7,0.0011485153809189796,0,2
20,10,10,0.1,96,8,0.0005605006590485573,0,-1
20,10,10,0.1,96,9,0.0011046817526221275,0,2
20,10,10,0.1,98,0,0.0013639125972986221,0,0
20,10,10,0.1,98,1,0.0007766317576169968,0,-1
20,10,10,0.1,98,2,0.0006941743195056915,0,-1
20,10,10,0.1,98,3,0.0006596725434064865,0,-1
20,10,10,0.1,98,4,0.0007014144212007523,0,-1
20,10,10,0.1,98,5,0.002130439504981041,0,2
20,10,10,0.1,98,6,0.0007825158536434174,0,-1
20,10,10,0.1,98,7,0.0008607972413301468,0,0
20,10,10,0.1,98,8,0.0004999469965696335,0,-1
20,10,10,0.1,98,9,0.0004991907626390457,0,-1
20,10,10,0.1,97,0,0.0009492137469351292,0,0
20,10,10,0.1,97,1,0.0011657830327749252,0,-1
20,10,10,0.1,97,2,0.001198459416627884,0,-1
20,10,10,0.1,97,3,0.0009446530602872372,0,-1
20,10,10,0.1,97,4,0.0010318700224161148,0,0
20,10,10,0.1,97,5,0.0011246050707995892,0,0
20,10,10,0.1,97,6,0.0007305089384317398,0,-1
20,10,10,0.1,97,7,0.0006789923645555973,0,-1
20,10,10,0.1,97,8,0.0011217338033020496,0,2
20,10,10,0.1,97,9,0.001370736863464117,0,2
20,10,10,0.1,99,0,0.0011937320232391357,0,0
20,10,10,0.1,99,1,0.0012788735330104828,0,0
20,10,10,0.1,99,2,0.001625673845410347,0,2
20,10,10,0.1,99,3,0.0012716259807348251,0,0
20,10,10,0.1,99,4,0.0008120648562908173,0,-1
20,10,10,0.1,99,5,0.0008863396942615509,0,0
20,10,10,0.1,99,6,0.0008701309561729431,0,-1
20,10,10,0.1,99,7,0.0020172055810689926,0,2
20,10,10,0.1,99,8,0.0006563290953636169,0,-1
20,10,10,0.1,99,9,0.0008013062179088593,0,-1
