J,K,N,seed,avg_runtime,prop_identifiable,prop_non_identifiable,total_time,count_direct_flag,prop_direct_flag,count_brute_flag,prop_brute_flag,count_generator_empty,prop_generator_empty
20,4,10,1,0.02141106128692627,1.0,0.0,0.2141106128692627,4,0.4,6,0.6,10,1.0
20,4,10,5,0.011777806282043456,0.9,0.1,0.11777806282043457,1,0.1,8,0.8,9,0.9,1,0.1
20,4,10,0,0.032135510444641115,1.0,0.0,0.32135510444641113,3,0.3,7,0.7,10,1.0
20,4,10,9,0.03022472858428955,1.0,0.0,0.3022472858428955,6,0.6,4,0.4,10,1.0
20,4,10,7,0.02071685791015625,0.9,0.1,0.2071685791015625,3,0.3,6,0.6,9,0.9,1,0.1
20,4,10,3,0.030679917335510253,1.0,0.0,0.30679917335510254,2,0.2,8,0.8,10,1.0
20,4,10,2,0.13295814990997315,1.0,0.0,1.3295814990997314,5,0.5,5,0.5,10,1.0
20,4,10,4,0.14442198276519774,1.0,0.0,1.4442198276519775,2,0.2,8,0.8,10,1.0
20,4,10,8,0.4231515645980835,0.9,0.1,4.231515645980835,2,0.2,7,0.7,1,0.1,9,0.9
20,4,10,1,0.02103426456451416,1.0,0.0,0.2103426456451416,4,0.4,6,0.6,10,1.0
20,4,10,5,0.01205458641052246,0.9,0.1,0.12054586410522461,1,0.1,8,0.8,9,0.9,1,0.1
20,4,10,0,0.03488156795501709,1.0,0.0,0.3488156795501709,3,0.3,7,0.7,10,1.0
20,4,10,7,0.018506550788879396,0.9,0.1,0.18506550788879395,3,0.3,6,0.6,9,0.9,1,0.1
20,4,10,3,0.0283599853515625,1.0,0.0,0.283599853515625,2,0.2,8,0.8,10,1.0
20,4,10,9,0.030522608757019044,1.0,0.0,0.30522608757019043,6,0.6,4,0.4,10,1.0
20,4,10,4,0.14341907501220702,1.0,0.0,1.4341907501220703,2,0.2,8,0.8,10,1.0
20,4,10,2,0.1439720630645752,1.0,0.0,1.439720630645752,5,0.5,5,0.5,10,1.0
20,4,10,8,0.4474462032318115,0.9,0.1,4.474462032318115,2,0.2,7,0.7,1,0.1,9,0.9
20,4,10,6,1.3502574682235717,1.0,0.0,13.502574682235718,3,0.3,7,0.7,10,1.0
20,4,10,10,0.02010633945465088,0.9,0.1,0.2010633945465088,2,0.2,7,0.7,9,0.9,1,0.1
20,4,10,18,0.02586517333984375,0.8,0.2,0.2586517333984375,2,0.2,6,0.6,8,0.8,2,0.2
20,4,10,20,0.019375538825988768,0.9,0.1,0.1937553882598877,4,0.4,5,0.5,9,0.9,1,0.1
20,4,10,12,0.026154327392578124,1.0,0.0,0.26154327392578125,2,0.2,8,0.8,10,1.0
20,4,10,16,0.030744719505310058,1.0,0.0,0.3074471950531006,1,0.1,9,0.9,10,1.0
20,4,10,13,0.04629199504852295,1.0,0.0,0.4629199504852295,3,0.3,7,0.7,10,1.0
20,4,10,19,0.16723380088806153,1.0,0.0,1.6723380088806152,3,0.3,7,0.7,10,1.0
20,4,10,14,0.2762692928314209,1.0,0.0,2.762692928314209,1,0.1,9,0.9,10,1.0
20,4,10,11,0.2625676155090332,0.9,0.1,2.625676155090332,0,0.0,9,0.9,9,0.9,1,0.1
20,4,10,15,1.4102271318435669,1.0,0.0,14.102271318435669,4,0.4,6,0.6,10,1.0
20,4,10,17,1.5288288354873658,1.0,0.0,15.288288354873657,2,0.2,8,0.8,10,1.0
20,4,10,22,0.015050840377807618,0.9,0.1,0.15050840377807617,3,0.3,6,0.6,1,0.1,9,0.9
20,4,10,25,0.005921268463134765,0.9,0.1,0.059212684631347656,6,0.6,3,0.3,9,0.9,1,0.1
20,4,10,27,0.01785571575164795,1.0,0.0,0.1785571575164795,2,0.2,8,0.8,10,1.0
20,4,10,30,0.011348867416381836,1.0,0.0,0.11348867416381836,2,0.2,8,0.8,10,1.0
20,4,10,31,0.0202714204788208,1.0,0.0,0.202714204788208,4,0.4,6,0.6,10,1.0
20,4,10,21,0.032235145568847656,0.9,0.1,0.32235145568847656,1,0.1,8,0.8,9,0.9,1,0.1
20,4,10,29,0.018222522735595704,1.0,0.0,0.18222522735595703,3,0.3,7,0.7,10,1.0
20,4,10,24,0.03734877109527588,1.0,0.0,0.3734877109527588,0,0.0,10,1.0,10,1.0
20,4,10,23,0.06725258827209472,1.0,0.0,0.6725258827209473,1,0.1,9,0.9,10,1.0
20,4,10,26,0.1483778715133667,0.9,0.1,1.483778715133667,0,0.0,9,0.9,9,0.9,1,0.1
20,4,10,28,1.3817686557769775,0.9,0.1,13.817686557769775,2,0.2,7,0.7,1,0.1,9,0.9
20,4,10,34,0.021279740333557128,1.0,0.0,0.2127974033355713,4,0.4,6,0.6,10,1.0
20,4,10,37,0.01919269561767578,1.0,0.0,0.1919269561767578,3,0.3,7,0.7,10,1.0
20,4,10,36,0.019632363319396974,0.9,0.1,0.19632363319396973,3,0.3,6,0.6,1,0.1,9,0.9
20,4,10,35,0.01256265640258789,1.0,0.0,0.1256265640258789,2,0.2,8,0.8,10,1.0
20,4,10,32,0.011715412139892578,0.9,0.1,0.11715412139892578,3,0.3,6,0.6,9,0.9,1,0.1
20,4,10,39,0.031417322158813474,1.0,0.0,0.31417322158813477,4,0.4,6,0.6,10,1.0
20,4,10,38,0.0352414608001709,1.0,0.0,0.352414608001709,1,0.1,9,0.9,10,1.0
20,4,10,41,0.07184605598449707,1.0,0.0,0.7184605598449707,2,0.2,8,0.8,10,1.0
20,4,10,40,1.4845678567886353,1.0,0.0,14.845678567886353,1,0.1,9,0.9,10,1.0
20,4,10,33,1.6116768836975097,1.0,0.0,16.116768836975098,0,0.0,10,1.0,10,1.0
20,4,10,45,0.012618660926818848,0.8,0.2,0.12618660926818848,3,0.3,5,0.5,2,0.2,8,0.8
20,4,10,44,0.01660444736480713,0.9,0.1,0.1660444736480713,3,0.3,6,0.6,9,0.9,1,0.1
20,4,10,43,0.014997482299804688,0.9,0.1,0.14997482299804688,0,0.0,9,0.9,9,0.9,1,0.1
20,4,10,48,0.027991890907287598,1.0,0.0,0.279918909072876,2,0.2,8,0.8,10,1.0
20,4,10,51,0.019835877418518066,0.9,0.1,0.19835877418518066,2,0.2,7,0.7,9,0.9,1,0.1
20,4,10,46,0.062150764465332034,0.9,0.1,0.6215076446533203,1,0.1,8,0.8,9,0.9,1,0.1
20,4,10,49,0.16190414428710936,1.0,0.0,1.6190414428710938,2,0.2,8,0.8,10,1.0
20,4,10,47,0.25291640758514405,1.0,0.0,2.5291640758514404,2,0.2,8,0.8,10,1.0
20,4,10,42,0.313675594329834,1.0,0.0,3.13675594329834,4,0.4,6,0.6,10,1.0
20,4,10,50,1.6054704427719115,1.0,0.0,16.054704427719116,2,0.2,8,0.8,10,1.0
20,4,10,54,0.03392558097839356,1.0,0.0,0.33925580978393555,2,0.2,8,0.8,10,1.0
20,4,10,55,0.010223126411437989,1.0,0.0,0.10223126411437988,2,0.2,8,0.8,10,1.0
20,4,10,57,0.032848453521728514,0.9,0.1,0.32848453521728516,3,0.3,6,0.6,9,0.9,1,0.1
20,4,10,61,0.0287689208984375,0.9,0.1,0.287689208984375,3,0.3,6,0.6,9,0.9,1,0.1
20,4,10,53,0.046883153915405276,0.8,0.2,0.46883153915405273,2,0.2,6,0.6,8,0.8,2,0.2
20,4,10,59,0.14878630638122559,1.0,0.0,1.4878630638122559,4,0.4,6,0.6,10,1.0
20,4,10,52,0.1654446840286255,1.0,0.0,1.6544468402862549,3,0.3,7,0.7,10,1.0
20,4,10,56,0.231160569190979,0.8,0.2,2.31160569190979,2,0.2,6,0.6,8,0.8,2,0.2
20,4,10,60,0.3840226173400879,1.0,0.0,3.840226173400879,1,0.1,9,0.9,9,0.9,1,0.1
20,4,10,58,1.1511758804321288,1.0,0.0,11.511758804321289,1,0.1,9,0.9,10,1.0
20,4,10,64,0.006543278694152832,0.9,0.1,0.06543278694152832,3,0.3,6,0.6,9,0.9,1,0.1
20,4,10,66,0.014699316024780274,1.0,0.0,0.14699316024780273,3,0.3,7,0.7,10,1.0
20,4,10,62,0.02874150276184082,1.0,0.0,0.2874150276184082,4,0.4,6,0.6,10,1.0
20,4,10,63,0.01546933650970459,1.0,0.0,0.1546933650970459,5,0.5,5,0.5,10,1.0
20,4,10,67,0.0222395658493042,1.0,0.0,0.222395658493042,2,0.2,8,0.8,10,1.0
20,4,10,70,0.01734447479248047,0.8,0.2,0.1734447479248047,1,0.1,7,0.7,8,0.8,2,0.2
20,4,10,69,0.45578434467315676,1.0,0.0,4.557843446731567,1,0.1,9,0.9,10,1.0
20,4,10,71,1.2010596513748169,1.0,0.0,12.010596513748169,1,0.1,9,0.9,10,1.0
20,4,10,65,1.3546810388565063,1.0,0.0,13.546810388565063,3,0.3,7,0.7,10,1.0
20,4,10,77,0.006678009033203125,1.0,0.0,0.06678009033203125,2,0.2,8,0.8,10,1.0
20,4,10,78,0.029356884956359863,1.0,0.0,0.29356884956359863,1,0.1,9,0.9,10,1.0
20,4,10,74,0.024304962158203124,0.9,0.1,0.24304962158203125,3,0.3,6,0.6,9,0.9,1,0.1
20,4,10,81,0.01793980598449707,1.0,0.0,0.1793980598449707,3,0.3,7,0.7,10,1.0
20,4,10,73,0.03362739086151123,1.0,0.0,0.3362739086151123,1,0.1,9,0.9,10,1.0
20,4,10,76,0.16503992080688476,1.0,0.0,1.6503992080688477,3,0.3,7,0.7,10,1.0
20,4,10,75,0.18648951053619384,1.0,0.0,1.8648951053619385,1,0.1,9,0.9,10,1.0
20,4,10,80,0.2239607095718384,1.0,0.0,2.239607095718384,4,0.4,6,0.6,10,1.0
20,4,10,82,0.4121603488922119,0.9,0.1,4.121603488922119,1,0.1,8,0.8,9,0.9,1,0.1
20,4,10,79,0.5066378593444825,0.9,0.1,5.066378593444824,1,0.1,8,0.8,9,0.9,1,0.1
20,4,10,72,1.1927042245864867,1.0,0.0,11.927042245864868,1,0.1,9,0.9,10,1.0
20,4,10,83,0.01268923282623291,1.0,0.0,0.1268923282623291,3,0.3,7,0.7,10,1.0
20,4,10,85,0.015713715553283693,0.9,0.1,0.15713715553283691,2,0.2,7,0.7,9,0.9,1,0.1
20,4,10,90,0.026512503623962402,1.0,0.0,0.265125036239624,3,0.3,7,0.7,10,1.0
20,4,10,87,0.05725247859954834,1.0,0.0,0.5725247859954834,2,0.2,8,0.8,10,1.0
20,4,10,92,0.1663527488708496,0.9,0.1,1.663527488708496,0,0.0,9,0.9,9,0.9,1,0.1
20,4,10,86,0.21142940521240233,1.0,0.0,2.1142940521240234,3,0.3,7,0.7,10,1.0
20,4,10,91,0.29918417930603025,1.0,0.0,2.9918417930603027,5,0.5,5,0.5,10,1.0
20,4,10,88,0.5866711139678955,1.0,0.0,5.866711139678955,3,0.3,7,0.7,10,1.0
20,4,10,89,1.4641550779342651,1.0,0.0,14.641550779342651,0,0.0,10,1.0,10,1.0
20,4,10,84,1.4928821325302124,1.0,0.0,14.928821325302124,4,0.4,6,0.6,10,1.0
20,4,10,68,8.398125791549683,0.9,0.1,83.98125791549683,1,0.1,8,0.8,9,0.9,1,0.1
20,4,10,93,0.020664477348327638,0.9,0.1,0.20664477348327637,3,0.3,6,0.6,9,0.9,1,0.1
20,4,10,95,0.03581206798553467,1.0,0.0,0.3581206798553467,1,0.1,9,0.9,10,1.0
20,4,10,96,0.0277817964553833,0.9,0.1,0.277817964553833,3,0.3,6,0.6,9,0.9,1,0.1
20,4,10,98,0.04025301933288574,1.0,0.0,0.4025301933288574,2,0.2,8,0.8,10,1.0
20,4,10,102,0.009024763107299804,1.0,0.0,0.09024763107299805,5,0.5,5,0.5,10,1.0
20,4,10,99,0.028306961059570312,0.9,0.1,0.2830696105957031,1,0.1,8,0.8,9,0.9,1,0.1
20,4,10,94,0.4098828792572021,1.0,0.0,4.0988287925720215,3,0.3,7,0.7,10,1.0
20,4,10,101,0.4196044683456421,0.9,0.1,4.196044683456421,1,0.1,8,0.8,9,0.9,1,0.1
20,4,10,97,1.1696996450424195,1.0,0.0,11.696996450424194,3,0.3,7,0.7,10,1.0
20,4,10,100,1.4102413654327393,0.9,0.1,14.102413654327393,3,0.3,6,0.6,9,0.9,1,0.1
20,4,10,107,0.016333961486816408,1.0,0.0,0.16333961486816406,5,0.5,5,0.5,10,1.0
20,4,10,109,0.018483948707580567,0.9,0.1,0.18483948707580566,2,0.2,7,0.7,9,0.9,1,0.1
20,4,10,108,0.023028182983398437,1.0,0.0,0.23028182983398438,4,0.4,6,0.6,10,1.0
20,4,10,112,0.01283433437347412,1.0,0.0,0.1283433437347412,3,0.3,7,0.7,10,1.0
20,4,10,111,0.015410923957824707,1.0,0.0,0.15410923957824707,5,0.5,5,0.5,10,1.0
20,4,10,110,0.028551602363586427,0.9,0.1,0.28551602363586426,1,0.1,8,0.8,9,0.9,1,0.1
20,4,10,105,0.14874553680419922,1.0,0.0,1.4874553680419922,1,0.1,9,0.9,10,1.0
20,4,10,103,0.18859388828277587,1.0,0.0,1.8859388828277588,4,0.4,6,0.6,9,0.9,1,0.1
20,4,10,106,0.22539799213409423,1.0,0.0,2.2539799213409424,2,0.2,8,0.8,10,1.0
20,4,10,113,0.9894072771072387,1.0,0.0,9.894072771072388,1,0.1,9,0.9,10,1.0
20,4,10,116,0.013176512718200684,1.0,0.0,0.13176512718200684,4,0.4,6,0.6,10,1.0
20,4,10,114,0.026399922370910645,0.9,0.1,0.26399922370910645,3,0.3,6,0.6,9,0.9,1,0.1
20,4,10,119,0.018118929862976075,1.0,0.0,0.18118929862976074,1,0.1,9,0.9,10,1.0
20,4,10,120,0.016589832305908204,0.9,0.1,0.16589832305908203,2,0.2,7,0.7,9,0.9,1,0.1
20,4,10,117,0.02786104679107666,1.0,0.0,0.2786104679107666,3,0.3,7,0.7,10,1.0
20,4,10,123,0.007218599319458008,1.0,0.0,0.07218599319458008,4,0.4,6,0.6,10,1.0
20,4,10,115,0.03645665645599365,1.0,0.0,0.3645665645599365,2,0.2,8,0.8,10,1.0
20,4,10,121,0.0272843599319458,0.9,0.1,0.272843599319458,1,0.1,8,0.8,9,0.9,1,0.1
20,4,10,122,0.030648255348205568,1.0,0.0,0.30648255348205566,1,0.1,9,0.9,10,1.0
20,4,10,118,1.3778298616409301,1.0,0.0,13.778298616409302,2,0.2,8,0.8,10,1.0
20,4,10,124,0.026806282997131347,1.0,0.0,0.2680628299713135,4,0.4,6,0.6,10,1.0
20,4,10,128,0.021416544914245605,1.0,0.0,0.21416544914245605,3,0.3,7,0.7,10,1.0
20,4,10,126,0.01882796287536621,1.0,0.0,0.1882796287536621,2,0.2,8,0.8,10,1.0
20,4,10,133,0.010399556159973145,0.9,0.1,0.10399556159973145,3,0.3,6,0.6,9,0.9,1,0.1
20,4,10,129,0.03458561897277832,1.0,0.0,0.3458561897277832,2,0.2,8,0.8,10,1.0
20,4,10,134,0.023842716217041017,1.0,0.0,0.23842716217041016,3,0.3,7,0.7,10,1.0
20,4,10,132,0.031537103652954104,1.0,0.0,0.315371036529541,3,0.3,7,0.7,10,1.0
20,4,10,130,0.03011488914489746,0.9,0.1,0.3011488914489746,4,0.4,5,0.5,9,0.9,1,0.1
20,4,10,131,0.03013632297515869,0.9,0.1,0.3013632297515869,1,0.1,8,0.8,9,0.9,1,0.1
20,4,10,125,0.25404174327850343,0.9,0.1,2.540417432785034,1,0.1,8,0.8,9,0.9,1,0.1
20,4,10,127,1.0450850486755372,1.0,0.0,10.450850486755371,3,0.3,7,0.7,10,1.0
20,4,10,137,0.019236302375793456,1.0,0.0,0.19236302375793457,5,0.5,5,0.5,10,1.0
20,4,10,140,0.012439155578613281,1.0,0.0,0.12439155578613281,3,0.3,7,0.7,10,1.0
20,4,10,136,0.033910083770751956,1.0,0.0,0.33910083770751953,1,0.1,9,0.9,10,1.0
20,4,10,135,0.0337127685546875,1.0,0.0,0.337127685546875,2,0.2,8,0.8,10,1.0
20,4,10,141,0.03555128574371338,1.0,0.0,0.3555128574371338,3,0.3,7,0.7,10,1.0
20,4,10,144,0.05702838897705078,1.0,0.0,0.5702838897705078,1,0.1,9,0.9,10,1.0
20,4,10,143,0.1430389404296875,1.0,0.0,1.430389404296875,3,0.3,7,0.7,10,1.0
20,4,10,138,1.3476479053497314,0.9,0.1,13.476479053497314,2,0.2,7,0.7,9,0.9,1,0.1
20,4,10,142,1.3926591396331787,1.0,0.0,13.926591396331787,2,0.2,8,0.8,10,1.0
20,4,10,139,1.4519140243530273,0.9,0.1,14.519140243530273,1,0.1,8,0.8,9,0.9,1,0.1
20,4,10,150,0.010941529273986816,0.9,0.1,0.10941529273986816,4,0.4,5,0.5,9,0.9,1,0.1
20,4,10,154,0.019519329071044922,0.9,0.1,0.19519329071044922,2,0.2,7,0.7,9,0.9,1,0.1
20,4,10,152,0.029225802421569823,1.0,0.0,0.29225802421569824,1,0.1,9,0.9,10,1.0
20,4,10,151,0.030832481384277344,1.0,0.0,0.30832481384277344,1,0.1,9,0.9,10,1.0
20,4,10,153,0.02009885311126709,1.0,0.0,0.2009885311126709,4,0.4,6,0.6,10,1.0
20,4,10,149,0.049622631072998045,0.9,0.1,0.49622631072998047,5,0.5,4,0.4,9,0.9,1,0.1
20,4,10,147,0.05499398708343506,1.0,0.0,0.5499398708343506,3,0.3,7,0.7,10,1.0
20,4,10,145,0.1149186372756958,1.0,0.0,1.149186372756958,2,0.2,8,0.8,10,1.0
20,4,10,148,0.15161604881286622,1.0,0.0,1.516160488128662,2,0.2,8,0.8,10,1.0
20,4,10,146,1.4275030136108398,1.0,0.0,14.275030136108398,4,0.4,6,0.6,10,1.0
20,4,10,161,0.005808448791503907,0.9,0.1,0.05808448791503906,5,0.5,4,0.4,9,0.9,1,0.1
20,4,10,158,0.01985013484954834,0.9,0.1,0.1985013484954834,3,0.3,6,0.6,9,0.9,1,0.1
20,4,10,162,0.012308692932128907,0.9,0.1,0.12308692932128906,3,0.3,6,0.6,9,0.9,1,0.1
20,4,10,155,0.022129344940185546,1.0,0.0,0.22129344940185547,2,0.2,8,0.8,10,1.0
20,4,10,159,0.03150146007537842,1.0,0.0,0.3150146007537842,2,0.2,8,0.8,10,1.0
20,4,10,164,0.010773015022277833,1.0,0.0,0.10773015022277832,3,0.3,7,0.7,10,1.0
20,4,10,156,0.17992243766784669,1.0,0.0,1.7992243766784668,3,0.3,7,0.7,10,1.0
20,4,10,160,0.27049038410186765,1.0,0.0,2.7049038410186768,2,0.2,8,0.8,10,1.0
20,4,10,157,1.042821741104126,0.9,0.1,10.42821741104126,1,0.1,8,0.8,9,0.9,1,0.1
20,4,10,163,1.198369812965393,1.0,0.0,11.98369812965393,3,0.3,7,0.7,10,1.0
20,4,10,167,0.010416460037231446,1.0,0.0,0.10416460037231445,2,0.2,8,0.8,10,1.0
20,4,10,169,0.01774928569793701,0.9,0.1,0.17749285697937012,4,0.4,5,0.5,9,0.9,1,0.1
20,4,10,175,0.010840225219726562,0.9,0.1,0.10840225219726562,1,0.1,8,0.8,9,0.9,1,0.1
20,4,10,170,0.022140145301818848,0.9,0.1,0.22140145301818848,3,0.3,6,0.6,9,0.9,1,0.1
20,4,10,171,0.01091160774230957,1.0,0.0,0.1091160774230957,5,0.5,5,0.5,10,1.0
20,4,10,172,0.0230377197265625,1.0,0.0,0.230377197265625,3,0.3,7,0.7,10,1.0
20,4,10,174,0.023909473419189455,1.0,0.0,0.23909473419189453,2,0.2,8,0.8,10,1.0
20,4,10,168,0.03526711463928223,1.0,0.0,0.35267114639282227,0,0.0,10,1.0,10,1.0
20,4,10,173,0.050091886520385744,1.0,0.0,0.5009188652038574,1,0.1,9,0.9,10,1.0
20,4,10,165,0.4900542736053467,1.0,0.0,4.900542736053467,2,0.2,8,0.8,10,1.0
20,4,10,166,1.3077439308166503,0.9,0.1,13.077439308166504,1,0.1,8,0.8,9,0.9,1,0.1
20,4,10,180,0.007616281509399414,1.0,0.0,0.07616281509399414,5,0.5,5,0.5,10,1.0
20,4,10,177,0.034603333473205565,0.9,0.1,0.34603333473205566,2,0.2,7,0.7,9,0.9,1,0.1
20,4,10,181,0.01968245506286621,1.0,0.0,0.1968245506286621,1,0.1,9,0.9,10,1.0
20,4,10,179,0.027710342407226564,1.0,0.0,0.2771034240722656,4,0.4,6,0.6,10,1.0
20,4,10,182,0.025062870979309083,1.0,0.0,0.2506287097930908,4,0.4,6,0.6,10,1.0
20,4,10,183,0.2395695686340332,0.9,0.1,2.395695686340332,3,0.3,6,0.6,9,0.9,1,0.1
20,4,10,178,0.4057250738143921,1.0,0.0,4.057250738143921,2,0.2,8,0.8,10,1.0
20,4,10,184,1.1188389301300048,1.0,0.0,11.188389301300049,3,0.3,7,0.7,10,1.0
20,4,10,185,1.4630689382553101,1.0,0.0,14.6306893825531,1,0.1,9,0.9,10,1.0
20,4,10,176,1.513075304031372,0.9,0.1,15.13075304031372,1,0.1,8,0.8,9,0.9,1,0.1
20,4,10,195,0.013455033302307129,0.9,0.1,0.1345503330230713,2,0.2,7,0.7,1,0.1,9,0.9
20,4,10,188,0.023701977729797364,1.0,0.0,0.23701977729797363,3,0.3,7,0.7,10,1.0
20,4,10,194,0.01524944305419922,0.8,0.2,0.1524944305419922,5,0.5,3,0.3,2,0.2,8,0.8
20,4,10,190,0.03796143531799316,0.8,0.2,0.37961435317993164,2,0.2,6,0.6,8,0.8,2,0.2
20,4,10,196,0.009970498085021973,1.0,0.0,0.09970498085021973,4,0.4,6,0.6,10,1.0
20,4,10,192,0.03474705219268799,0.9,0.1,0.3474705219268799,3,0.3,6,0.6,9,0.9,1,0.1
20,4,10,193,0.14951472282409667,0.9,0.1,1.4951472282409668,3,0.3,6,0.6,9,0.9,1,0.1
20,4,10,189,0.17159636020660402,1.0,0.0,1.71596360206604,3,0.3,7,0.7,10,1.0
20,4,10,186,0.20098936557769775,0.9,0.1,2.0098936557769775,3,0.3,6,0.6,9,0.9,1,0.1
20,4,10,191,0.4879810333251953,1.0,0.0,4.879810333251953,4,0.4,6,0.6,10,1.0
20,4,10,187,1.1887335538864137,1.0,0.0,11.887335538864136,2,0.2,8,0.8,10,1.0
20,4,10,205,0.008243775367736817,0.9,0.1,0.08243775367736816,4,0.4,5,0.5,9,0.9,1,0.1
20,4,10,200,0.00852968692779541,0.9,0.1,0.0852968692779541,4,0.4,5,0.5,9,0.9,1,0.1
20,4,10,203,0.007168459892272949,1.0,0.0,0.07168459892272949,2,0.2,8,0.8,10,1.0
20,4,10,198,0.021808528900146486,0.9,0.1,0.21808528900146484,1,0.1,8,0.8,9,0.9,1,0.1
20,4,10,197,0.137062668800354,0.9,0.1,1.37062668800354,3,0.3,6,0.6,9,0.9,1,0.1
20,4,10,199,0.16301257610321046,0.9,0.1,1.6301257610321045,1,0.1,8,0.8,9,0.9,1,0.1
20,4,10,204,0.15369274616241455,0.9,0.1,1.5369274616241455,5,0.5,4,0.4,9,0.9,1,0.1
20,4,10,202,0.16608996391296388,1.0,0.0,1.6608996391296387,1,0.1,9,0.9,10,1.0
20,4,10,206,0.2601412534713745,1.0,0.0,2.601412534713745,2,0.2,8,0.8,9,0.9,1,0.1
20,4,10,201,1.1579699277877809,0.9,0.1,11.579699277877808,4,0.4,5,0.5,1,0.1,9,0.9
20,4,10,211,0.022800755500793458,1.0,0.0,0.22800755500793457,5,0.5,5,0.5,10,1.0
20,4,10,214,0.020688390731811522,0.9,0.1,0.20688390731811523,0,0.0,9,0.9,1,0.1,9,0.9
20,4,10,208,0.03960440158843994,1.0,0.0,0.3960440158843994,3,0.3,7,0.7,10,1.0
20,4,10,213,0.023824572563171387,1.0,0.0,0.23824572563171387,3,0.3,7,0.7,10,1.0
20,4,10,209,0.05905249118804932,1.0,0.0,0.5905249118804932,3,0.3,7,0.7,10,1.0
20,4,10,212,0.1588371753692627,1.0,0.0,1.588371753692627,1,0.1,9,0.9,10,1.0
20,4,10,216,0.24339334964752196,0.9,0.1,2.4339334964752197,3,0.3,6,0.6,9,0.9,1,0.1
20,4,10,207,1.0632532119750977,1.0,0.0,10.632532119750977,4,0.4,6,0.6,10,1.0
20,4,10,210,1.4114163875579835,1.0,0.0,14.114163875579834,4,0.4,6,0.6,10,1.0
20,4,10,215,2.029401707649231,1.0,0.0,20.29401707649231,3,0.3,7,0.7,10,1.0
20,4,10,221,0.010756182670593261,0.9,0.1,0.10756182670593262,4,0.4,5,0.5,9,0.9,1,0.1
20,4,10,222,0.008237814903259278,1.0,0.0,0.08237814903259277,2,0.2,8,0.8,10,1.0
20,4,10,220,0.01799309253692627,0.8,0.2,0.1799309253692627,1,0.1,7,0.7,8,0.8,2,0.2
20,4,10,218,0.02199544906616211,0.9,0.1,0.2199544906616211,3,0.3,6,0.6,9,0.9,1,0.1
20,4,10,217,0.03346092700958252,1.0,0.0,0.3346092700958252,3,0.3,7,0.7,10,1.0
20,4,10,223,0.03837819099426269,1.0,0.0,0.38378190994262695,3,0.3,7,0.7,10,1.0
20,4,10,224,0.06364750862121582,1.0,0.0,0.6364750862121582,1,0.1,9,0.9,10,1.0
20,4,10,219,0.14949390888214112,1.0,0.0,1.4949390888214111,0,0.0,10,1.0,10,1.0
20,4,10,226,0.1522756814956665,1.0,0.0,1.522756814956665,2,0.2,8,0.8,10,1.0
20,4,10,225,0.26190891265869143,1.0,0.0,2.619089126586914,3,0.3,7,0.7,10,1.0
20,4,10,235,0.01885991096496582,0.8,0.2,0.1885991096496582,3,0.3,5,0.5,8,0.8,2,0.2
20,4,10,230,0.025444507598876953,1.0,0.0,0.25444507598876953,4,0.4,6,0.6,10,1.0
20,4,10,231,0.026465463638305663,1.0,0.0,0.26465463638305664,1,0.1,9,0.9,10,1.0
20,4,10,229,0.030592632293701173,1.0,0.0,0.3059263229370117,2,0.2,8,0.8,10,1.0
20,4,10,236,0.006994819641113282,1.0,0.0,0.06994819641113281,4,0.4,6,0.6,10,1.0
20,4,10,234,0.014570999145507812,0.9,0.1,0.14570999145507812,3,0.3,6,0.6,9,0.9,1,0.1
20,4,10,232,0.03350851535797119,1.0,0.0,0.3350851535797119,2,0.2,8,0.8,10,1.0
20,4,10,233,0.1432767391204834,1.0,0.0,1.432767391204834,5,0.5,5,0.5,10,1.0
20,4,10,228,0.29338390827178956,1.0,0.0,2.9338390827178955,4,0.4,6,0.6,10,1.0
20,4,10,227,0.7614412784576416,1.0,0.0,7.614412784576416,2,0.2,8,0.8,10,1.0
20,4,10,237,0.008127737045288085,0.9,0.1,0.08127737045288086,2,0.2,7,0.7,9,0.9,1,0.1
20,4,10,242,0.00804729461669922,0.8,0.2,0.08047294616699219,4,0.4,4,0.4,8,0.8,2,0.2
20,4,10,238,0.016437792778015138,0.9,0.1,0.16437792778015137,0,0.0,9,0.9,9,0.9,1,0.1
20,4,10,239,0.016475939750671388,1.0,0.0,0.16475939750671387,4,0.4,6,0.6,10,1.0
20,4,10,240,0.030898666381835936,1.0,0.0,0.3089866638183594,2,0.2,8,0.8,10,1.0
20,4,10,244,0.15199244022369385,1.0,0.0,1.5199244022369385,3,0.3,7,0.7,10,1.0
20,4,10,246,0.14540293216705322,0.9,0.1,1.4540293216705322,1,0.1,8,0.8,9,0.9,1,0.1
20,4,10,243,0.5724910020828247,1.0,0.0,5.724910020828247,1,0.1,9,0.9,10,1.0
20,4,10,245,1.3085015535354614,1.0,0.0,13.085015535354614,1,0.1,9,0.9,10,1.0
20,4,10,241,1.786121654510498,1.0,0.0,17.86121654510498,3,0.3,7,0.7,10,1.0
20,4,10,252,0.009171128273010254,1.0,0.0,0.09171128273010254,2,0.2,8,0.8,10,1.0
20,4,10,253,0.020475935935974122,1.0,0.0,0.2047593593597412,2,0.2,8,0.8,10,1.0
20,4,10,250,0.02145402431488037,0.9,0.1,0.2145402431488037,3,0.3,6,0.6,1,0.1,9,0.9
20,4,10,249,0.0209944486618042,0.9,0.1,0.209944486618042,2,0.2,7,0.7,9,0.9,1,0.1
20,4,10,248,0.033073592185974124,1.0,0.0,0.3307359218597412,2,0.2,8,0.8,10,1.0
20,4,10,256,0.032631540298461915,1.0,0.0,0.32631540298461914,2,0.2,8,0.8,10,1.0
20,4,10,254,0.20641107559204103,1.0,0.0,2.06411075592041,3,0.3,7,0.7,10,1.0
20,4,10,255,0.2133704662322998,1.0,0.0,2.133704662322998,3,0.3,7,0.7,10,1.0
20,4,10,247,1.1512130737304687,1.0,0.0,11.512130737304688,2,0.2,8,0.8,10,1.0
20,4,10,251,1.4551433801651001,1.0,0.0,14.551433801651001,2,0.2,8,0.8,10,1.0
20,4,10,257,0.007087564468383789,0.9,0.1,0.07087564468383789,4,0.4,5,0.5,9,0.9,1,0.1
20,4,10,263,0.011808943748474122,0.9,0.1,0.11808943748474121,5,0.5,4,0.4,9,0.9,1,0.1
20,4,10,261,0.014763879776000976,0.9,0.1,0.14763879776000977,4,0.4,5,0.5,9,0.9,1,0.1
20,4,10,260,0.01602969169616699,1.0,0.0,0.16029691696166992,2,0.2,8,0.8,10,1.0
20,4,10,259,0.016655755043029786,0.9,0.1,0.16655755043029785,3,0.3,6,0.6,9,0.9,1,0.1
20,4,10,265,0.029503655433654786,0.9,0.1,0.29503655433654785,1,0.1,8,0.8,9,0.9,1,0.1
20,4,10,266,0.03238136768341064,1.0,0.0,0.32381367683410645,1,0.1,9,0.9,10,1.0
20,4,10,267,0.29169864654541017,1.0,0.0,2.9169864654541016,0,0.0,10,1.0,10,1.0
20,4,10,262,0.38024125099182127,1.0,0.0,3.802412509918213,2,0.2,8,0.8,10,1.0
20,4,10,264,1.1265143394470214,1.0,0.0,11.265143394470215,3,0.3,7,0.7,10,1.0
20,4,10,258,1.504447603225708,1.0,0.0,15.04447603225708,3,0.3,7,0.7,10,1.0
20,4,10,268,0.018903708457946776,0.9,0.1,0.18903708457946777,3,0.3,6,0.6,9,0.9,1,0.1
20,4,10,273,0.027208876609802247,1.0,0.0,0.27208876609802246,2,0.2,8,0.8,10,1.0
20,4,10,269,0.03952898979187012,1.0,0.0,0.39528989791870117,2,0.2,8,0.8,10,1.0
20,4,10,274,0.04556605815887451,0.9,0.1,0.4556605815887451,2,0.2,7,0.7,9,0.9,1,0.1
20,4,10,272,0.052200031280517575,1.0,0.0,0.5220003128051758,4,0.4,6,0.6,10,1.0
20,4,10,270,0.036617112159729,1.0,0.0,0.36617112159729004,2,0.2,8,0.8,10,1.0
20,4,10,275,0.1761179208755493,0.9,0.1,1.7611792087554932,2,0.2,7,0.7,9,0.9,1,0.1
20,4,10,277,0.24239966869354249,1.0,0.0,2.423996686935425,2,0.2,8,0.8,10,1.0
20,4,10,276,1.1048280000686646,1.0,0.0,11.048280000686646,2,0.2,8,0.8,10,1.0
20,4,10,271,1.1494884967803956,0.9,0.1,11.494884967803955,0,0.0,9,0.9,9,0.9,1,0.1
20,4,10,282,0.019673490524291994,0.8,0.2,0.19673490524291992,3,0.3,5,0.5,8,0.8,2,0.2
20,4,10,283,0.025513362884521485,1.0,0.0,0.25513362884521484,0,0.0,10,1.0,10,1.0
20,4,10,287,0.016741085052490234,1.0,0.0,0.16741085052490234,3,0.3,7,0.7,10,1.0
20,4,10,286,0.01003422737121582,1.0,0.0,0.1003422737121582,3,0.3,7,0.7,10,1.0
20,4,10,288,0.028182363510131835,1.0,0.0,0.28182363510131836,2,0.2,8,0.8,10,1.0
20,4,10,279,0.05535123348236084,1.0,0.0,0.5535123348236084,1,0.1,9,0.9,10,1.0
20,4,10,284,0.1463174343109131,1.0,0.0,1.4631743431091309,4,0.4,6,0.6,10,1.0
20,4,10,280,0.17284164428710938,0.9,0.1,1.7284164428710938,4,0.4,5,0.5,9,0.9,1,0.1
20,4,10,278,0.27279152870178225,0.9,0.1,2.7279152870178223,0,0.0,9,0.9,9,0.9,1,0.1
20,4,10,285,0.41842243671417234,1.0,0.0,4.184224367141724,3,0.3,7,0.7,10,1.0
20,4,10,281,1.3766238927841186,1.0,0.0,13.766238927841187,2,0.2,8,0.8,10,1.0
20,4,10,292,0.018033337593078614,1.0,0.0,0.18033337593078613,4,0.4,6,0.6,10,1.0
20,4,10,293,0.02173480987548828,1.0,0.0,0.2173480987548828,2,0.2,8,0.8,10,1.0
20,4,10,295,0.024606657028198243,1.0,0.0,0.24606657028198242,2,0.2,8,0.8,10,1.0
20,4,10,289,0.023496150970458984,1.0,0.0,0.23496150970458984,5,0.5,5,0.5,10,1.0
20,4,10,298,0.024654102325439454,1.0,0.0,0.24654102325439453,3,0.3,7,0.7,10,1.0
20,4,10,296,0.038467574119567874,1.0,0.0,0.3846757411956787,0,0.0,10,1.0,10,1.0
20,4,10,294,0.20971956253051757,1.0,0.0,2.097195625305176,1,0.1,9,0.9,10,1.0
20,4,10,297,0.2644906520843506,1.0,0.0,2.644906520843506,4,0.4,6,0.6,10,1.0
20,4,10,290,0.4304132223129272,1.0,0.0,4.3041322231292725,2,0.2,8,0.8,10,1.0
20,4,10,291,1.3151033878326417,1.0,0.0,13.151033878326416,1,0.1,9,0.9,10,1.0
20,4,10,303,0.009760332107543946,0.9,0.1,0.09760332107543945,4,0.4,5,0.5,9,0.9,1,0.1
20,4,10,301,0.028276896476745604,1.0,0.0,0.28276896476745605,3,0.3,7,0.7,10,1.0
20,4,10,302,0.03407926559448242,0.9,0.1,0.3407926559448242,0,0.0,9,0.9,9,0.9,1,0.1
20,4,10,308,0.022586488723754884,1.0,0.0,0.22586488723754883,5,0.5,5,0.5,10,1.0
20,4,10,307,0.035877537727355954,0.9,0.1,0.35877537727355957,2,0.2,7,0.7,9,0.9,1,0.1
20,4,10,306,0.16819331645965577,1.0,0.0,1.6819331645965576,2,0.2,8,0.8,10,1.0
20,4,10,304,0.20217370986938477,1.0,0.0,2.0217370986938477,2,0.2,8,0.8,10,1.0
20,4,10,309,0.2664029121398926,0.9,0.1,2.664029121398926,1,0.1,8,0.8,9,0.9,1,0.1
20,4,10,299,0.960169792175293,1.0,0.0,9.60169792175293,3,0.3,7,0.7,10,1.0
20,4,10,305,1.121943712234497,1.0,0.0,11.21943712234497,2,0.2,8,0.8,10,1.0
20,4,10,300,1.153947687149048,0.9,0.1,11.539476871490479,1,0.1,8,0.8,9,0.9,1,0.1
20,4,10,314,0.004410767555236816,0.9,0.1,0.044107675552368164,6,0.6,3,0.3,9,0.9,1,0.1
20,4,10,317,0.008848762512207032,0.9,0.1,0.08848762512207031,4,0.4,5,0.5,9,0.9,1,0.1
20,4,10,310,0.020633554458618163,1.0,0.0,0.20633554458618164,2,0.2,8,0.8,10,1.0
20,4,10,313,0.03312938213348389,1.0,0.0,0.33129382133483887,1,0.1,9,0.9,10,1.0
20,4,10,312,0.034711170196533206,1.0,0.0,0.34711170196533203,2,0.2,8,0.8,10,1.0
20,4,10,311,0.02936692237854004,0.8,0.2,0.2936692237854004,5,0.5,3,0.3,8,0.8,2,0.2
20,4,10,315,0.05486221313476562,0.9,0.1,0.5486221313476562,1,0.1,8,0.8,9,0.9,1,0.1
20,4,10,320,0.23382210731506348,1.0,0.0,2.3382210731506348,2,0.2,8,0.8,10,1.0
20,4,10,319,0.24484806060791015,1.0,0.0,2.4484806060791016,4,0.4,6,0.6,10,1.0
20,4,10,318,0.5006275415420532,1.0,0.0,5.006275415420532,4,0.4,6,0.6,10,1.0
20,4,10,316,1.1184815406799316,1.0,0.0,11.184815406799316,4,0.4,6,0.6,10,1.0
20,4,10,324,0.017957544326782225,1.0,0.0,0.17957544326782227,2,0.2,8,0.8,10,1.0
20,4,10,323,0.0154954195022583,1.0,0.0,0.154954195022583,4,0.4,6,0.6,10,1.0
20,4,10,329,0.015680694580078126,1.0,0.0,0.15680694580078125,3,0.3,7,0.7,10,1.0
20,4,10,327,0.016874361038208007,0.9,0.1,0.16874361038208008,3,0.3,6,0.6,9,0.9,1,0.1
20,4,10,330,0.022321248054504396,1.0,0.0,0.22321248054504395,4,0.4,6,0.6,10,1.0
20,4,10,322,0.04968173503875732,1.0,0.0,0.49681735038757324,2,0.2,8,0.8,10,1.0
20,4,10,321,0.2937378644943237,1.0,0.0,2.9373786449432373,2,0.2,8,0.8,10,1.0
20,4,10,325,0.2925269603729248,1.0,0.0,2.925269603729248,4,0.4,6,0.6,10,1.0
20,4,10,326,0.570734977722168,1.0,0.0,5.70734977722168,1,0.1,9,0.9,10,1.0
20,4,10,328,2.4525680541992188,1.0,0.0,24.525680541992188,2,0.2,8,0.8,10,1.0
20,4,10,334,0.013174128532409669,0.9,0.1,0.13174128532409668,2,0.2,7,0.7,9,0.9,1,0.1
20,4,10,339,0.011473894119262695,1.0,0.0,0.11473894119262695,5,0.5,5,0.5,10,1.0
20,4,10,331,0.027570581436157225,1.0,0.0,0.27570581436157227,2,0.2,8,0.8,10,1.0
20,4,10,341,0.020370888710021972,0.9,0.1,0.20370888710021973,4,0.4,5,0.5,9,0.9,1,0.1
20,4,10,332,0.031921768188476564,0.9,0.1,0.3192176818847656,4,0.4,5,0.5,9,0.9,1,0.1
20,4,10,333,0.038023638725280764,0.8,0.2,0.3802363872528076,2,0.2,6,0.6,8,0.8,2,0.2
20,4,10,340,0.05380709171295166,1.0,0.0,0.5380709171295166,2,0.2,8,0.8,10,1.0
20,4,10,337,0.2488711357116699,0.9,0.1,2.488711357116699,3,0.3,6,0.6,1,0.1,9,0.9
20,4,10,338,0.2776816368103027,0.9,0.1,2.7768163681030273,4,0.4,5,0.5,9,0.9,1,0.1
20,4,10,336,0.8641289234161377,1.0,0.0,8.641289234161377,4,0.4,6,0.6,10,1.0
20,4,10,335,1.5015519618988038,1.0,0.0,15.015519618988037,3,0.3,7,0.7,10,1.0
20,4,10,348,0.014754796028137207,1.0,0.0,0.14754796028137207,3,0.3,7,0.7,10,1.0
20,4,10,343,0.009934759140014649,1.0,0.0,0.09934759140014648,4,0.4,6,0.6,10,1.0
20,4,10,344,0.023456740379333495,1.0,0.0,0.23456740379333496,3,0.3,7,0.7,10,1.0
20,4,10,346,0.029755616188049318,1.0,0.0,0.29755616188049316,2,0.2,8,0.8,10,1.0
20,4,10,345,0.03125560283660889,1.0,0.0,0.31255602836608887,1,0.1,9,0.9,10,1.0
20,4,10,351,0.024114179611206054,1.0,0.0,0.24114179611206055,3,0.3,7,0.7,10,1.0
20,4,10,352,0.03158493041992187,0.9,0.1,0.31584930419921875,4,0.4,5,0.5,9,0.9,1,0.1
20,4,10,350,0.04029192924499512,1.0,0.0,0.40291929244995117,2,0.2,8,0.8,10,1.0
20,4,10,342,0.12654466629028321,0.9,0.1,1.265446662902832,3,0.3,6,0.6,9,0.9,1,0.1
20,4,10,347,1.1914334058761598,1.0,0.0,11.914334058761597,2,0.2,8,0.8,10,1.0
20,4,10,349,1.4158241987228393,1.0,0.0,14.158241987228394,0,0.0,10,1.0,10,1.0
20,4,10,361,0.01553339958190918,1.0,0.0,0.1553339958190918,2,0.2,8,0.8,10,1.0
20,4,10,357,0.03400397300720215,1.0,0.0,0.3400397300720215,3,0.3,7,0.7,10,1.0
20,4,10,356,0.0456174373626709,1.0,0.0,0.456174373626709,2,0.2,8,0.8,10,1.0
20,4,10,363,0.02466692924499512,1.0,0.0,0.24666929244995117,3,0.3,7,0.7,10,1.0
20,4,10,360,0.018947625160217287,1.0,0.0,0.18947625160217285,2,0.2,8,0.8,10,1.0
20,4,10,362,0.0476815938949585,1.0,0.0,0.47681593894958496,3,0.3,7,0.7,10,1.0
20,4,10,355,0.17542016506195068,1.0,0.0,1.7542016506195068,3,0.3,7,0.7,10,1.0
20,4,10,354,0.24244329929351807,1.0,0.0,2.4244329929351807,1,0.1,9,0.9,10,1.0
20,4,10,358,0.281013035774231,0.8,0.2,2.8101303577423096,2,0.2,6,0.6,2,0.2,8,0.8
20,4,10,359,0.3743979692459106,1.0,0.0,3.7439796924591064,5,0.5,5,0.5,10,1.0
20,4,10,353,0.7727553129196167,0.9,0.1,7.727553129196167,1,0.1,8,0.8,1,0.1,9,0.9
20,4,10,364,0.019585514068603517,1.0,0.0,0.19585514068603516,1,0.1,9,0.9,10,1.0
20,4,10,369,0.02927861213684082,1.0,0.0,0.2927861213684082,1,0.1,9,0.9,10,1.0
20,4,10,368,0.030416178703308105,1.0,0.0,0.30416178703308105,2,0.2,8,0.8,10,1.0
20,4,10,370,0.03750605583190918,1.0,0.0,0.3750605583190918,4,0.4,6,0.6,10,1.0
20,4,10,367,0.11302580833435058,1.0,0.0,1.1302580833435059,4,0.4,6,0.6,10,1.0
20,4,10,366,0.12273895740509033,1.0,0.0,1.2273895740509033,3,0.3,7,0.7,10,1.0
20,4,10,373,0.1788036584854126,1.0,0.0,1.788036584854126,3,0.3,7,0.7,10,1.0
20,4,10,374,0.5561065912246704,1.0,0.0,5.561065912246704,4,0.4,6,0.6,10,1.0
20,4,10,365,1.1073787927627563,1.0,0.0,11.073787927627563,3,0.3,7,0.7,10,1.0
20,4,10,371,1.136293888092041,1.0,0.0,11.36293888092041,4,0.4,6,0.6,10,1.0
20,4,10,372,1.2550107955932617,1.0,0.0,12.550107955932617,3,0.3,7,0.7,10,1.0
20,4,10,376,0.023960518836975097,1.0,0.0,0.23960518836975098,1,0.1,9,0.9,10,1.0
20,4,10,377,0.02999577522277832,1.0,0.0,0.2999577522277832,2,0.2,8,0.8,10,1.0
20,4,10,380,0.007848715782165528,0.9,0.1,0.07848715782165527,3,0.3,6,0.6,9,0.9,1,0.1
20,4,10,383,0.016346240043640138,0.9,0.1,0.16346240043640137,6,0.6,3,0.3,9,0.9,1,0.1
20,4,10,382,0.034221959114074704,1.0,0.0,0.34221959114074707,2,0.2,8,0.8,10,1.0
20,4,10,375,0.20109117031097412,1.0,0.0,2.010911703109741,4,0.4,6,0.6,10,1.0
20,4,10,381,0.2264106512069702,1.0,0.0,2.264106512069702,2,0.2,8,0.8,10,1.0
20,4,10,384,0.2184582233428955,1.0,0.0,2.184582233428955,2,0.2,8,0.8,10,1.0
20,4,10,378,0.27178738117218015,1.0,0.0,2.7178738117218018,2,0.2,8,0.8,10,1.0
20,4,10,388,0.007835149765014648,0.7,0.3,0.07835149765014648,3,0.3,4,0.4,3,0.3,7,0.7
20,4,10,390,0.015107560157775878,0.9,0.1,0.1510756015777588,2,0.2,7,0.7,9,0.9,1,0.1
20,4,10,385,0.03226945400238037,1.0,0.0,0.3226945400238037,3,0.3,7,0.7,10,1.0
20,4,10,391,0.009941959381103515,0.9,0.1,0.09941959381103516,3,0.3,6,0.6,9,0.9,1,0.1
20,4,10,387,0.023429059982299806,1.0,0.0,0.23429059982299805,2,0.2,8,0.8,10,1.0
20,4,10,386,0.0198394775390625,1.0,0.0,0.198394775390625,4,0.4,6,0.6,10,1.0
20,4,10,392,0.03581695556640625,0.9,0.1,0.3581695556640625,3,0.3,6,0.6,9,0.9,1,0.1
20,4,10,389,0.04561855792999268,1.0,0.0,0.45618557929992676,1,0.1,9,0.9,10,1.0
20,4,10,393,0.03569624423980713,1.0,0.0,0.3569624423980713,3,0.3,7,0.7,10,1.0
20,4,10,394,0.04082279205322266,1.0,0.0,0.40822792053222656,2,0.2,8,0.8,10,1.0
20,4,10,395,1.2436378717422485,0.9,0.1,12.436378717422485,3,0.3,6,0.6,9,0.9,1,0.1
20,4,10,398,0.0128312349319458,1.0,0.0,0.128312349319458,2,0.2,8,0.8,10,1.0
20,4,10,396,0.02553603649139404,1.0,0.0,0.25536036491394043,4,0.4,6,0.6,10,1.0
20,4,10,403,0.006025862693786621,1.0,0.0,0.06025862693786621,4,0.4,6,0.6,10,1.0
20,4,10,401,0.025785231590270997,1.0,0.0,0.25785231590270996,3,0.3,7,0.7,10,1.0
20,4,10,406,0.019289231300354003,0.9,0.1,0.19289231300354004,4,0.4,5,0.5,9,0.9,1,0.1
20,4,10,405,0.03222115039825439,0.9,0.1,0.32221150398254395,3,0.3,6,0.6,9,0.9,1,0.1
20,4,10,397,0.035657525062561035,1.0,0.0,0.35657525062561035,2,0.2,8,0.8,10,1.0
20,4,10,399,0.2319427728652954,0.9,0.1,2.319427728652954,4,0.4,5,0.5,9,0.9,1,0.1
20,4,10,402,0.2707148790359497,1.0,0.0,2.707148790359497,3,0.3,7,0.7,10,1.0
20,4,10,400,0.28820371627807617,1.0,0.0,2.8820371627807617,3,0.3,7,0.7,10,1.0
20,4,10,404,1.3792752027511597,1.0,0.0,13.792752027511597,3,0.3,7,0.7,10,1.0
20,4,10,410,0.007767391204833984,1.0,0.0,0.07767391204833984,4,0.4,6,0.6,10,1.0
20,4,10,411,0.015292596817016602,0.8,0.2,0.15292596817016602,2,0.2,6,0.6,8,0.8,2,0.2
20,4,10,409,0.01688544750213623,1.0,0.0,0.1688544750213623,1,0.1,9,0.9,10,1.0
20,4,10,408,0.019315671920776368,0.9,0.1,0.19315671920776367,3,0.3,6,0.6,9,0.9,1,0.1
20,4,10,417,0.018061351776123048,0.9,0.1,0.18061351776123047,2,0.2,7,0.7,9,0.9,1,0.1
20,4,10,413,0.012753582000732422,1.0,0.0,0.12753582000732422,4,0.4,6,0.6,10,1.0
20,4,10,416,0.02516031265258789,1.0,0.0,0.2516031265258789,3,0.3,7,0.7,10,1.0
20,4,10,415,0.028444528579711914,1.0,0.0,0.28444528579711914,4,0.4,6,0.6,10,1.0
20,4,10,414,0.048312592506408694,1.0,0.0,0.4831259250640869,2,0.2,8,0.8,10,1.0
20,4,10,407,0.18501560688018798,1.0,0.0,1.8501560688018799,1,0.1,9,0.9,10,1.0
20,4,10,412,0.5111578941345215,1.0,0.0,5.111578941345215,1,0.1,9,0.9,10,1.0
20,4,10,379,10.554797482490539,1.0,0.0,105.5479748249054,3,0.3,7,0.7,10,1.0
20,4,10,418,0.009094953536987305,1.0,0.0,0.09094953536987305,5,0.5,5,0.5,10,1.0
20,4,10,421,0.01974806785583496,1.0,0.0,0.1974806785583496,1,0.1,9,0.9,10,1.0
20,4,10,422,0.015106630325317384,0.9,0.1,0.15106630325317383,2,0.2,7,0.7,9,0.9,1,0.1
20,4,10,424,0.021316123008728028,1.0,0.0,0.21316123008728027,1,0.1,9,0.9,10,1.0
20,4,10,426,0.02702062129974365,1.0,0.0,0.2702062129974365,1,0.1,9,0.9,10,1.0
20,4,10,425,0.060594701766967775,0.9,0.1,0.6059470176696777,3,0.3,6,0.6,9,0.9,1,0.1
20,4,10,427,0.21841199398040773,1.0,0.0,2.184119939804077,3,0.3,7,0.7,10,1.0
20,4,10,420,1.0819039344787598,1.0,0.0,10.819039344787598,4,0.4,6,0.6,10,1.0
20,4,10,423,1.3036754369735717,1.0,0.0,13.036754369735718,2,0.2,8,0.8,10,1.0
20,4,10,430,0.024566102027893066,0.9,0.1,0.24566102027893066,1,0.1,8,0.8,9,0.9,1,0.1
20,4,10,432,0.02569282054901123,1.0,0.0,0.2569282054901123,1,0.1,9,0.9,10,1.0
20,4,10,434,0.01682441234588623,1.0,0.0,0.1682441234588623,4,0.4,6,0.6,10,1.0
20,4,10,438,0.013278603553771973,1.0,0.0,0.13278603553771973,2,0.2,8,0.8,10,1.0
20,4,10,436,0.016274428367614745,0.9,0.1,0.16274428367614746,3,0.3,6,0.6,9,0.9,1,0.1
20,4,10,437,0.04655046463012695,1.0,0.0,0.46550464630126953,3,0.3,7,0.7,10,1.0
20,4,10,435,0.12381691932678222,0.9,0.1,1.2381691932678223,2,0.2,7,0.7,8,0.8,1,0.1,1,0.1
20,4,10,428,0.24579851627349852,1.0,0.0,2.4579851627349854,3,0.3,7,0.7,10,1.0
20,4,10,431,0.3169640064239502,1.0,0.0,3.169640064239502,0,0.0,10,1.0,10,1.0
20,4,10,429,0.4344176769256592,1.0,0.0,4.344176769256592,3,0.3,7,0.7,10,1.0
20,4,10,433,1.3341930627822876,1.0,0.0,13.341930627822876,2,0.2,8,0.8,10,1.0
20,4,10,442,0.012716722488403321,1.0,0.0,0.1271672248840332,4,0.4,6,0.6,10,1.0
20,4,10,441,0.032569289207458496,1.0,0.0,0.32569289207458496,1,0.1,9,0.9,10,1.0
20,4,10,446,0.007690072059631348,0.9,0.1,0.07690072059631348,4,0.4,5,0.5,1,0.1,9,0.9
20,4,10,440,0.039527177810668945,1.0,0.0,0.39527177810668945,4,0.4,6,0.6,10,1.0
20,4,10,448,0.05435326099395752,0.9,0.1,0.5435326099395752,4,0.4,5,0.5,9,0.9,1,0.1
20,4,10,445,0.1529611825942993,1.0,0.0,1.5296118259429932,0,0.0,10,1.0,10,1.0
20,4,10,444,0.2538487434387207,1.0,0.0,2.538487434387207,2,0.2,8,0.8,10,1.0
20,4,10,447,0.3313078165054321,1.0,0.0,3.3130781650543213,4,0.4,6,0.6,10,1.0
20,4,10,443,0.4185526371002197,1.0,0.0,4.185526371002197,2,0.2,8,0.8,10,1.0
20,4,10,449,0.004823899269104004,0.9,0.1,0.04823899269104004,5,0.5,4,0.4,9,0.9,1,0.1
20,4,10,452,0.010513830184936523,1.0,0.0,0.10513830184936523,2,0.2,8,0.8,10,1.0
20,4,10,455,0.011037230491638184,1.0,0.0,0.11037230491638184,5,0.5,5,0.5,10,1.0
20,4,10,453,0.01639540195465088,1.0,0.0,0.1639540195465088,2,0.2,8,0.8,10,1.0
20,4,10,451,0.015812492370605467,1.0,0.0,0.1581249237060547,4,0.4,6,0.6,10,1.0
20,4,10,450,0.038782930374145506,0.9,0.1,0.3878293037414551,5,0.5,4,0.4,9,0.9,1,0.1
20,4,10,458,0.02152440547943115,0.9,0.1,0.21524405479431152,2,0.2,7,0.7,9,0.9,1,0.1
20,4,10,454,0.029145455360412596,1.0,0.0,0.291454553604126,3,0.3,7,0.7,10,1.0
20,4,10,456,0.1921998977661133,0.9,0.1,1.9219989776611328,1,0.1,8,0.8,9,0.9,1,0.1
20,4,10,457,0.18345565795898439,0.9,0.1,1.8345565795898438,1,0.1,8,0.8,9,0.9,1,0.1
20,4,10,439,4.13670973777771,1.0,0.0,41.3670973777771,1,0.1,9,0.9,10,1.0
20,4,10,459,0.005482792854309082,0.9,0.1,0.05482792854309082,5,0.5,4,0.4,9,0.9,1,0.1
20,4,10,460,0.018673396110534667,0.9,0.1,0.18673396110534668,1,0.1,8,0.8,9,0.9,1,0.1
20,4,10,461,0.021090888977050783,1.0,0.0,0.2109088897705078,3,0.3,7,0.7,10,1.0
20,4,10,462,0.031133127212524415,1.0,0.0,0.31133127212524414,3,0.3,7,0.7,10,1.0
20,4,10,469,0.008602166175842285,1.0,0.0,0.08602166175842285,5,0.5,5,0.5,10,1.0
20,4,10,465,0.012624382972717285,1.0,0.0,0.12624382972717285,3,0.3,7,0.7,10,1.0
20,4,10,467,0.011677789688110351,1.0,0.0,0.11677789688110352,2,0.2,8,0.8,10,1.0
20,4,10,464,0.017371988296508788,1.0,0.0,0.1737198829650879,1,0.1,9,0.9,10,1.0
20,4,10,466,0.013605332374572754,1.0,0.0,0.13605332374572754,2,0.2,8,0.8,10,1.0
20,4,10,468,0.026278471946716307,0.9,0.1,0.2627847194671631,3,0.3,6,0.6,9,0.9,1,0.1
20,4,10,463,1.4776560306549071,1.0,0.0,14.776560306549072,2,0.2,8,0.8,10,1.0
20,4,10,475,0.007007980346679687,1.0,0.0,0.07007980346679688,2,0.2,8,0.8,10,1.0
20,4,10,474,0.024341917037963866,1.0,0.0,0.24341917037963867,4,0.4,6,0.6,10,1.0
20,4,10,478,0.02284412384033203,1.0,0.0,0.2284412384033203,2,0.2,8,0.8,10,1.0
20,4,10,471,0.031141233444213868,1.0,0.0,0.31141233444213867,2,0.2,8,0.8,10,1.0
20,4,10,479,0.012111973762512208,1.0,0.0,0.12111973762512207,3,0.3,7,0.7,10,1.0
20,4,10,480,0.030995607376098633,1.0,0.0,0.30995607376098633,5,0.5,5,0.5,10,1.0
20,4,10,477,0.039457297325134276,0.9,0.1,0.3945729732513428,1,0.1,8,0.8,9,0.9,1,0.1
20,4,10,476,0.19994874000549318,0.9,0.1,1.9994874000549316,2,0.2,7,0.7,9,0.9,1,0.1
20,4,10,470,0.37042558193206787,1.0,0.0,3.7042558193206787,4,0.4,6,0.6,10,1.0
20,4,10,472,0.3668497323989868,0.9,0.1,3.668497323989868,3,0.3,6,0.6,9,0.9,1,0.1
20,4,10,473,1.381554937362671,0.9,0.1,13.815549373626709,1,0.1,8,0.8,9,0.9,1,0.1
20,4,10,482,0.008521938323974609,0.9,0.1,0.0852193832397461,5,0.5,4,0.4,9,0.9,1,0.1
20,4,10,486,0.011099982261657714,0.9,0.1,0.11099982261657715,3,0.3,6,0.6,9,0.9,1,0.1
20,4,10,483,0.019374895095825195,1.0,0.0,0.19374895095825195,2,0.2,8,0.8,10,1.0
20,4,10,490,0.0088700532913208,1.0,0.0,0.08870053291320801,5,0.5,5,0.5,10,1.0
20,4,10,488,0.026380252838134766,1.0,0.0,0.26380252838134766,3,0.3,7,0.7,10,1.0
20,4,10,489,0.02693495750427246,1.0,0.0,0.2693495750427246,3,0.3,7,0.7,10,1.0
20,4,10,485,0.16216554641723632,1.0,0.0,1.6216554641723633,4,0.4,6,0.6,10,1.0
20,4,10,487,0.15024833679199218,0.9,0.1,1.5024833679199219,0,0.0,9,0.9,9,0.9,1,0.1
20,4,10,481,0.2239781141281128,1.0,0.0,2.239781141281128,3,0.3,7,0.7,10,1.0
20,4,10,484,0.5415589570999145,0.8,0.2,5.4155895709991455,3,0.3,5,0.5,8,0.8,2,0.2
20,4,10,498,0.00825517177581787,1.0,0.0,0.08255171775817871,6,0.6,4,0.4,10,1.0
20,4,10,494,0.023711109161376955,0.9,0.1,0.23711109161376953,5,0.5,4,0.4,9,0.9,1,0.1
20,4,10,497,0.027653145790100097,1.0,0.0,0.276531457901001,3,0.3,7,0.7,10,1.0
20,4,10,501,0.011821985244750977,0.9,0.1,0.11821985244750977,2,0.2,7,0.7,9,0.9,1,0.1
20,4,10,499,0.022342538833618163,1.0,0.0,0.22342538833618164,3,0.3,7,0.7,10,1.0
20,4,10,492,0.01810317039489746,0.9,0.1,0.1810317039489746,5,0.5,4,0.4,9,0.9,1,0.1
20,4,10,496,0.1562786340713501,1.0,0.0,1.562786340713501,4,0.4,6,0.6,10,1.0
20,4,10,500,0.1649625778198242,0.8,0.2,1.6496257781982422,3,0.3,5,0.5,8,0.8,2,0.2
20,4,10,491,1.04946448802948,1.0,0.0,10.4946448802948,3,0.3,7,0.7,10,1.0
20,4,10,493,1.4051243305206298,1.0,0.0,14.051243305206299,4,0.4,6,0.6,10,1.0
20,4,10,505,0.008524250984191895,1.0,0.0,0.08524250984191895,3,0.3,7,0.7,10,1.0
20,4,10,504,0.020078039169311522,1.0,0.0,0.20078039169311523,2,0.2,8,0.8,10,1.0
20,4,10,506,0.019572186470031738,1.0,0.0,0.19572186470031738,2,0.2,8,0.8,10,1.0
20,4,10,503,0.031077051162719728,1.0,0.0,0.31077051162719727,1,0.1,9,0.9,10,1.0
20,4,10,510,0.030646467208862306,1.0,0.0,0.30646467208862305,5,0.5,5,0.5,10,1.0
20,4,10,502,0.19611010551452637,1.0,0.0,1.9611010551452637,2,0.2,8,0.8,10,1.0
20,4,10,507,0.45341684818267824,1.0,0.0,4.534168481826782,4,0.4,6,0.6,10,1.0
20,4,10,509,0.42795462608337403,1.0,0.0,4.27954626083374,1,0.1,9,0.9,10,1.0
20,4,10,511,0.5543357610702515,1.0,0.0,5.543357610702515,1,0.1,9,0.9,10,1.0
20,4,10,517,0.013952302932739257,1.0,0.0,0.13952302932739258,2,0.2,8,0.8,10,1.0
20,4,10,513,0.0160780668258667,0.9,0.1,0.160780668258667,4,0.4,5,0.5,9,0.9,1,0.1
20,4,10,518,0.022770452499389648,0.8,0.2,0.22770452499389648,1,0.1,7,0.7,8,0.8,2,0.2
20,4,10,520,0.009793949127197266,1.0,0.0,0.09793949127197266,3,0.3,7,0.7,10,1.0
20,4,10,514,0.15221996307373048,1.0,0.0,1.5221996307373047,2,0.2,8,0.8,10,1.0
20,4,10,512,0.18423845767974853,1.0,0.0,1.8423845767974854,2,0.2,8,0.8,10,1.0
20,4,10,519,0.22620003223419188,0.9,0.1,2.262000322341919,1,0.1,8,0.8,1,0.1,9,0.9
20,4,10,515,1.4676859378814697,1.0,0.0,14.676859378814697,3,0.3,7,0.7,10,1.0
20,4,10,524,0.022768664360046386,0.9,0.1,0.22768664360046387,2,0.2,7,0.7,9,0.9,1,0.1
20,4,10,529,0.00919485092163086,1.0,0.0,0.0919485092163086,3,0.3,7,0.7,10,1.0
20,4,10,525,0.03477585315704346,1.0,0.0,0.34775853157043457,5,0.5,5,0.5,10,1.0
20,4,10,527,0.013976812362670898,1.0,0.0,0.13976812362670898,3,0.3,7,0.7,10,1.0
20,4,10,522,0.025002312660217286,0.9,0.1,0.25002312660217285,3,0.3,6,0.6,9,0.9,1,0.1
20,4,10,528,0.047160792350769046,1.0,0.0,0.47160792350769043,2,0.2,8,0.8,10,1.0
20,4,10,530,0.12695305347442626,0.8,0.2,1.2695305347442627,3,0.3,5,0.5,8,0.8,2,0.2
20,4,10,531,0.18697311878204345,1.0,0.0,1.8697311878204346,1,0.1,9,0.9,10,1.0
20,4,10,523,0.21161329746246338,1.0,0.0,2.116132974624634,2,0.2,8,0.8,10,1.0
20,4,10,521,0.2256382942199707,0.9,0.1,2.256382942199707,1,0.1,8,0.8,9,0.9,1,0.1
20,4,10,526,1.079199981689453,0.9,0.1,10.791999816894531,1,0.1,8,0.8,9,0.9,1,0.1
20,4,10,508,8.005446887016296,1.0,0.0,80.05446887016296,4,0.4,6,0.6,10,1.0
20,4,10,516,6.164069962501526,1.0,0.0,61.64069962501526,3,0.3,7,0.7,10,1.0
20,4,10,535,0.015584850311279297,1.0,0.0,0.15584850311279297,2,0.2,8,0.8,9,0.9,1,0.1
20,4,10,536,0.010109925270080566,0.7,0.3,0.10109925270080566,1,0.1,6,0.6,3,0.3,7,0.7
20,4,10,542,0.030358314514160156,0.9,0.1,0.30358314514160156,1,0.1,8,0.8,9,0.9,1,0.1
20,4,10,533,0.023030543327331544,0.9,0.1,0.23030543327331543,1,0.1,8,0.8,9,0.9,1,0.1
20,4,10,541,0.009927582740783692,1.0,0.0,0.09927582740783691,3,0.3,7,0.7,10,1.0
20,4,10,539,0.020375490188598633,0.9,0.1,0.20375490188598633,4,0.4,5,0.5,9,0.9,1,0.1
20,4,10,538,0.02575650215148926,1.0,0.0,0.2575650215148926,5,0.5,5,0.5,10,1.0
20,4,10,540,0.26184659004211425,1.0,0.0,2.6184659004211426,3,0.3,7,0.7,10,1.0
20,4,10,537,0.8960357427597045,0.9,0.1,8.960357427597046,2,0.2,7,0.7,9,0.9,1,0.1
20,4,10,534,1.1001058578491212,0.9,0.1,11.001058578491211,3,0.3,6,0.6,9,0.9,1,0.1
20,4,10,547,0.011125302314758301,1.0,0.0,0.11125302314758301,5,0.5,5,0.5,10,1.0
20,4,10,545,0.01197965145111084,1.0,0.0,0.1197965145111084,4,0.4,6,0.6,10,1.0
20,4,10,544,0.024231147766113282,1.0,0.0,0.2423114776611328,1,0.1,9,0.9,10,1.0
20,4,10,551,0.009188199043273925,1.0,0.0,0.09188199043273926,3,0.3,7,0.7,10,1.0
20,4,10,549,0.023467063903808594,1.0,0.0,0.23467063903808594,2,0.2,8,0.8,10,1.0
20,4,10,548,0.16156787872314454,0.9,0.1,1.6156787872314453,2,0.2,7,0.7,9,0.9,1,0.1
20,4,10,546,0.2743020534515381,1.0,0.0,2.743020534515381,1,0.1,9,0.9,10,1.0
20,4,10,543,0.27338447570800783,1.0,0.0,2.733844757080078,1,0.1,9,0.9,10,1.0
20,4,10,552,0.3357738494873047,1.0,0.0,3.357738494873047,1,0.1,9,0.9,10,1.0
20,4,10,553,0.4128473520278931,0.9,0.1,4.128473520278931,4,0.4,5,0.5,9,0.9,1,0.1
20,4,10,558,0.007206034660339355,1.0,0.0,0.07206034660339355,5,0.5,5,0.5,10,1.0
20,4,10,557,0.011858177185058594,0.9,0.1,0.11858177185058594,4,0.4,5,0.5,9,0.9,1,0.1
20,4,10,556,0.02694258689880371,1.0,0.0,0.2694258689880371,2,0.2,8,0.8,10,1.0
20,4,10,560,0.02340428829193115,1.0,0.0,0.23404288291931152,2,0.2,8,0.8,10,1.0
20,4,10,563,0.01532139778137207,0.9,0.1,0.1532139778137207,4,0.4,5,0.5,9,0.9,1,0.1
20,4,10,559,0.030425190925598145,1.0,0.0,0.30425190925598145,2,0.2,8,0.8,10,1.0
20,4,10,555,0.035139155387878415,1.0,0.0,0.3513915538787842,3,0.3,7,0.7,10,1.0
20,4,10,562,0.04244716167449951,0.9,0.1,0.4244716167449951,3,0.3,6,0.6,9,0.9,1,0.1
20,4,10,561,0.05189125537872315,1.0,0.0,0.5189125537872314,4,0.4,6,0.6,10,1.0
20,4,10,554,0.2538874387741089,0.9,0.1,2.538874387741089,4,0.4,5,0.5,9,0.9,1,0.1
20,4,10,564,0.006888699531555176,1.0,0.0,0.06888699531555176,2,0.2,8,0.8,10,1.0
20,4,10,565,0.020752215385437013,1.0,0.0,0.20752215385437012,5,0.5,5,0.5,10,1.0
20,4,10,568,0.02958827018737793,1.0,0.0,0.2958827018737793,2,0.2,8,0.8,10,1.0
20,4,10,566,0.03537163734436035,1.0,0.0,0.3537163734436035,4,0.4,6,0.6,10,1.0
20,4,10,572,0.021696186065673827,1.0,0.0,0.21696186065673828,4,0.4,6,0.6,10,1.0
20,4,10,571,0.03310394287109375,0.9,0.1,0.3310394287109375,1,0.1,8,0.8,9,0.9,1,0.1
20,4,10,573,0.042843985557556155,1.0,0.0,0.4284398555755615,4,0.4,6,0.6,10,1.0
20,4,10,567,0.2657836675643921,1.0,0.0,2.657836675643921,1,0.1,9,0.9,10,1.0
20,4,10,569,0.3654134750366211,1.0,0.0,3.654134750366211,4,0.4,6,0.6,10,1.0
20,4,10,550,8.404064655303955,1.0,0.0,84.04064655303955,4,0.4,6,0.6,10,1.0
20,4,10,579,0.005767202377319336,0.9,0.1,0.05767202377319336,4,0.4,5,0.5,9,0.9,1,0.1
20,4,10,576,0.010153985023498536,1.0,0.0,0.10153985023498535,1,0.1,9,0.9,10,1.0
20,4,10,577,0.014159584045410156,1.0,0.0,0.14159584045410156,3,0.3,7,0.7,10,1.0
20,4,10,578,0.014409399032592774,1.0,0.0,0.14409399032592773,2,0.2,8,0.8,10,1.0
20,4,10,575,0.016009974479675292,1.0,0.0,0.16009974479675293,3,0.3,7,0.7,10,1.0
20,4,10,580,0.018975663185119628,1.0,0.0,0.1897566318511963,2,0.2,8,0.8,10,1.0
20,4,10,574,0.014715337753295898,1.0,0.0,0.14715337753295898,2,0.2,8,0.8,10,1.0
20,4,10,583,0.014390397071838378,1.0,0.0,0.1439039707183838,5,0.5,5,0.5,10,1.0
20,4,10,584,0.016651058197021486,0.9,0.1,0.16651058197021484,5,0.5,4,0.4,9,0.9,1,0.1
20,4,10,581,0.025571322441101073,0.9,0.1,0.25571322441101074,1,0.1,8,0.8,1,0.1,9,0.9
20,4,10,582,0.29188625812530516,1.0,0.0,2.9188625812530518,3,0.3,7,0.7,10,1.0
20,4,10,589,0.012802529335021972,1.0,0.0,0.12802529335021973,1,0.1,9,0.9,10,1.0
20,4,10,588,0.0273334264755249,1.0,0.0,0.273334264755249,4,0.4,6,0.6,10,1.0
20,4,10,587,0.05995347499847412,1.0,0.0,0.5995347499847412,2,0.2,8,0.8,10,1.0
20,4,10,592,0.038005614280700685,1.0,0.0,0.38005614280700684,3,0.3,7,0.7,10,1.0
20,4,10,585,0.11847262382507324,0.9,0.1,1.1847262382507324,3,0.3,6,0.6,9,0.9,1,0.1
20,4,10,594,0.13778135776519776,1.0,0.0,1.3778135776519775,3,0.3,7,0.7,9,0.9,1,0.1
20,4,10,590,0.3495826244354248,1.0,0.0,3.495826244354248,7,0.7,3,0.3,10,1.0
20,4,10,593,0.37263472080230714,1.0,0.0,3.7263472080230713,5,0.5,5,0.5,10,1.0
20,4,10,586,2.409843420982361,1.0,0.0,24.09843420982361,4,0.4,6,0.6,10,1.0
20,4,10,570,8.771910429000854,1.0,0.0,87.71910429000854,2,0.2,8,0.8,10,1.0
20,4,10,599,0.006354570388793945,1.0,0.0,0.06354570388793945,3,0.3,7,0.7,10,1.0
20,4,10,600,0.03063626289367676,1.0,0.0,0.3063626289367676,5,0.5,5,0.5,10,1.0
20,4,10,598,0.03416330814361572,1.0,0.0,0.3416330814361572,3,0.3,7,0.7,10,1.0
20,4,10,601,0.018351984024047852,1.0,0.0,0.18351984024047852,5,0.5,5,0.5,10,1.0
20,4,10,595,0.00763545036315918,1.0,0.0,0.0763545036315918,4,0.4,6,0.6,10,1.0
20,4,10,597,0.02716679573059082,1.0,0.0,0.2716679573059082,2,0.2,8,0.8,10,1.0
20,4,10,602,0.03064582347869873,1.0,0.0,0.3064582347869873,4,0.4,6,0.6,10,1.0
20,4,10,596,0.1038027286529541,1.0,0.0,1.038027286529541,3,0.3,7,0.7,10,1.0
20,4,10,604,0.15266845226287842,1.0,0.0,1.5266845226287842,3,0.3,7,0.7,10,1.0
20,4,10,603,1.3634834289550781,1.0,0.0,13.634834289550781,4,0.4,6,0.6,10,1.0
20,4,10,607,0.01031944751739502,0.8,0.2,0.1031944751739502,1,0.1,7,0.7,8,0.8,2,0.2
20,4,10,611,0.007018923759460449,1.0,0.0,0.07018923759460449,4,0.4,6,0.6,10,1.0
20,4,10,609,0.02680239677429199,0.9,0.1,0.2680239677429199,5,0.5,4,0.4,1,0.1,9,0.9
20,4,10,610,0.05521137714385986,1.0,0.0,0.5521137714385986,6,0.6,4,0.4,10,1.0
20,4,10,613,0.04236152172088623,0.9,0.1,0.4236152172088623,1,0.1,8,0.8,1,0.1,9,0.9
20,4,10,608,0.1657780647277832,1.0,0.0,1.657780647277832,4,0.4,6,0.6,10,1.0
20,4,10,612,0.18632793426513672,0.8,0.2,1.8632793426513672,1,0.1,7,0.7,2,0.2,8,0.8
20,4,10,605,0.21007485389709474,0.9,0.1,2.1007485389709473,4,0.4,5,0.5,9,0.9,1,0.1
20,4,10,606,0.3693764925003052,1.0,0.0,3.6937649250030518,6,0.6,4,0.4,10,1.0
20,4,10,614,0.5265435457229615,1.0,0.0,5.265435457229614,2,0.2,8,0.8,10,1.0
20,4,10,591,8.976032090187072,0.9,0.1,89.76032090187073,2,0.2,7,0.7,9,0.9,1,0.1
20,4,10,616,0.01039729118347168,1.0,0.0,0.1039729118347168,4,0.4,6,0.6,10,1.0
20,4,10,620,0.02435944080352783,1.0,0.0,0.24359440803527832,3,0.3,7,0.7,10,1.0
20,4,10,622,0.013782358169555664,1.0,0.0,0.13782358169555664,2,0.2,8,0.8,10,1.0
20,4,10,623,0.016098165512084962,1.0,0.0,0.1609816551208496,3,0.3,7,0.7,10,1.0
20,4,10,617,0.028502297401428223,0.9,0.1,0.2850229740142822,3,0.3,6,0.6,1,0.1,9,0.9
20,4,10,624,0.03516631126403809,1.0,0.0,0.35166311264038086,2,0.2,8,0.8,10,1.0
20,4,10,618,0.1516859769821167,0.9,0.1,1.516859769821167,1,0.1,8,0.8,9,0.9,1,0.1
20,4,10,625,0.13923935890197753,1.0,0.0,1.3923935890197754,2,0.2,8,0.8,10,1.0
20,4,10,615,0.2475428104400635,1.0,0.0,2.4754281044006348,3,0.3,7,0.7,10,1.0
20,4,10,621,0.3356839895248413,0.9,0.1,3.356839895248413,2,0.2,7,0.7,9,0.9,1,0.1
20,4,10,619,1.4781368017196654,1.0,0.0,14.781368017196655,2,0.2,8,0.8,10,1.0
20,4,10,629,0.016240262985229494,1.0,0.0,0.16240262985229492,5,0.5,5,0.5,10,1.0
20,4,10,632,0.006893587112426758,1.0,0.0,0.06893587112426758,3,0.3,7,0.7,10,1.0
20,4,10,634,0.005912876129150391,0.9,0.1,0.059128761291503906,4,0.4,5,0.5,9,0.9,1,0.1
20,4,10,633,0.01684410572052002,0.9,0.1,0.1684410572052002,2,0.2,7,0.7,9,0.9,1,0.1
20,4,10,631,0.0376476526260376,1.0,0.0,0.376476526260376,2,0.2,8,0.8,10,1.0
20,4,10,635,0.04370315074920654,1.0,0.0,0.43703150749206543,2,0.2,8,0.8,10,1.0
20,4,10,626,0.29429781436920166,1.0,0.0,2.9429781436920166,2,0.2,8,0.8,10,1.0
20,4,10,628,0.44177148342132566,1.0,0.0,4.417714834213257,1,0.1,9,0.9,10,1.0
20,4,10,627,0.510853934288025,1.0,0.0,5.108539342880249,3,0.3,7,0.7,10,1.0
20,4,10,630,1.316394305229187,1.0,0.0,13.16394305229187,4,0.4,6,0.6,10,1.0
20,4,10,638,0.013285255432128907,1.0,0.0,0.13285255432128906,3,0.3,7,0.7,10,1.0
20,4,10,636,0.021106815338134764,1.0,0.0,0.21106815338134766,3,0.3,7,0.7,10,1.0
20,4,10,644,0.007743382453918457,1.0,0.0,0.07743382453918457,3,0.3,7,0.7,10,1.0
20,4,10,642,0.01938943862915039,1.0,0.0,0.1938943862915039,3,0.3,7,0.7,10,1.0
20,4,10,643,0.023431110382080077,0.9,0.1,0.23431110382080078,2,0.2,7,0.7,9,0.9,1,0.1
20,4,10,645,0.025827527046203613,1.0,0.0,0.25827527046203613,3,0.3,7,0.7,10,1.0
20,4,10,639,0.15633857250213623,0.8,0.2,1.5633857250213623,4,0.4,4,0.4,8,0.8,2,0.2
20,4,10,637,0.18184340000152588,1.0,0.0,1.8184340000152588,1,0.1,9,0.9,10,1.0
20,4,10,640,0.2814397096633911,1.0,0.0,2.814397096633911,0,0.0,10,1.0,10,1.0
20,4,10,641,0.3354498863220215,1.0,0.0,3.354498863220215,0,0.0,10,1.0,10,1.0
20,4,10,649,0.00934584140777588,1.0,0.0,0.09345841407775879,4,0.4,6,0.6,10,1.0
20,4,10,648,0.016730570793151857,1.0,0.0,0.16730570793151855,3,0.3,7,0.7,10,1.0
20,4,10,650,0.02297055721282959,0.9,0.1,0.2297055721282959,1,0.1,8,0.8,9,0.9,1,0.1
20,4,10,647,0.03171482086181641,1.0,0.0,0.31714820861816406,5,0.5,5,0.5,10,1.0
20,4,10,646,0.04842667579650879,1.0,0.0,0.4842667579650879,3,0.3,7,0.7,10,1.0
20,4,10,652,0.08344559669494629,1.0,0.0,0.8344559669494629,4,0.4,6,0.6,10,1.0
20,4,10,655,0.2523061752319336,1.0,0.0,2.523061752319336,1,0.1,9,0.9,10,1.0
20,4,10,656,0.254467511177063,0.9,0.1,2.54467511177063,1,0.1,8,0.8,9,0.9,1,0.1
20,4,10,653,0.27174155712127684,1.0,0.0,2.7174155712127686,1,0.1,9,0.9,10,1.0
20,4,10,654,0.31474719047546384,1.0,0.0,3.1474719047546387,3,0.3,7,0.7,10,1.0
20,4,10,651,0.41134793758392335,1.0,0.0,4.113479375839233,3,0.3,7,0.7,10,1.0
20,4,10,659,0.015094804763793945,0.8,0.2,0.15094804763793945,1,0.1,7,0.7,2,0.2,8,0.8
20,4,10,658,0.02315680980682373,1.0,0.0,0.2315680980682373,1,0.1,9,0.9,10,1.0
20,4,10,660,0.022574567794799806,1.0,0.0,0.22574567794799805,2,0.2,8,0.8,10,1.0
20,4,10,663,0.007779431343078613,0.9,0.1,0.07779431343078613,5,0.5,4,0.4,9,0.9,1,0.1
20,4,10,665,0.0200061559677124,0.9,0.1,0.20006155967712402,6,0.6,3,0.3,9,0.9,1,0.1
20,4,10,664,0.021814441680908202,1.0,0.0,0.21814441680908203,3,0.3,7,0.7,10,1.0
20,4,10,662,0.14608752727508545,1.0,0.0,1.4608752727508545,4,0.4,6,0.6,10,1.0
20,4,10,657,0.2083521842956543,1.0,0.0,2.083521842956543,1,0.1,9,0.9,10,1.0
20,4,10,666,0.2675123691558838,0.9,0.1,2.675123691558838,1,0.1,8,0.8,9,0.9,1,0.1
20,4,10,661,0.5147597789764404,1.0,0.0,5.147597789764404,1,0.1,9,0.9,10,1.0
20,4,10,667,0.019112229347229004,1.0,0.0,0.19112229347229004,3,0.3,7,0.7,10,1.0
20,4,10,673,0.01841416358947754,1.0,0.0,0.1841416358947754,3,0.3,7,0.7,10,1.0
20,4,10,674,0.009270834922790527,1.0,0.0,0.09270834922790527,2,0.2,8,0.8,10,1.0
20,4,10,672,0.008328127861022949,1.0,0.0,0.08328127861022949,1,0.1,9,0.9,10,1.0
20,4,10,676,0.021190690994262695,0.9,0.1,0.21190690994262695,3,0.3,6,0.6,1,0.1,9,0.9
20,4,10,671,0.0196882963180542,0.8,0.2,0.196882963180542,3,0.3,5,0.5,8,0.8,2,0.2
20,4,10,668,0.2509062051773071,1.0,0.0,2.5090620517730713,3,0.3,7,0.7,10,1.0
20,4,10,670,0.24732344150543212,1.0,0.0,2.4732344150543213,1,0.1,9,0.9,10,1.0
20,4,10,677,0.2618003606796265,0.9,0.1,2.6180036067962646,2,0.2,7,0.7,9,0.9,1,0.1
20,4,10,669,0.2821599245071411,1.0,0.0,2.821599245071411,5,0.5,5,0.5,10,1.0
20,4,10,675,1.3550801038742066,1.0,0.0,13.550801038742065,4,0.4,6,0.6,10,1.0
20,4,10,687,0.009832811355590821,1.0,0.0,0.0983281135559082,3,0.3,7,0.7,10,1.0
20,4,10,678,0.02980189323425293,1.0,0.0,0.2980189323425293,4,0.4,6,0.6,10,1.0
20,4,10,680,0.013471698760986328,1.0,0.0,0.13471698760986328,4,0.4,6,0.6,10,1.0
20,4,10,686,0.02574152946472168,0.9,0.1,0.2574152946472168,3,0.3,6,0.6,9,0.9,1,0.1
20,4,10,679,0.03574686050415039,1.0,0.0,0.3574686050415039,1,0.1,9,0.9,10,1.0
20,4,10,685,0.02936255931854248,1.0,0.0,0.2936255931854248,3,0.3,7,0.7,10,1.0
20,4,10,683,0.03145124912261963,1.0,0.0,0.3145124912261963,2,0.2,8,0.8,10,1.0
20,4,10,684,0.17335445880889894,0.9,0.1,1.7335445880889893,3,0.3,6,0.6,9,0.9,1,0.1
20,4,10,681,0.26325249671936035,1.0,0.0,2.6325249671936035,1,0.1,9,0.9,10,1.0
20,4,10,682,1.682037878036499,1.0,0.0,16.82037878036499,2,0.2,8,0.8,10,1.0
20,4,10,688,0.00921945571899414,1.0,0.0,0.0921945571899414,3,0.3,7,0.7,10,1.0
20,4,10,690,0.030790877342224122,1.0,0.0,0.3079087734222412,3,0.3,7,0.7,10,1.0
20,4,10,697,0.023852276802062988,1.0,0.0,0.23852276802062988,3,0.3,7,0.7,10,1.0
20,4,10,691,0.027293682098388672,1.0,0.0,0.2729368209838867,3,0.3,7,0.7,10,1.0
20,4,10,694,0.019834518432617188,1.0,0.0,0.19834518432617188,3,0.3,7,0.7,10,1.0
20,4,10,692,0.03314619064331055,1.0,0.0,0.33146190643310547,2,0.2,8,0.8,10,1.0
20,4,10,693,0.04492356777191162,0.9,0.1,0.4492356777191162,1,0.1,8,0.8,9,0.9,1,0.1
20,4,10,689,0.18559629917144777,1.0,0.0,1.8559629917144775,0,0.0,10,1.0,10,1.0
20,4,10,695,0.3880542039871216,1.0,0.0,3.880542039871216,1,0.1,9,0.9,10,1.0
20,4,10,696,0.4419753074645996,1.0,0.0,4.419753074645996,0,0.0,10,1.0,10,1.0
20,4,10,700,0.010345125198364257,1.0,0.0,0.10345125198364258,3,0.3,7,0.7,10,1.0
20,4,10,707,0.018887996673583984,0.8,0.2,0.18887996673583984,1,0.1,7,0.7,8,0.8,2,0.2
20,4,10,701,0.019820046424865723,0.9,0.1,0.19820046424865723,1,0.1,8,0.8,1,0.1,9,0.9
20,4,10,698,0.023977494239807128,0.9,0.1,0.2397749423980713,1,0.1,8,0.8,9,0.9,1,0.1
20,4,10,705,0.016857194900512695,0.9,0.1,0.16857194900512695,0,0.0,9,0.9,9,0.9,1,0.1
20,4,10,702,0.029251837730407716,0.9,0.1,0.29251837730407715,3,0.3,6,0.6,9,0.9,1,0.1
20,4,10,706,0.04871823787689209,1.0,0.0,0.4871823787689209,0,0.0,10,1.0,10,1.0
20,4,10,703,0.042135071754455564,1.0,0.0,0.42135071754455566,0,0.0,10,1.0,10,1.0
20,4,10,699,0.17365365028381347,1.0,0.0,1.7365365028381348,3,0.3,7,0.7,10,1.0
20,4,10,704,1.2920740842819214,1.0,0.0,12.920740842819214,4,0.4,6,0.6,10,1.0
20,4,10,714,0.020220327377319335,1.0,0.0,0.20220327377319336,1,0.1,9,0.9,10,1.0
20,4,10,716,0.031077933311462403,1.0,0.0,0.310779333114624,5,0.5,5,0.5,10,1.0
20,4,10,708,0.04853532314300537,1.0,0.0,0.4853532314300537,2,0.2,8,0.8,10,1.0
20,4,10,712,0.019767022132873534,1.0,0.0,0.19767022132873535,4,0.4,6,0.6,10,1.0
20,4,10,711,0.17497603893280028,1.0,0.0,1.749760389328003,2,0.2,8,0.8,10,1.0
20,4,10,710,0.17670960426330568,0.8,0.2,1.7670960426330566,1,0.1,7,0.7,8,0.8,2,0.2
20,4,10,715,0.16832101345062256,1.0,0.0,1.6832101345062256,2,0.2,8,0.8,10,1.0
20,4,10,717,0.9348388910293579,1.0,0.0,9.348388910293579,1,0.1,9,0.9,10,1.0
20,4,10,709,1.19794762134552,1.0,0.0,11.9794762134552,3,0.3,7,0.7,10,1.0
20,4,10,713,1.2340384244918823,1.0,0.0,12.340384244918823,3,0.3,7,0.7,10,1.0
20,4,10,719,0.013795852661132812,1.0,0.0,0.13795852661132812,2,0.2,8,0.8,10,1.0
20,4,10,725,0.02091934680938721,1.0,0.0,0.20919346809387207,4,0.4,6,0.6,10,1.0
20,4,10,724,0.02481534481048584,1.0,0.0,0.2481534481048584,1,0.1,9,0.9,10,1.0
20,4,10,721,0.022826409339904784,1.0,0.0,0.22826409339904785,1,0.1,9,0.9,10,1.0
20,4,10,722,0.02765803337097168,1.0,0.0,0.2765803337097168,5,0.5,5,0.5,10,1.0
20,4,10,723,0.022208976745605468,1.0,0.0,0.2220897674560547,2,0.2,8,0.8,10,1.0
20,4,10,726,0.01061997413635254,0.9,0.1,0.10619974136352539,5,0.5,4,0.4,9,0.9,1,0.1
20,4,10,727,0.013884806632995605,0.9,0.1,0.13884806632995605,2,0.2,7,0.7,9,0.9,1,0.1
20,4,10,718,1.0390593767166139,0.9,0.1,10.390593767166138,4,0.4,5,0.5,9,0.9,1,0.1
20,4,10,720,1.0696705818176269,1.0,0.0,10.69670581817627,4,0.4,6,0.6,10,1.0
20,4,10,733,0.015363454818725586,0.9,0.1,0.15363454818725586,2,0.2,7,0.7,9,0.9,1,0.1
20,4,10,729,0.0234710693359375,1.0,0.0,0.234710693359375,1,0.1,9,0.9,10,1.0
20,4,10,734,0.026944351196289063,1.0,0.0,0.2694435119628906,2,0.2,8,0.8,10,1.0
20,4,10,730,0.04162876605987549,1.0,0.0,0.4162876605987549,3,0.3,7,0.7,10,1.0
20,4,10,736,0.012032294273376464,1.0,0.0,0.12032294273376465,4,0.4,6,0.6,10,1.0
20,4,10,732,0.04024667739868164,1.0,0.0,0.4024667739868164,3,0.3,7,0.7,10,1.0
20,4,10,728,0.05674977302551269,0.9,0.1,0.567497730255127,3,0.3,6,0.6,9,0.9,1,0.1
20,4,10,737,0.24562838077545165,0.8,0.2,2.4562838077545166,3,0.3,5,0.5,8,0.8,2,0.2
20,4,10,735,0.5569084882736206,0.8,0.2,5.569084882736206,1,0.1,7,0.7,8,0.8,2,0.2
20,4,10,743,0.008110690116882324,0.9,0.1,0.08110690116882324,4,0.4,5,0.5,9,0.9,1,0.1
20,4,10,742,0.007265996932983398,1.0,0.0,0.07265996932983398,5,0.5,5,0.5,10,1.0
20,4,10,740,0.022793030738830565,1.0,0.0,0.22793030738830566,2,0.2,8,0.8,10,1.0
20,4,10,741,0.027470922470092772,0.9,0.1,0.27470922470092773,1,0.1,8,0.8,9,0.9,1,0.1
20,4,10,748,0.014828324317932129,0.9,0.1,0.1482832431793213,2,0.2,7,0.7,9,0.9,1,0.1
20,4,10,746,0.019899487495422363,0.9,0.1,0.19899487495422363,3,0.3,6,0.6,9,0.9,1,0.1
20,4,10,745,0.15917909145355225,0.9,0.1,1.5917909145355225,1,0.1,8,0.8,9,0.9,1,0.1
20,4,10,744,0.20594379901885987,1.0,0.0,2.0594379901885986,1,0.1,9,0.9,10,1.0
20,4,10,738,0.15404677391052246,1.0,0.0,1.5404677391052246,1,0.1,9,0.9,10,1.0
20,4,10,739,1.3795304536819457,1.0,0.0,13.795304536819458,4,0.4,6,0.6,10,1.0
20,4,10,747,1.4167729616165161,1.0,0.0,14.167729616165161,2,0.2,8,0.8,10,1.0
20,4,10,754,0.01019136905670166,0.9,0.1,0.1019136905670166,4,0.4,5,0.5,9,0.9,1,0.1
20,4,10,751,0.027655839920043945,0.9,0.1,0.27655839920043945,0,0.0,9,0.9,9,0.9,1,0.1
20,4,10,753,0.04939239025115967,1.0,0.0,0.4939239025115967,3,0.3,7,0.7,10,1.0
20,4,10,758,0.0406005859375,0.9,0.1,0.406005859375,1,0.1,8,0.8,9,0.9,1,0.1
20,4,10,752,0.06400473117828369,1.0,0.0,0.6400473117828369,3,0.3,7,0.7,10,1.0
20,4,10,756,0.13372135162353516,1.0,0.0,1.3372135162353516,2,0.2,8,0.8,10,1.0
20,4,10,757,0.14627037048339844,1.0,0.0,1.4627037048339844,4,0.4,6,0.6,10,1.0
20,4,10,749,0.23366496562957764,0.9,0.1,2.3366496562957764,1,0.1,8,0.8,9,0.9,1,0.1
20,4,10,755,0.420886492729187,0.9,0.1,4.20886492729187,2,0.2,7,0.7,9,0.9,1,0.1
20,4,10,750,0.5421289920806884,1.0,0.0,5.421289920806885,4,0.4,6,0.6,10,1.0
20,4,10,731,8.851842546463013,1.0,0.0,88.51842546463013,5,0.5,5,0.5,10,1.0
20,4,10,762,0.005560922622680664,1.0,0.0,0.05560922622680664,5,0.5,5,0.5,10,1.0
20,4,10,765,0.02147347927093506,1.0,0.0,0.21473479270935059,2,0.2,8,0.8,10,1.0
20,4,10,760,0.02132272720336914,1.0,0.0,0.2132272720336914,2,0.2,8,0.8,10,1.0
20,4,10,769,0.005991578102111816,0.9,0.1,0.059915781021118164,2,0.2,7,0.7,9,0.9,1,0.1
20,4,10,763,0.02272906303405762,0.9,0.1,0.22729063034057617,2,0.2,7,0.7,9,0.9,1,0.1
20,4,10,759,0.033593940734863284,0.9,0.1,0.3359394073486328,3,0.3,6,0.6,9,0.9,1,0.1
20,4,10,768,0.02448124885559082,1.0,0.0,0.2448124885559082,3,0.3,7,0.7,10,1.0
20,4,10,764,0.04939148426055908,0.9,0.1,0.4939148426055908,3,0.3,6,0.6,9,0.9,1,0.1
20,4,10,767,0.04479513168334961,1.0,0.0,0.4479513168334961,1,0.1,9,0.9,10,1.0
20,4,10,766,0.15009591579437256,1.0,0.0,1.5009591579437256,3,0.3,7,0.7,10,1.0
20,4,10,761,0.4920960903167725,1.0,0.0,4.920960903167725,0,0.0,10,1.0,10,1.0
20,4,10,771,0.03012039661407471,0.9,0.1,0.30120396614074707,0,0.0,9,0.9,1,0.1,9,0.9
20,4,10,770,0.02080228328704834,0.9,0.1,0.2080228328704834,2,0.2,7,0.7,9,0.9,1,0.1
20,4,10,777,0.14530415534973146,0.9,0.1,1.4530415534973145,3,0.3,6,0.6,9,0.9,1,0.1
20,4,10,779,0.16018056869506836,0.8,0.2,1.6018056869506836,3,0.3,5,0.5,8,0.8,1,0.1,1,0.1
20,4,10,775,0.2997741222381592,0.9,0.1,2.997741222381592,0,0.0,9,0.9,9,0.9,1,0.1
20,4,10,773,0.35549814701080323,1.0,0.0,3.5549814701080322,1,0.1,9,0.9,10,1.0
20,4,10,774,0.3567571401596069,0.8,0.2,3.5675714015960693,2,0.2,6,0.6,8,0.8,2,0.2
20,4,10,776,1.0360937118530273,0.8,0.2,10.360937118530273,4,0.4,4,0.4,8,0.8,2,0.2
20,4,10,772,1.0907251119613648,1.0,0.0,10.907251119613647,3,0.3,7,0.7,10,1.0
20,4,10,778,1.59008846282959,1.0,0.0,15.900884628295898,3,0.3,7,0.7,10,1.0
20,4,10,782,0.01227884292602539,1.0,0.0,0.1227884292602539,2,0.2,8,0.8,10,1.0
20,4,10,781,0.026593875885009766,0.8,0.2,0.26593875885009766,2,0.2,6,0.6,8,0.8,2,0.2
20,4,10,787,0.024001455307006835,1.0,0.0,0.24001455307006836,2,0.2,8,0.8,10,1.0
20,4,10,789,0.021708250045776367,1.0,0.0,0.21708250045776367,2,0.2,8,0.8,10,1.0
20,4,10,780,0.280693507194519,0.9,0.1,2.8069350719451904,3,0.3,6,0.6,9,0.9,1,0.1
20,4,10,786,0.3210755825042725,1.0,0.0,3.2107558250427246,4,0.4,6,0.6,10,1.0
20,4,10,784,1.1080389022827148,1.0,0.0,11.080389022827148,3,0.3,7,0.7,10,1.0
20,4,10,791,0.006260204315185547,0.9,0.1,0.06260204315185547,3,0.3,6,0.6,9,0.9,1,0.1
20,4,10,793,0.011247825622558594,1.0,0.0,0.11247825622558594,5,0.5,5,0.5,10,1.0
20,4,10,795,0.02058870792388916,0.8,0.2,0.2058870792388916,2,0.2,6,0.6,8,0.8,2,0.2
20,4,10,792,0.02798612117767334,1.0,0.0,0.2798612117767334,3,0.3,7,0.7,10,1.0
20,4,10,794,0.03074045181274414,0.9,0.1,0.3074045181274414,3,0.3,6,0.6,9,0.9,1,0.1
20,4,10,800,0.041214942932128906,1.0,0.0,0.41214942932128906,2,0.2,8,0.8,10,1.0
20,4,10,790,0.29832775592803956,1.0,0.0,2.9832775592803955,2,0.2,8,0.8,10,1.0
20,4,10,799,0.42992074489593507,1.0,0.0,4.299207448959351,1,0.1,9,0.9,10,1.0
20,4,10,796,1.1740560293197633,1.0,0.0,11.740560293197632,3,0.3,7,0.7,10,1.0
20,4,10,798,1.2178886890411378,1.0,0.0,12.178886890411377,4,0.4,6,0.6,10,1.0
20,4,10,788,5.987983393669128,1.0,0.0,59.879833936691284,5,0.5,5,0.5,10,1.0
20,4,10,804,0.019806861877441406,1.0,0.0,0.19806861877441406,1,0.1,9,0.9,10,1.0
20,4,10,802,0.010238361358642579,1.0,0.0,0.10238361358642578,3,0.3,7,0.7,10,1.0
20,4,10,806,0.01134634017944336,1.0,0.0,0.1134634017944336,2,0.2,8,0.8,10,1.0
20,4,10,803,0.023075294494628907,0.9,0.1,0.23075294494628906,2,0.2,7,0.7,9,0.9,1,0.1
20,4,10,807,0.02071828842163086,1.0,0.0,0.2071828842163086,4,0.4,6,0.6,10,1.0
20,4,10,801,0.020082998275756835,0.9,0.1,0.20082998275756836,1,0.1,8,0.8,9,0.9,1,0.1
20,4,10,808,0.039013671875,1.0,0.0,0.39013671875,4,0.4,6,0.6,10,1.0
20,4,10,810,0.024438118934631346,1.0,0.0,0.24438118934631348,3,0.3,7,0.7,10,1.0
20,4,10,809,0.03280234336853027,1.0,0.0,0.32802343368530273,5,0.5,5,0.5,10,1.0
20,4,10,805,0.0713914155960083,1.0,0.0,0.713914155960083,1,0.1,9,0.9,10,1.0
20,4,10,785,7.4647245645523075,0.9,0.1,74.64724564552307,4,0.4,5,0.5,9,0.9,1,0.1
20,4,10,814,0.015039658546447754,0.9,0.1,0.15039658546447754,3,0.3,6,0.6,9,0.9,1,0.1
20,4,10,815,0.02451779842376709,1.0,0.0,0.2451779842376709,1,0.1,9,0.9,10,1.0
20,4,10,817,0.02393369674682617,1.0,0.0,0.23933696746826172,3,0.3,7,0.7,10,1.0
20,4,10,812,0.02779862880706787,0.9,0.1,0.2779862880706787,3,0.3,6,0.6,9,0.9,1,0.1
20,4,10,819,0.03232841491699219,1.0,0.0,0.3232841491699219,2,0.2,8,0.8,10,1.0
20,4,10,816,0.03330812454223633,0.8,0.2,0.3330812454223633,4,0.4,4,0.4,8,0.8,2,0.2
20,4,10,813,0.05561962127685547,0.9,0.1,0.5561962127685547,2,0.2,7,0.7,9,0.9,1,0.1
20,4,10,811,0.05707237720489502,1.0,0.0,0.5707237720489502,1,0.1,9,0.9,10,1.0
20,4,10,820,1.2466943264007568,1.0,0.0,12.466943264007568,3,0.3,7,0.7,10,1.0
20,4,10,821,1.508708906173706,1.0,0.0,15.08708906173706,2,0.2,8,0.8,10,1.0
20,4,10,823,0.01850006580352783,1.0,0.0,0.18500065803527832,4,0.4,6,0.6,10,1.0
20,4,10,827,0.017693400382995605,1.0,0.0,0.17693400382995605,2,0.2,8,0.8,10,1.0
20,4,10,829,0.005674242973327637,0.9,0.1,0.05674242973327637,2,0.2,7,0.7,9,0.9,1,0.1
20,4,10,826,0.036283040046691896,1.0,0.0,0.36283040046691895,2,0.2,8,0.8,10,1.0
20,4,10,830,0.01195981502532959,1.0,0.0,0.1195981502532959,2,0.2,8,0.8,10,1.0
20,4,10,828,0.037047529220581056,1.0,0.0,0.37047529220581055,3,0.3,7,0.7,10,1.0
20,4,10,825,0.15044810771942138,1.0,0.0,1.5044810771942139,1,0.1,9,0.9,10,1.0
20,4,10,824,0.23269507884979249,0.9,0.1,2.326950788497925,2,0.2,7,0.7,9,0.9,1,0.1
20,4,10,831,0.23075854778289795,0.9,0.1,2.3075854778289795,3,0.3,6,0.6,1,0.1,9,0.9
20,4,10,822,1.205812358856201,1.0,0.0,12.058123588562012,2,0.2,8,0.8,10,1.0
20,4,10,834,0.01976335048675537,1.0,0.0,0.1976335048675537,2,0.2,8,0.8,10,1.0
20,4,10,837,0.007844376564025878,0.8,0.2,0.07844376564025879,3,0.3,5,0.5,8,0.8,2,0.2
20,4,10,833,0.02821636199951172,1.0,0.0,0.2821636199951172,4,0.4,6,0.6,10,1.0
20,4,10,835,0.04169766902923584,1.0,0.0,0.4169766902923584,1,0.1,9,0.9,10,1.0
20,4,10,842,0.011036825180053712,0.9,0.1,0.11036825180053711,1,0.1,8,0.8,9,0.9,1,0.1
20,4,10,839,0.04165208339691162,0.9,0.1,0.4165208339691162,3,0.3,6,0.6,9,0.9,1,0.1
20,4,10,841,0.023178815841674805,0.8,0.2,0.23178815841674805,1,0.1,7,0.7,8,0.8,2,0.2
20,4,10,838,0.014145731925964355,0.9,0.1,0.14145731925964355,3,0.3,6,0.6,9,0.9,1,0.1
20,4,10,836,0.1521500825881958,1.0,0.0,1.521500825881958,3,0.3,7,0.7,10,1.0
20,4,10,832,0.22773733139038085,1.0,0.0,2.2773733139038086,4,0.4,6,0.6,10,1.0
20,4,10,818,7.442607522010803,1.0,0.0,74.42607522010803,1,0.1,9,0.9,10,1.0
20,4,10,840,1.2998403787612915,1.0,0.0,12.998403787612915,4,0.4,6,0.6,10,1.0
20,4,10,843,0.008654332160949707,1.0,0.0,0.08654332160949707,4,0.4,6,0.6,10,1.0
20,4,10,844,0.008054733276367188,1.0,0.0,0.08054733276367188,5,0.5,5,0.5,10,1.0
20,4,10,846,0.0102095365524292,0.9,0.1,0.10209536552429199,3,0.3,6,0.6,9,0.9,1,0.1
20,4,10,848,0.03880484104156494,1.0,0.0,0.3880484104156494,3,0.3,7,0.7,10,1.0
20,4,10,850,0.006854510307312012,1.0,0.0,0.06854510307312012,4,0.4,6,0.6,10,1.0
20,4,10,852,0.03028140068054199,1.0,0.0,0.3028140068054199,3,0.3,7,0.7,10,1.0
20,4,10,851,0.039673352241516115,0.9,0.1,0.39673352241516113,4,0.4,5,0.5,9,0.9,1,0.1
20,4,10,849,1.1624108791351317,1.0,0.0,11.624108791351318,8,0.8,2,0.2,10,1.0
20,4,10,845,1.3531964540481567,0.9,0.1,13.531964540481567,3,0.3,6,0.6,9,0.9,1,0.1
20,4,10,847,1.3918350219726563,1.0,0.0,13.918350219726562,2,0.2,8,0.8,10,1.0
20,4,10,857,0.013348054885864259,1.0,0.0,0.13348054885864258,3,0.3,7,0.7,10,1.0
20,4,10,854,0.020161533355712892,0.9,0.1,0.2016153335571289,3,0.3,6,0.6,1,0.1,9,0.9
20,4,10,853,0.020827126502990723,1.0,0.0,0.20827126502990723,5,0.5,5,0.5,10,1.0
20,4,10,859,0.026548600196838378,1.0,0.0,0.2654860019683838,3,0.3,7,0.7,10,1.0
20,4,10,861,0.006916403770446777,1.0,0.0,0.06916403770446777,5,0.5,5,0.5,10,1.0
20,4,10,863,0.007919788360595703,0.9,0.1,0.07919788360595703,4,0.4,5,0.5,9,0.9,1,0.1
20,4,10,860,0.03323979377746582,0.9,0.1,0.3323979377746582,2,0.2,7,0.7,1,0.1,9,0.9
20,4,10,862,0.03474369049072266,1.0,0.0,0.34743690490722656,4,0.4,6,0.6,10,1.0
20,4,10,855,0.058648109436035156,1.0,0.0,0.5864810943603516,2,0.2,8,0.8,10,1.0
20,4,10,858,0.2768129825592041,1.0,0.0,2.768129825592041,1,0.1,9,0.9,10,1.0
20,4,10,856,2.2313475608825684,1.0,0.0,22.313475608825684,2,0.2,8,0.8,10,1.0
20,4,10,871,0.0068729639053344725,1.0,0.0,0.06872963905334473,2,0.2,8,0.8,10,1.0
20,4,10,867,0.006906580924987793,1.0,0.0,0.06906580924987793,3,0.3,7,0.7,10,1.0
20,4,10,866,0.010230040550231934,1.0,0.0,0.10230040550231934,5,0.5,5,0.5,10,1.0
20,4,10,870,0.041564655303955075,1.0,0.0,0.4156465530395508,2,0.2,8,0.8,10,1.0
20,4,10,873,0.020789146423339844,1.0,0.0,0.20789146423339844,5,0.5,5,0.5,10,1.0
20,4,10,864,0.014218688011169434,1.0,0.0,0.14218688011169434,3,0.3,7,0.7,10,1.0
20,4,10,868,0.14500048160552978,1.0,0.0,1.4500048160552979,1,0.1,9,0.9,10,1.0
20,4,10,869,0.22095766067504882,0.9,0.1,2.2095766067504883,5,0.5,4,0.4,9,0.9,1,0.1
20,4,10,865,0.2475480318069458,1.0,0.0,2.475480318069458,3,0.3,7,0.7,10,1.0
20,4,10,872,0.2663515329360962,1.0,0.0,2.663515329360962,2,0.2,8,0.8,10,1.0
20,4,10,877,0.010786747932434082,0.9,0.1,0.10786747932434082,3,0.3,6,0.6,1,0.1,9,0.9
20,4,10,880,0.01305701732635498,0.9,0.1,0.1305701732635498,2,0.2,7,0.7,9,0.9,1,0.1
20,4,10,882,0.011455869674682618,0.9,0.1,0.11455869674682617,4,0.4,5,0.5,9,0.9,1,0.1
20,4,10,878,0.0355018138885498,0.9,0.1,0.35501813888549805,2,0.2,7,0.7,9,0.9,1,0.1
20,4,10,884,0.013493204116821289,1.0,0.0,0.1349320411682129,1,0.1,9,0.9,10,1.0
20,4,10,883,0.029277467727661134,0.9,0.1,0.29277467727661133,2,0.2,7,0.7,9,0.9,1,0.1
20,4,10,874,0.038804244995117185,1.0,0.0,0.3880424499511719,1,0.1,9,0.9,10,1.0
20,4,10,875,0.0517040491104126,0.9,0.1,0.517040491104126,2,0.2,7,0.7,9,0.9,1,0.1
20,4,10,879,0.1487252950668335,0.9,0.1,1.487252950668335,0,0.0,9,0.9,9,0.9,1,0.1
20,4,10,876,0.2705595254898071,1.0,0.0,2.7055952548980713,2,0.2,8,0.8,10,1.0
20,4,10,881,1.3428149461746215,1.0,0.0,13.428149461746216,4,0.4,6,0.6,10,1.0
20,4,10,892,0.017511606216430664,1.0,0.0,0.17511606216430664,6,0.6,4,0.4,10,1.0
20,4,10,887,0.025319695472717285,1.0,0.0,0.25319695472717285,2,0.2,8,0.8,10,1.0
20,4,10,886,0.03908705711364746,1.0,0.0,0.3908705711364746,3,0.3,7,0.7,10,1.0
20,4,10,888,0.022713208198547365,0.9,0.1,0.22713208198547363,3,0.3,6,0.6,9,0.9,1,0.1
20,4,10,890,0.023737525939941405,1.0,0.0,0.23737525939941406,1,0.1,9,0.9,10,1.0
20,4,10,894,0.03146283626556397,1.0,0.0,0.31462836265563965,3,0.3,7,0.7,10,1.0
20,4,10,895,0.04665708541870117,0.9,0.1,0.4665708541870117,2,0.2,7,0.7,9,0.9,1,0.1
20,4,10,891,0.14977164268493653,0.9,0.1,1.4977164268493652,3,0.3,6,0.6,9,0.9,1,0.1
20,4,10,889,0.28906784057617185,1.0,0.0,2.8906784057617188,2,0.2,8,0.8,10,1.0
20,4,10,885,1.0723602056503296,1.0,0.0,10.723602056503296,1,0.1,9,0.9,10,1.0
20,4,10,902,0.016764569282531738,0.8,0.2,0.16764569282531738,2,0.2,6,0.6,8,0.8,2,0.2
20,4,10,905,0.00571291446685791,0.9,0.1,0.0571291446685791,3,0.3,6,0.6,9,0.9,1,0.1
20,4,10,896,0.027265524864196776,1.0,0.0,0.2726552486419678,3,0.3,7,0.7,10,1.0
20,4,10,904,0.030902004241943358,0.9,0.1,0.3090200424194336,2,0.2,7,0.7,9,0.9,1,0.1
20,4,10,898,0.1639868974685669,0.9,0.1,1.639868974685669,1,0.1,8,0.8,9,0.9,1,0.1
20,4,10,897,0.167395281791687,1.0,0.0,1.6739528179168701,3,0.3,7,0.7,10,1.0
20,4,10,900,0.16600143909454346,1.0,0.0,1.6600143909454346,2,0.2,8,0.8,10,1.0
20,4,10,903,0.20652287006378173,0.8,0.2,2.0652287006378174,3,0.3,5,0.5,8,0.8,2,0.2
20,4,10,899,1.217895007133484,1.0,0.0,12.178950071334839,2,0.2,8,0.8,10,1.0
20,4,10,901,1.2350938081741334,1.0,0.0,12.350938081741333,3,0.3,7,0.7,10,1.0
20,4,10,911,0.02544405460357666,0.9,0.1,0.2544405460357666,1,0.1,8,0.8,9,0.9,1,0.1
20,4,10,912,0.02969505786895752,1.0,0.0,0.2969505786895752,4,0.4,6,0.6,10,1.0
20,4,10,910,0.024701428413391114,1.0,0.0,0.24701428413391113,1,0.1,9,0.9,10,1.0
20,4,10,914,0.00679168701171875,0.9,0.1,0.0679168701171875,3,0.3,6,0.6,9,0.9,1,0.1
20,4,10,909,0.038805055618286136,1.0,0.0,0.38805055618286133,2,0.2,8,0.8,10,1.0
20,4,10,908,0.03830897808074951,1.0,0.0,0.3830897808074951,2,0.2,8,0.8,10,1.0
20,4,10,913,0.04194211959838867,1.0,0.0,0.4194211959838867,5,0.5,5,0.5,10,1.0
20,4,10,916,0.05002226829528809,1.0,0.0,0.5002226829528809,0,0.0,10,1.0,10,1.0
20,4,10,907,0.23043534755706788,1.0,0.0,2.3043534755706787,2,0.2,8,0.8,10,1.0
20,4,10,915,0.25180222988128664,1.0,0.0,2.518022298812866,5,0.5,5,0.5,10,1.0
20,4,10,906,1.2448861837387084,1.0,0.0,12.448861837387085,1,0.1,9,0.9,10,1.0
20,4,10,922,0.010158753395080567,1.0,0.0,0.10158753395080566,0,0.0,10,1.0,10,1.0
20,4,10,921,0.022462224960327147,1.0,0.0,0.22462224960327148,1,0.1,9,0.9,10,1.0
20,4,10,919,0.01971428394317627,0.9,0.1,0.1971428394317627,2,0.2,7,0.7,1,0.1,9,0.9
20,4,10,927,0.026113247871398924,0.9,0.1,0.26113247871398926,0,0.0,9,0.9,9,0.9,1,0.1
20,4,10,924,0.033557558059692384,0.9,0.1,0.33557558059692383,3,0.3,6,0.6,9,0.9,1,0.1
20,4,10,926,0.05133368968963623,0.9,0.1,0.5133368968963623,2,0.2,7,0.7,9,0.9,1,0.1
20,4,10,920,0.16015274524688722,1.0,0.0,1.601527452468872,3,0.3,7,0.7,10,1.0
20,4,10,918,0.1401120901107788,0.9,0.1,1.401120901107788,0,0.0,9,0.9,9,0.9,1,0.1
20,4,10,925,0.16046104431152344,1.0,0.0,1.6046104431152344,2,0.2,8,0.8,10,1.0
20,4,10,917,0.15665006637573242,1.0,0.0,1.5665006637573242,1,0.1,9,0.9,10,1.0
20,4,10,923,0.2578484058380127,0.8,0.2,2.578484058380127,3,0.3,5,0.5,2,0.2,8,0.8
20,4,10,929,0.010333847999572755,1.0,0.0,0.10333847999572754,4,0.4,6,0.6,10,1.0
20,4,10,930,0.018817663192749023,0.8,0.2,0.18817663192749023,3,0.3,5,0.5,8,0.8,2,0.2
20,4,10,932,0.03585996627807617,1.0,0.0,0.3585996627807617,2,0.2,8,0.8,10,1.0
20,4,10,933,0.03855538368225098,1.0,0.0,0.38555383682250977,5,0.5,5,0.5,10,1.0
20,4,10,936,0.009479188919067382,1.0,0.0,0.09479188919067383,3,0.3,7,0.7,10,1.0
20,4,10,934,0.021874213218688966,1.0,0.0,0.21874213218688965,2,0.2,8,0.8,10,1.0
20,4,10,937,0.02590649127960205,1.0,0.0,0.2590649127960205,2,0.2,8,0.8,10,1.0
20,4,10,935,0.03562860488891602,1.0,0.0,0.35628604888916016,3,0.3,7,0.7,10,1.0
20,4,10,931,0.3516427278518677,1.0,0.0,3.5164272785186768,2,0.2,8,0.8,10,1.0
20,4,10,928,1.2164349555969238,1.0,0.0,12.164349555969238,1,0.1,9,0.9,10,1.0
20,4,10,944,0.008898472785949707,1.0,0.0,0.08898472785949707,4,0.4,6,0.6,10,1.0
20,4,10,943,0.017394161224365233,1.0,0.0,0.17394161224365234,3,0.3,7,0.7,10,1.0
20,4,10,942,0.006870198249816895,1.0,0.0,0.06870198249816895,4,0.4,6,0.6,10,1.0
20,4,10,938,0.018306374549865723,1.0,0.0,0.18306374549865723,6,0.6,4,0.4,10,1.0
20,4,10,945,0.023404741287231447,1.0,0.0,0.23404741287231445,3,0.3,7,0.7,10,1.0
20,4,10,946,0.030539560317993163,1.0,0.0,0.30539560317993164,1,0.1,9,0.9,10,1.0
20,4,10,940,0.05918576717376709,1.0,0.0,0.5918576717376709,1,0.1,9,0.9,10,1.0
20,4,10,941,0.13907294273376464,0.9,0.1,1.3907294273376465,1,0.1,8,0.8,9,0.9,1,0.1
20,4,10,939,0.29230663776397703,1.0,0.0,2.9230663776397705,3,0.3,7,0.7,10,1.0
20,4,10,947,2.631194233894348,0.8,0.2,26.31194233894348,2,0.2,6,0.6,2,0.2,8,0.8
20,4,10,952,0.007638239860534668,1.0,0.0,0.07638239860534668,1,0.1,9,0.9,10,1.0
20,4,10,949,0.015286779403686524,1.0,0.0,0.15286779403686523,3,0.3,7,0.7,10,1.0
20,4,10,950,0.035664606094360354,1.0,0.0,0.3566460609436035,3,0.3,7,0.7,10,1.0
20,4,10,954,0.013080954551696777,0.9,0.1,0.13080954551696777,2,0.2,7,0.7,9,0.9,1,0.1
20,4,10,951,0.022433209419250488,0.9,0.1,0.22433209419250488,1,0.1,8,0.8,9,0.9,1,0.1
20,4,10,955,0.02786855697631836,1.0,0.0,0.2786855697631836,1,0.1,9,0.9,10,1.0
20,4,10,948,0.14682304859161377,1.0,0.0,1.4682304859161377,2,0.2,8,0.8,10,1.0
20,4,10,953,0.26217429637908934,0.9,0.1,2.6217429637908936,2,0.2,7,0.7,9,0.9,1,0.1
20,4,10,956,0.2417959213256836,1.0,0.0,2.417959213256836,3,0.3,7,0.7,10,1.0
20,4,10,957,1.2155057430267333,1.0,0.0,12.155057430267334,1,0.1,9,0.9,10,1.0
20,4,10,962,0.016511702537536622,0.9,0.1,0.1651170253753662,1,0.1,8,0.8,9,0.9,1,0.1
20,4,10,960,0.02089848518371582,1.0,0.0,0.2089848518371582,3,0.3,7,0.7,10,1.0
20,4,10,968,0.020461463928222658,1.0,0.0,0.20461463928222656,4,0.4,6,0.6,10,1.0
20,4,10,963,0.03285648822784424,1.0,0.0,0.3285648822784424,4,0.4,6,0.6,10,1.0
20,4,10,958,0.0345003604888916,1.0,0.0,0.345003604888916,5,0.5,5,0.5,10,1.0
20,4,10,966,0.011348390579223632,1.0,0.0,0.11348390579223633,2,0.2,8,0.8,10,1.0
20,4,10,967,0.04094493389129639,0.9,0.1,0.40944933891296387,2,0.2,7,0.7,9,0.9,1,0.1
20,4,10,964,0.14802305698394774,1.0,0.0,1.4802305698394775,3,0.3,7,0.7,10,1.0
20,4,10,961,0.15069518089294434,1.0,0.0,1.5069518089294434,1,0.1,9,0.9,10,1.0
20,4,10,965,0.1593937635421753,1.0,0.0,1.593937635421753,2,0.2,8,0.8,10,1.0
20,4,10,959,0.2969259977340698,1.0,0.0,2.9692599773406982,2,0.2,8,0.8,10,1.0
20,4,10,974,0.026807641983032225,0.9,0.1,0.26807641983032227,3,0.3,6,0.6,9,0.9,1,0.1
20,4,10,971,0.013705039024353027,1.0,0.0,0.13705039024353027,3,0.3,7,0.7,10,1.0
20,4,10,973,0.029874539375305174,1.0,0.0,0.29874539375305176,2,0.2,8,0.8,10,1.0
20,4,10,970,0.024755692481994628,1.0,0.0,0.2475569248199463,2,0.2,8,0.8,10,1.0
20,4,10,980,0.021914076805114747,1.0,0.0,0.21914076805114746,4,0.4,6,0.6,10,1.0
20,4,10,978,0.007955646514892578,0.8,0.2,0.07955646514892578,1,0.1,7,0.7,2,0.2,8,0.8
20,4,10,977,0.011041355133056641,1.0,0.0,0.1104135513305664,4,0.4,6,0.6,10,1.0
20,4,10,979,0.01634836196899414,0.9,0.1,0.1634836196899414,3,0.3,6,0.6,1,0.1,9,0.9
20,4,10,975,0.04037666320800781,1.0,0.0,0.4037666320800781,3,0.3,7,0.7,10,1.0
20,4,10,969,0.11296489238739013,1.0,0.0,1.1296489238739014,3,0.3,7,0.7,10,1.0
20,4,10,972,0.14687232971191405,0.9,0.1,1.4687232971191406,5,0.5,4,0.4,9,0.9,1,0.1
20,4,10,976,1.3995819807052612,0.9,0.1,13.995819807052612,1,0.1,8,0.8,9,0.9,1,0.1
20,4,10,984,0.008585190773010254,1.0,0.0,0.08585190773010254,3,0.3,7,0.7,10,1.0
20,4,10,985,0.021342921257019042,0.7,0.3,0.21342921257019043,1,0.1,6,0.6,7,0.7,3,0.3
20,4,10,986,0.016443705558776854,1.0,0.0,0.16443705558776855,3,0.3,7,0.7,10,1.0
20,4,10,990,0.017595815658569335,0.9,0.1,0.17595815658569336,2,0.2,7,0.7,9,0.9,1,0.1
20,4,10,982,0.04892442226409912,1.0,0.0,0.4892442226409912,3,0.3,7,0.7,10,1.0
20,4,10,989,0.027747035026550293,1.0,0.0,0.27747035026550293,2,0.2,8,0.8,10,1.0
20,4,10,991,0.1416583776473999,0.9,0.1,1.416583776473999,3,0.3,6,0.6,1,0.1,9,0.9
20,4,10,981,0.4036128997802734,1.0,0.0,4.036128997802734,3,0.3,7,0.7,10,1.0
20,4,10,987,1.1919204235076903,0.9,0.1,11.919204235076904,5,0.5,4,0.4,9,0.9,1,0.1
20,4,10,988,1.3104685544967651,0.8,0.2,13.104685544967651,1,0.1,7,0.7,8,0.8,2,0.2
20,4,10,983,1.3558878183364869,0.9,0.1,13.558878183364868,2,0.2,7,0.7,9,0.9,1,0.1
20,4,10,992,0.0254849910736084,1.0,0.0,0.254849910736084,3,0.3,7,0.7,10,1.0
20,4,10,993,0.023474526405334473,1.0,0.0,0.23474526405334473,3,0.3,7,0.7,10,1.0
20,4,10,999,0.015399622917175292,1.0,0.0,0.15399622917175293,4,0.4,6,0.6,10,1.0
20,4,10,997,0.04009974002838135,1.0,0.0,0.4009974002838135,4,0.4,6,0.6,10,1.0
20,4,10,994,0.05313818454742432,1.0,0.0,0.5313818454742432,1,0.1,9,0.9,10,1.0
20,4,10,998,0.16496639251708983,1.0,0.0,1.6496639251708984,5,0.5,5,0.5,10,1.0
20,4,10,995,1.1977609872817994,1.0,0.0,11.977609872817993,4,0.4,6,0.6,10,1.0
20,4,10,996,1.5315021753311158,1.0,0.0,15.315021753311157,2,0.2,8,0.8,10,1.0
