schema_version,J,K,N,seed,sim,operator,solver_name,rng_engine,generation_time,q_bitstring,q_sha256,design,design_id,p,m_requested,m_effective,min_row_size_requested,row_size_distribution,row_size_support,row_size_probs,basis_time,identity_check_time,two_col_check_time,three_col_check_time,sat_time,algorithm_time,preprocess_time,J_basis,M_basis,identifiable,branch,branch_label,sat_called,sat_formulation,sat_cardinality_encoding,cardinality_encoding_requested,maximal_candidate_requested,sat_variables,sat_clauses,identity_original,not_complete_original,has_pure_node_original,no_pure_nodes_original,has_zero_row_original,two_col_violation_original,three_col_violation_original,two_column_pass_original,both_necessary_checks_pass_original,I_3c,identity_basis,two_col_violation_basis,diagnostics_time
4,25,10,100,243290946,0,conj,glucose42,MT19937-RandomState,0.00045803748071193695,0000001100000000011101110000000000010100011010000000101000000000110000001011001011000001000001000000000010110100010000100110000011000110011010010010010001000000000010011010000000001010101000000000010110100000001001000101000000101000011010101000011010,fa0ab53bee797b5e3627e9f03438ecb6fc86a4605cf9716e9717e2ffa138d05e,row_sparsity,row_sparsity|conj|3ccb84496a|rng=MT19937-RandomState,,4,4,1,uniform,1;2;3;4,0.25;0.25;0.25;0.25,0.0004752259701490402,0.00011961441487073898,0.0010448358952999115,0.00103098526597023,0.024574237875640392,0.027254024520516396,0.002670661546289921,22,491,1,6,SAT_unsat_identifiable,1,boolean_factorization,exclude_x,exclude_x,0,1128,4056,0,1,1,0,0,0,0,1,1,1,0,0,0.004978625103831291
4,25,10,100,243290946,1,conj,glucose42,MT19937-RandomState,0.00034260842949151993,0000000010110001001000100000000001100100001001000100010010000000000010010000100000000110011000001010000001011001100001010010010101000101100001000000000110000000001001010001001110001000110000000100000100100101010010100010001011100000000000010101100010,5bef6546a8d70912674abbbf96a9b87a83f6eff65da3e4bdb1cd8ace61bf251d,row_sparsity,row_sparsity|conj|3ccb84496a|rng=MT19937-RandomState,,4,4,1,uniform,1;2;3;4,0.25;0.25;0.25;0.25,0.0003700908273458481,6.674323230981827e-05,0.0009847227483987808,0.0009996723383665085,0.0065767839550971985,0.009005574509501457,0.0024212291464209557,21,440,1,6,SAT_unsat_identifiable,1,boolean_factorization,exclude_x,exclude_x,0,1069,3857,0,1,1,0,0,0,0,1,1,1,0,0,0.004703190177679062
4,25,10,100,243290946,2,conj,glucose42,MT19937-RandomState,0.0003331238403916359,0010010101000000001010001011000100100000000001000010000000000100001101010000000000001000000100000000000100000000100100010000010000011000010001100000001010000100000000010001000010110001000000000001000001000000010010000001001001101010110001000001111000,a29d3f6a392ca7b2c7dcc7a306b5fff043001de7feffd2b7bc783db049501ddb,row_sparsity,row_sparsity|conj|3ccb84496a|rng=MT19937-RandomState,,4,4,1,uniform,1;2;3;4,0.25;0.25;0.25;0.25,0.00030114874243736267,6.550643593072891e-05,0.0007767388597130775,0.0009833965450525284,0.004352780058979988,0.006485137157142162,0.0021267905831336975,16,600,1,6,SAT_unsat_identifiable,1,boolean_factorization,exclude_x,exclude_x,0,764,2851,0,1,1,0,0,0,0,1,1,1,0,0,0.0045713745057582855
4,25,10,100,243290946,3,conj,glucose42,MT19937-RandomState,0.00034325011074543,1100001010010000001010000000000000100000100110010000000100000001010010000010000000000000011001100000100010000001000011000000011000001011000001010001101010110000000000011000000011000100000101001000000000010000000000100010000001100101000000001100100001,ef5548b12be6f46595d51eb4946737eec3e4bde679c2601211c0db4ec1ef81dd,row_sparsity,row_sparsity|conj|3ccb84496a|rng=MT19937-RandomState,,4,4,1,uniform,1;2;3;4,0.25;0.25;0.25;0.25,0.00035386811941862106,5.6609511375427246e-05,0.0007841503247618675,0.0009808586910367012,0.006814366206526756,0.008996916003525257,0.002175486646592617,16,796,1,6,SAT_unsat_identifiable,1,boolean_factorization,exclude_x,exclude_x,0,714,2796,0,1,1,0,0,0,0,1,1,1,0,0,0.005032003857195377
4,25,10,100,243290946,4,conj,glucose42,MT19937-RandomState,0.0003388272598385811,0010000000010100100010100010000000000100101000010000100000000100101100000100000010010101000010110000011000000010000100110000011100000001100011110000001001000100001000000000001111000010111000001010010101101100000010101100010000001001000010010010110100,03408fc326712961b0f845ab1d9ad8af32b5724dd4944484a3d6345fab9f08c5,row_sparsity,row_sparsity|conj|3ccb84496a|rng=MT19937-RandomState,,4,4,1,uniform,1;2;3;4,0.25;0.25;0.25;0.25,0.0003496641293168068,6.331130862236023e-05,0.0009200340136885643,0.00101399514824152,0.007673874497413635,0.010027114301919937,0.0023470045998692513,19,325,1,6,SAT_unsat_identifiable,1,boolean_factorization,exclude_x,exclude_x,0,1011,3525,0,1,1,0,0,0,0,1,1,1,0,0,0.0042992569506168365
4,25,10,100,243290946,5,conj,glucose42,MT19937-RandomState,0.00033265165984630585,0100010000100000000000100000000101001000100100000011001000000010100000001101100000000100000001000000000010110000000000100000010000001110010000011000000100000010000100110001001000011010010000011000010101001110000000100101110000100111100010000000010000,e7b73293fca08f8a7953792b1113f9f62259e793b530ddfae3bda592e018be69,row_sparsity,row_sparsity|conj|3ccb84496a|rng=MT19937-RandomState,,4,4,1,uniform,1;2;3;4,0.25;0.25;0.25;0.25,0.00034501124173402786,6.667431443929672e-05,0.0009733354672789574,0.0010012174025177956,0.008662776090204716,0.011055509559810162,0.0023862384259700775,21,504,1,6,SAT_unsat_identifiable,1,boolean_factorization,exclude_x,exclude_x,0,1049,3835,0,1,1,0,0,0,0,1,1,1,0,0,0.004827179946005344
4,25,10,100,243290946,6,conj,glucose42,MT19937-RandomState,0.00033997558057308197,0000000100100000001000001110000010000011101011000000010000000010100100000000000100001100010001000010000010000001000010000100000000001000010000100000100010000000001000100111010000000010011001010100011000100010010001000100000010110100000000101010100100,c3fa742612487b013d2099d836decef9c1c29452b7395ed59dc9888edcc57fc3,row_sparsity,row_sparsity|conj|3ccb84496a|rng=MT19937-RandomState,,4,4,1,uniform,1;2;3;4,0.25;0.25;0.25;0.25,0.00034364499151706696,5.8758072555065155e-05,0.0008239215239882469,0.0009868675842881203,0.00475490465760231,0.006980537436902523,0.0022131921723484993,17,576,1,6,SAT_unsat_identifiable,1,boolean_factorization,exclude_x,exclude_x,0,813,3039,0,1,1,0,0,0,0,1,1,1,0,0,0.004711486399173737
4,25,10,100,243290946,7,conj,glucose42,MT19937-RandomState,0.00040656328201293945,0010000101100010000011100100000010000000000111000001000001000001110100000010100010000010001101000000000001000110001100101100000101001100000010000000010000000010000000110000000100001000000000000101110000000000011000000000010001010100001000001011000000,b6a25df28dca8277386b8df84e292109fb2a80de538ef3f2aa05b7e041ee0244,row_sparsity,row_sparsity|conj|3ccb84496a|rng=MT19937-RandomState,,4,4,1,uniform,1;2;3;4,0.25;0.25;0.25;0.25,0.000354609452188015,5.817599594593048e-05,0.0008232025429606438,0.0010281885042786598,0.005168525502085686,0.007439859211444855,0.002264176495373249,17,656,1,6,SAT_unsat_identifiable,1,boolean_factorization,exclude_x,exclude_x,0,793,3017,0,1,1,0,0,0,0,1,1,1,0,0,0.004833856597542763
4,25,10,100,243290946,8,conj,glucose42,MT19937-RandomState,0.000348932109773159,0011100100010001100001000000100010000100010000110110011000000000001101010100001000001001001010001001100100010011010010000010010101011000001000010110010011010001010101100000000001000100110000100101000000001100000101010000000000011011000000010010001000,212433c7453fce079063f7cd15ec44daaba85742a99fb2a54fda6d8fced5b102,row_sparsity,row_sparsity|conj|3ccb84496a|rng=MT19937-RandomState,,4,4,1,uniform,1;2;3;4,0.25;0.25;0.25;0.25,0.0003837393596768379,6.663892418146133e-05,0.0010857414454221725,0.0010029179975390434,0.007313740439713001,0.009857925586402416,0.0025390377268195152,24,413,1,6,SAT_unsat_identifiable,1,boolean_factorization,exclude_x,exclude_x,0,1266,4476,0,1,1,0,0,0,0,1,1,1,0,0,0.004882150329649448
4,25,10,100,243290946,9,conj,glucose42,MT19937-RandomState,0.0003404421731829643,0000000010000011000001000000000100001110001001000100000001000010000000000010000101010001010000011000001011000000000001000000010000000000000100100000000010001000000101000000010000000110000100000000000100000100001001100000000010101011000010100000100100,fa0fe34fdc9bc2f78dfe390ee86b82cba33fcc311427f5e5f1a05c97bc019562,row_sparsity,row_sparsity|conj|3ccb84496a|rng=MT19937-RandomState,,4,4,1,uniform,1;2;3;4,0.25;0.25;0.25;0.25,0.0003085089847445488,5.674641579389572e-05,0.0007827924564480782,0.000973663292825222,0.011137433350086212,0.013264366425573826,0.0021217111498117447,16,616,1,6,SAT_unsat_identifiable,1,boolean_factorization,exclude_x,exclude_x,0,714,2796,0,1,1,0,0,0,0,1,1,1,0,0,0.0047386884689331055
4,25,10,100,243290946,10,conj,glucose42,MT19937-RandomState,0.0003993744030594826,0000001010000100110001000000000100101000011000000000000000110001100000110100000010001001001001000011000010100001011010000001000111000001001101000010100100001010000000100100010100000000100000010000000000000100000000010000000001001100100100000101000000,5c6f482b5e8f669f5d05b67dff3979074647b603ecb5dee1553aecc7b5affa65,row_sparsity,row_sparsity|conj|3ccb84496a|rng=MT19937-RandomState,,4,4,1,uniform,1;2;3;4,0.25;0.25;0.25;0.25,0.0003334898501634598,6.656069308519363e-05,0.0008341772481799126,0.0009723659604787827,0.007555026561021805,0.009768488816916943,0.0022065937519073486,17,385,1,6,SAT_unsat_identifiable,1,boolean_factorization,exclude_x,exclude_x,0,803,3028,0,1,1,0,0,0,0,1,1,1,0,0,0.0041573671624064445
4,25,10,100,243290946,11,conj,glucose42,MT19937-RandomState,0.0003360966220498085,0010010010001010000010000000010110001100001100101000100000000010001110101010010000001101101010000001000100000000010110000100000111000100000000100000000000000100000001100000001000000100010011000100100010000100001000000100001000011101010000010000100000,93974dea70b0c02b2d342bc92f36a29a89372586c64c607db4386447758f6e28,row_sparsity,row_sparsity|conj|3ccb84496a|rng=MT19937-RandomState,,4,4,1,uniform,1;2;3;4,0.25;0.25;0.25;0.25,0.0003186706453561783,5.7892873883247375e-05,0.0008642002940177917,0.000998111441731453,0.005913089029490948,0.00815784465521574,0.0022388752549886703,18,424,1,6,SAT_unsat_identifiable,1,boolean_factorization,exclude_x,exclude_x,0,922,3293,0,1,1,0,0,0,0,1,1,1,0,0,0.004325965419411659
4,25,10,100,243290946,12,conj,glucose42,MT19937-RandomState,0.00033759698271751404,0100100100000000100000101010000100001100000110010100000001000000100000001000011011100000000100000100000011000010100110000010000000100000010000001000001000000100001000001000101001010000000100000000000100000001000010001011100000100000000000010100000010,82a6025f5f8c600e637500d76830ecd01d3cb2ee54943e5b9350dcc1069b6c67,row_sparsity,row_sparsity|conj|3ccb84496a|rng=MT19937-RandomState,,4,4,1,uniform,1;2;3;4,0.25;0.25;0.25;0.25,0.0002806028351187706,5.472544580698013e-05,0.00041837524622678757,0.0,0.0,0.0007618535310029984,0.0007537035271525383,14,348,0,2,two_column_check_failed,0,,,exclude_x,0,0,0,0,1,1,0,0,1,0,0,0,0,0,1,0.0030270256102085114
4,25,10,100,243290946,13,conj,glucose42,MT19937-RandomState,0.00031851232051849365,0000111100010010001010100101000010011000000000111000011001000100000000000100000000000001000000100100100000000001001001010000100000000001000101100001010100000000000001000001010100000010010110001010001100000111100010000010000001000011010000000001010100,021f8abfc3d16cbb42fd0467f3c898a613cf9b98857b4c34645b9e1d083f9245,row_sparsity,row_sparsity|conj|3ccb84496a|rng=MT19937-RandomState,,4,4,1,uniform,1;2;3;4,0.25;0.25;0.25;0.25,0.0003122640773653984,5.48800453543663e-05,0.000796142965555191,0.0009806277230381966,0.00556523073464632,0.007714447565376759,0.0021439148113131523,16,496,1,6,SAT_unsat_identifiable,1,boolean_factorization,exclude_x,exclude_x,0,794,2884,0,1,1,0,0,0,0,1,1,1,0,0,0.004317332059144974
4,25,10,100,243290946,14,conj,glucose42,MT19937-RandomState,0.00033859536051750183,0000000100000001110111000000101000010000000000101100000001000001010000010000000000000000011010101000000100100001000010001001010000100000001010001100000001000000001100000001100000000000100000000001000010101000000100000000110000000010000010000000001000,6414432dcaf9c30d2245c068e5842e3daf80161470c1cd0916e28940292c1e39,row_sparsity,row_sparsity|conj|3ccb84496a|rng=MT19937-RandomState,,4,4,1,uniform,1;2;3;4,0.25;0.25;0.25;0.25,0.00031591299921274185,5.439668893814087e-05,0.000802207738161087,0.001005418598651886,0.003938750363886356,0.006121139973402023,0.0021779360249638557,15,740,1,6,SAT_unsat_identifiable,1,boolean_factorization,exclude_x,exclude_x,0,635,2575,0,1,1,0,0,0,0,1,1,1,0,0,0.004756731912493706
4,25,10,100,243290946,15,conj,glucose42,MT19937-RandomState,0.00032394658774137497,1001000101000001001101011000000001000000001000111000001010000001000110100001000000000100000011100000000100100010000001100010000000100000000100000000100001000000000000101100101010010110010001000110011001001010101110000000000100000000010001110001110100,ab48c9f43ba5bc49c889909ccd167d89bc031767e6d2754de19a88cf36624690,row_sparsity,row_sparsity|conj|3ccb84496a|rng=MT19937-RandomState,,4,4,1,uniform,1;2;3;4,0.25;0.25;0.25;0.25,0.00036349333822727203,6.389059126377106e-05,0.001077333465218544,0.0009950017556548119,0.009089084342122078,0.011593647301197052,0.002499719150364399,23,448,1,6,SAT_unsat_identifiable,1,boolean_factorization,exclude_x,exclude_x,0,1187,4255,0,1,1,0,0,0,0,1,1,1,0,0,0.004849041812121868
4,25,10,100,243290946,16,conj,glucose42,MT19937-RandomState,0.0003342004492878914,0101010001000010110000001000000000001000100100001000000000010100000001010000100110100001100000010000000000001000100000011010100000000100000010001001100100100010000001000000000000110100000000000111000101011000000000000010100000000001001010001000010000,06166c537baf1f271cb7f970fef87a77e5937091edfc4609c31ec5ab6f802e67,row_sparsity,row_sparsity|conj|3ccb84496a|rng=MT19937-RandomState,,4,4,1,uniform,1;2;3;4,0.25;0.25;0.25;0.25,0.0003069313243031502,5.328468978404999e-05,0.0006737969815731049,0.0009634681046009064,0.003624953329563141,0.0056276340037584305,0.0019974811002612114,13,592,1,6,SAT_unsat_identifiable,1,boolean_factorization,exclude_x,exclude_x,0,587,2254,0,1,1,0,0,0,0,1,1,1,0,0,0.0042844535782933235
4,25,10,100,243290946,17,conj,glucose42,MT19937-RandomState,0.00032741017639636993,0000010001011000001010000100010000000100100010001010010001000100110010000010000001100010011100001100000010000111101000000000001000000011110000010000000011000000100000000001000000001010000101001000000001000110011010000011000100001000000010001000001100,867125e1f4996a3a342450948fa004986cbb81b25cb182ca791f9c4453c939ad,row_sparsity,row_sparsity|conj|3ccb84496a|rng=MT19937-RandomState,,4,4,1,uniform,1;2;3;4,0.25;0.25;0.25;0.25,0.0003635948523879051,5.7472847402095795e-05,0.0008237091824412346,0.0010087238624691963,0.008671613410115242,0.010930908843874931,0.002253500744700432,17,652,1,6,SAT_unsat_identifiable,1,boolean_factorization,exclude_x,exclude_x,0,813,3039,0,1,1,0,0,0,0,1,1,1,0,0,0.004915740340948105
4,25,10,100,243290946,18,conj,glucose42,MT19937-RandomState,0.00033510196954011917,0010100000100000010010001101001010000010001100100000010110000110001000000000110100010000000000101100010000010000001100000110000011100100101000001111000000100100000011101000000000010000101000000001100001001000000000100010000100000001010001001001100000,43e4556cdbd98aa5c036e6c3de501ba159083fcefda786f79516faec9527a92d,row_sparsity,row_sparsity|conj|3ccb84496a|rng=MT19937-RandomState,,4,4,1,uniform,1;2;3;4,0.25;0.25;0.25;0.25,0.0003282502293586731,5.915667861700058e-05,0.0008792774751782417,0.0009791115298867226,0.006607665680348873,0.008859314024448395,0.002245795913040638,18,603,1,6,SAT_unsat_identifiable,1,boolean_factorization,exclude_x,exclude_x,0,872,3238,0,1,1,0,0,0,0,1,1,1,0,0,0.004779652692377567
4,25,10,100,243290946,19,conj,glucose42,MT19937-RandomState,0.00034474488347768784,0000000010010010000000110000111100100000010001010101101000000010000010100000000001000001100101011000010100101000000000100000100001000011000001101100000000000001110000000000000001000100000000110010001000101000000010011010000000110000010000100000011100,42b43a7f4294215aa73a20f43c4df1d070b8b3da82b251de5a1467419e52fd1a,row_sparsity,row_sparsity|conj|3ccb84496a|rng=MT19937-RandomState,,4,4,1,uniform,1;2;3;4,0.25;0.25;0.25;0.25,0.00038369838148355484,5.828775465488434e-05,0.0008267303928732872,0.0009690606966614723,0.004655133001506329,0.0068978602066636086,0.0022377772256731987,17,520,1,6,SAT_unsat_identifiable,1,boolean_factorization,exclude_x,exclude_x,0,803,3028,0,1,1,0,0,0,0,1,1,1,0,0,0.004421301186084747
4,25,10,100,243290946,20,conj,glucose42,MT19937-RandomState,0.0003232378512620926,0000100000000001001100000000100010001100100100011000010110000000100111000001011101000110100110000100111000001000000010000001011010000001100000100110001001010000100010000100000011000100000100011011000010110000000000001000101000010000010100000100000000,7b3d45089e07860dc806f7a177ce8657d008954b00006a4543fb61e1677e9a39,row_sparsity,row_sparsity|conj|3ccb84496a|rng=MT19937-RandomState,,4,4,1,uniform,1;2;3;4,0.25;0.25;0.25;0.25,0.00036848708987236023,6.373878568410873e-05,0.0009776456281542778,0.0009802347049117088,0.007245825603604317,0.009643036872148514,0.0023901062086224556,21,445,1,6,SAT_unsat_identifiable,1,boolean_factorization,exclude_x,exclude_x,0,1059,3846,0,1,1,0,0,0,0,1,1,1,0,0,0.00465414859354496
4,25,10,100,243290946,21,conj,glucose42,MT19937-RandomState,0.0003428850322961807,0000000100000100000000000100000001000001101000001000000000100101001000000000101110100000010000100101101001000000010001000000110100101000000000010011010100000000000100000000100000000100001010011010000100000100001001010001000101100001011000100011100001,073eb30cc1a5d61298f3d69037487435366f2abb0f9e7587a4ee7916fc6d797a,row_sparsity,row_sparsity|conj|3ccb84496a|rng=MT19937-RandomState,,4,4,1,uniform,1;2;3;4,0.25;0.25;0.25;0.25,0.0003631729632616043,6.0968101024627686e-05,0.0009402390569448471,0.001047949306666851,0.007355136796832085,0.009772823192179203,0.00241232942789793,20,490,1,6,SAT_unsat_identifiable,1,boolean_factorization,exclude_x,exclude_x,0,990,3636,0,1,1,0,0,0,0,1,1,1,0,0,0.004750408232212067
4,25,10,100,243290946,22,conj,glucose42,MT19937-RandomState,0.00034033041447401047,1000110000010011000100111000100001011010101010100011010000000101001100001001101000110000010000000001011000010000010000000001000001000100010010010001000001000010000000100010001001100000001000101000101011100000001101000100000100000001000000000000010000,c45b09aacbe69bfb7d2562f5dc9b7ec8df8efb1c9b06745a6e5912b345e45706,row_sparsity,row_sparsity|conj|3ccb84496a|rng=MT19937-RandomState,,4,4,1,uniform,1;2;3;4,0.25;0.25;0.25;0.25,0.0003388272598385811,6.023794412612915e-05,0.000896058976650238,0.0009838994592428207,0.005232528783380985,0.007517114281654358,0.002279023639857769,19,461,1,6,SAT_unsat_identifiable,1,boolean_factorization,exclude_x,exclude_x,0,971,3481,0,1,1,0,0,0,0,1,1,1,0,0,0.004606527276337147
4,25,10,100,243290946,23,conj,glucose42,MT19937-RandomState,0.00033113081008195877,0011001000000100000100000000110100000100010000001000001000100110000000000010000000000000010000000010100000000010000000000010000000010000000010000100001100100010000001101100000100000001001001000000100000010010000100101000010100001010011000000011001010,54994a31fe75f8571d39083ecee29aeeb95d71f8d5d07b762b5cfadbe4e3677a,row_sparsity,row_sparsity|conj|3ccb84496a|rng=MT19937-RandomState,,4,4,1,uniform,1;2;3;4,0.25;0.25;0.25;0.25,0.0003180624917149544,5.35864382982254e-05,0.00023563485592603683,0.0,0.0,0.0006137881428003311,0.0006072837859392166,13,720,0,2,two_column_check_failed,0,,,exclude_x,0,0,0,0,1,1,0,0,1,0,0,0,0,0,1,0.003259100951254368
4,25,10,100,243290946,24,conj,glucose42,MT19937-RandomState,0.0003179730847477913,0010100010000100100000001000000110000000100110001011000100101000000000011010000010001001000000101011001000000000110001010110000110100100011000001011000000000010101010001001000000000001100001100000111001000100100001001001000100100110000000010100100011,7a3d09660fe31f650416561ca5a4b776d77acd4d30f7dbd2657a94ea5c8f7555,row_sparsity,row_sparsity|conj|3ccb84496a|rng=MT19937-RandomState,,4,4,1,uniform,1;2;3;4,0.25;0.25;0.25;0.25,0.0003621857613325119,5.902722477912903e-05,0.0002724556252360344,0.0,0.0,0.0006992742419242859,0.0006936686113476753,19,361,0,2,two_column_check_failed,0,,,exclude_x,0,0,0,0,1,1,0,0,1,0,0,0,0,0,1,0.002885914407670498
4,25,10,100,243290946,25,conj,glucose42,MT19937-RandomState,0.0003198515623807907,1001101000100010011000010000000100000101100000000000010000110100010000000111100000101000100000011100000000000100000001010001001101100100100110000101000000101101010101100000000101001000000000110100010001011001001000000110000000000100000000100010010110,ee43f89b0f476b2c12e305522dc652d771f56402f5d9d117e9a6187ba6e37cc5,row_sparsity,row_sparsity|conj|3ccb84496a|rng=MT19937-RandomState,,4,4,1,uniform,1;2;3;4,0.25;0.25;0.25;0.25,0.0003530997782945633,6.307661533355713e-05,0.0005245916545391083,0.0,0.0,0.0009464938193559647,0.0009407680481672287,21,338,0,2,two_column_check_failed,0,,,exclude_x,0,0,0,0,1,1,0,0,1,0,0,0,0,0,1,0.003379862755537033
4,25,10,100,243290946,26,conj,glucose42,MT19937-RandomState,0.0003270665183663368,1000000000001010000110000000000001100000010000000000000010110000000100001100010010010011000100101010111000100001010000001110000010000000010000100001010110010001001000101000000100000001000101000100100101101000100000100111110000100001000100000110100000,e4e93e520afe9eaa65683fd6334cc0c2ea093f77d499e8c9f8266dea779aaaf3,row_sparsity,row_sparsity|conj|3ccb84496a|rng=MT19937-RandomState,,4,4,1,uniform,1;2;3;4,0.25;0.25;0.25;0.25,0.0003466149792075157,6.806012243032455e-05,0.0010290145874023438,0.0010041352361440659,0.007510306313633919,0.009963509626686573,0.00244782492518425,22,500,1,6,SAT_unsat_identifiable,1,boolean_factorization,exclude_x,exclude_x,0,1148,4078,0,1,1,0,0,0,0,1,1,1,0,0,0.005015386268496513
4,25,10,100,243290946,27,conj,glucose42,MT19937-RandomState,0.000330229289829731,0101000110100010000000000000100010000000010000000000110010010000001000010101010010000100000000000010000010000010110000100000100100000011001000000011111000000000010001100000001101010000000001000110000110100010100100001100100000100010000011001010010000,94b859c8aafb0985510b9b7b64d1a5854030b491a51c56d6df56f1cc779bcc3a,row_sparsity,row_sparsity|conj|3ccb84496a|rng=MT19937-RandomState,,4,4,1,uniform,1;2;3;4,0.25;0.25;0.25;0.25,0.00038026459515094757,6.749574095010757e-05,0.000931963324546814,0.00099252350628376,0.005589539185166359,0.007966859266161919,0.002372247166931629,20,633,1,6,SAT_unsat_identifiable,1,boolean_factorization,exclude_x,exclude_x,0,980,3625,0,1,1,0,0,0,0,1,1,1,0,0,0.0050272634252905846
4,25,10,100,243290946,28,conj,glucose42,MT19937-RandomState,0.0003434354439377785,0001000000010001100010000000001000100000000010000000100000010011010001010110010001000110100001000000100000000000000001000111000000000000100100000001000001100000000100000101000011010000011000010100000001010000000000010000000001001010000010100100000000,b778689adc8887c88cfd0b67ac9c668a2db753ce03b57ec16de9d6f3bb8626d2,row_sparsity,row_sparsity|conj|3ccb84496a|rng=MT19937-RandomState,,4,4,1,uniform,1;2;3;4,0.25;0.25;0.25;0.25,0.00029429513961076736,5.293171852827072e-05,0.0006697149947285652,0.0009932667016983032,0.00483240932226181,0.006847991608083248,0.0020102085545659065,13,588,1,6,SAT_unsat_identifiable,1,boolean_factorization,exclude_x,exclude_x,0,567,2232,0,1,1,0,0,0,0,1,1,1,0,0,0.004217757843434811
4,25,10,100,243290946,29,conj,glucose42,MT19937-RandomState,0.0003364458680152893,0010101010110000010100110001100100001000000011000011010010000000010010001110000010100001000000100000000000100110000000000100000000000000000110000000110011000110000010000000010011010000010000101000000111000011000000100100010010010001010010000110110000,2b297a7583cdd2bcd46434857bc2941c92c25c6d6e22c24b63e49ec97f46d507,row_sparsity,row_sparsity|conj|3ccb84496a|rng=MT19937-RandomState,,4,4,1,uniform,1;2;3;4,0.25;0.25;0.25;0.25,0.00034906063228845596,6.822124123573303e-05,0.0009400723502039909,0.0009957021102309227,0.006494809873402119,0.008852945640683174,0.0023530563339591026,20,484,1,6,SAT_unsat_identifiable,1,boolean_factorization,exclude_x,exclude_x,0,1000,3647,0,1,1,0,0,0,0,1,1,1,0,0,0.0047341398894786835
4,25,10,100,243290946,30,conj,glucose42,MT19937-RandomState,0.0003335028886795044,0011010000001001101000000000100000000010010110000101000110011101001000100011000000000100111100000000100100000000010100000100011000010000000001100100100000110011100001000000001000011000010000010000101001000010100000011001010100001001010010010110010010,52bc21c97bc55d3e98325bfc64f776fd3b78a1401652abb525e718b065b9247f,row_sparsity,row_sparsity|conj|3ccb84496a|rng=MT19937-RandomState,,4,4,1,uniform,1;2;3;4,0.25;0.25;0.25;0.25,0.00031900685280561447,6.485544145107269e-05,0.00015937723219394684,0.0,0.0,0.0005502551794052124,0.000543239526450634,19,194,0,2,two_column_check_failed,0,,,exclude_x,0,0,0,0,1,1,0,0,1,0,0,0,0,0,1,0.002187688834965229
4,25,10,100,243290946,31,conj,glucose42,MT19937-RandomState,0.0003284132108092308,0101000001100000000000000010000001001001000010000000100000000111010000101100000000000000010010000000001010000110000000001111000000010100000110110000100001000001001000000000100000101000110000001000100100110110001000110010000100000000100010001001010100,54288fa3bafefaa0538c318fc9172a3ed41102e20069aa92afd8da6d6f40f650,row_sparsity,row_sparsity|conj|3ccb84496a|rng=MT19937-RandomState,,4,4,1,uniform,1;2;3;4,0.25;0.25;0.25;0.25,0.00028020329773426056,5.925353616476059e-05,0.00012584589421749115,0.0,0.0,0.0004704408347606659,0.0004653027281165123,14,258,0,2,two_column_check_failed,0,,,exclude_x,0,0,0,0,1,1,0,0,1,0,0,0,0,0,1,0.0021320953965187073
4,25,10,100,243290946,32,conj,glucose42,MT19937-RandomState,0.00031927134841680527,0000000010001100000000000100000001000000001111000001001100100100000010010010000001000001010100000000000001100101000101000010100000000000001010010000000000000010000110010000000010100000101110001010100010000010010001001101110001000100010100011000000000,ac994a8f9f60329ce222ea22f2b885939416459f2b85f940eb07a4f9144ceb35,row_sparsity,row_sparsity|conj|3ccb84496a|rng=MT19937-RandomState,,4,4,1,uniform,1;2;3;4,0.25;0.25;0.25;0.25,0.0003364691510796547,5.965866148471832e-05,0.000900687649846077,0.0009876908734440804,0.006025617942214012,0.008314980193972588,0.0022845063358545303,19,522,1,6,SAT_unsat_identifiable,1,boolean_factorization,exclude_x,exclude_x,0,921,3426,0,1,1,0,0,0,0,1,1,1,0,0,0.0046578459441661835
4,25,10,100,243290946,33,conj,glucose42,MT19937-RandomState,0.0003297301009297371,0100101001011001000100001110000011000010010001000000101001001001100010001000010000010000000000000100000100000010010011000000000010101001001000101010011000000000000110100010110001000001000000000010010100001000100001001000000110110000100000100000010011,07cff02acb83fc7faf94194d138855373f1b23c80beb805ac25f7a51285f0dd5,row_sparsity,row_sparsity|conj|3ccb84496a|rng=MT19937-RandomState,,4,4,1,uniform,1;2;3;4,0.25;0.25;0.25;0.25,0.0003560557961463928,5.893036723136902e-05,0.0008537927642464638,0.0009650653228163719,0.005479768849909306,0.007718768902122974,0.0022338442504405975,18,432,1,6,SAT_unsat_identifiable,1,boolean_factorization,exclude_x,exclude_x,0,892,3260,0,1,1,0,0,0,0,1,1,1,0,0,0.0043325480073690414
4,25,10,100,243290946,34,conj,glucose42,MT19937-RandomState,0.0003665657714009285,0000101000001000010010110000100100110010000001001000100100000010100000000000001101000010000000000010010110010000110000100000000011010000010101000000010010001001001111000000000001001000000010000000011010001001000010000000010000000000000001010000000100,1e5e0033481a778dece898bf8bbeb6e2d11f31704c344782c25abaf7052c441c,row_sparsity,row_sparsity|conj|3ccb84496a|rng=MT19937-RandomState,,4,4,1,uniform,1;2;3;4,0.25;0.25;0.25;0.25,0.0003387546166777611,6.0360878705978394e-05,0.0009037582203745842,0.0009809797629714012,0.006077050231397152,0.008366181515157223,0.002283853478729725,19,487,1,6,SAT_unsat_identifiable,1,boolean_factorization,exclude_x,exclude_x,0,891,3393,0,1,1,0,0,0,0,1,1,1,0,0,0.004607090726494789
4,25,10,100,243290946,35,conj,glucose42,MT19937-RandomState,0.0003305859863758087,0010000000001011010000100010000000100100001000000100100110000000010000000010100011110000000000100101000010000010000000010000000100001100100000101010000011010000000000001100100000000000101010000000100000101001000100100011001100000001000000001000011000,823f87f83300a630d88b12ad29488cbcc4cbf428449da6953f7927b75302a4b1,row_sparsity,row_sparsity|conj|3ccb84496a|rng=MT19937-RandomState,,4,4,1,uniform,1;2;3;4,0.25;0.25;0.25;0.25,0.00033225491642951965,5.372241139411926e-05,0.0002926662564277649,0.0,0.0,0.000685068778693676,0.0006786435842514038,14,530,0,2,two_column_check_failed,0,,,exclude_x,0,0,0,0,1,1,0,0,1,0,0,0,0,0,1,0.003203660249710083
4,25,10,100,243290946,36,conj,glucose42,MT19937-RandomState,0.00033025071024894714,0000110101010000000000001000000000100110000000010011100100000000100000100001000100001000000110010100000001010010000010001110000001000000100000000010000001001100001010001101010000000000000010001010000000100000000001000101000001011001010100100000101000,b21ee7e4f8f405b9575cb8c1e1062dd344ad940d7dc6ca0ff710a6dce3249934,row_sparsity,row_sparsity|conj|3ccb84496a|rng=MT19937-RandomState,,4,4,1,uniform,1;2;3;4,0.25;0.25;0.25;0.25,0.00030358508229255676,5.5859796702861786e-05,0.0008220821619033813,0.0010036341845989227,0.0050977738574147224,0.007287836633622646,0.0021851612254977226,17,532,1,6,SAT_unsat_identifiable,1,boolean_factorization,exclude_x,exclude_x,0,833,3061,0,1,1,0,0,0,0,1,1,1,0,0,0.004518859088420868
4,25,10,100,243290946,37,conj,glucose42,MT19937-RandomState,0.00035237520933151245,1001000010000100000100111000010000011000000000000101001110001010010100100100000100001010000001010010000100000100111100001000000000100000101000001000000110010100100011001000001000010100100000000000000110000100110000100000100100000010000000000011000000,759bf6b4a9beb9023fb7a0ad850e0d8c340a687a110f34db69c22c8dbeba9644,row_sparsity,row_sparsity|conj|3ccb84496a|rng=MT19937-RandomState,,4,4,1,uniform,1;2;3;4,0.25;0.25;0.25;0.25,0.0002944348379969597,5.7143159210681915e-05,0.0004178239032626152,0.0,0.0,0.0007763942703604698,0.0007694019004702568,17,271,0,2,two_column_check_failed,0,,,exclude_x,0,0,0,0,1,1,0,0,1,0,0,0,0,0,1,0.0028984956443309784
4,25,10,100,243290946,38,conj,glucose42,MT19937-RandomState,0.00031397584825754166,0000111010010000000000000101011110001000111010000000100110000111000000100001000000100000000000010000000010000001010001001000000000011000110000000101110001100101100000001000000100001000000000001000001111001010000000000001011000001000000000010000100000,13772c92533a8a74ad30889548f3698538fc0816ac9e812bfe1d032c429e1e71,row_sparsity,row_sparsity|conj|3ccb84496a|rng=MT19937-RandomState,,4,4,1,uniform,1;2;3;4,0.25;0.25;0.25;0.25,0.0003263438120484352,6.553065031766891e-05,0.0008959341794252396,0.0010069254785776138,0.00576374027878046,0.008063322864472866,0.0022947341203689575,19,415,1,6,SAT_unsat_identifiable,1,boolean_factorization,exclude_x,exclude_x,0,961,3470,0,1,1,0,0,0,0,1,1,1,0,0,0.004396871663630009
4,25,10,100,243290946,39,conj,glucose42,MT19937-RandomState,0.0003282446414232254,1000010010000100001000010100110001001000010000001011010000100000010011001100000010011000000100000000110000100100000000010001100010100000010000000010000000100100001110001000000001010001000000000000100010001100100010000000000010010011001000000000000001,4dde4258468ddec9f94837d50b02cee3cc623402ace9630cf9b6f0c60729962c,row_sparsity,row_sparsity|conj|3ccb84496a|rng=MT19937-RandomState,,4,4,1,uniform,1;2;3;4,0.25;0.25;0.25;0.25,0.000314466655254364,5.797483026981354e-05,0.0007330402731895447,0.0,0.0,0.0011123009026050568,0.0011054817587137222,18,514,0,2,two_column_check_failed,0,,,exclude_x,0,0,0,0,1,1,0,0,1,0,0,0,0,0,1,0.004288364201784134
4,25,10,100,243290946,40,conj,glucose42,MT19937-RandomState,0.000321156345307827,0000001100010000000001001000000010011001011011000010001010001100010010100100000010001100000100100000000100000000001000010010010001100100100001100000101101000001011000110010100010011000000011010000010000000110011110000001000101011000000101000010000000,a1e24ef75b22d90c528026f172ce1d4c41cd3825dbe950216c654039adb3c126,row_sparsity,row_sparsity|conj|3ccb84496a|rng=MT19937-RandomState,,4,4,1,uniform,1;2;3;4,0.25;0.25;0.25;0.25,0.00037004798650741577,6.708409637212753e-05,0.0010160701349377632,0.0009880280122160912,0.006698044948279858,0.009144853800535202,0.0024412302300333977,22,521,1,6,SAT_unsat_identifiable,1,boolean_factorization,exclude_x,exclude_x,0,1118,4045,0,1,1,0,0,0,0,1,1,1,0,0,0.0051049599424004555
4,25,10,100,243290946,41,conj,glucose42,MT19937-RandomState,0.0003355620428919792,0010000000000000000101100011000000100010000010000001000101100000100000101001010000000100110001000000110000010101010000000001100000010011001000001000000010000011100000000010100110000110110000110000001000100100101101000100000000100010001100001000010000,0a03bdf3a67e15ac0fdb9828fb8208291694e05330553cbbbf3e45a8694e865d,row_sparsity,row_sparsity|conj|3ccb84496a|rng=MT19937-RandomState,,4,4,1,uniform,1;2;3;4,0.25;0.25;0.25;0.25,0.000353165902197361,6.311014294624329e-05,0.0009620869532227516,0.0010107485577464104,0.012918837368488312,0.015313460491597652,0.0023891115561127663,20,537,1,6,SAT_unsat_identifiable,1,boolean_factorization,exclude_x,exclude_x,0,1000,3647,0,1,1,0,0,0,0,1,1,1,0,0,0.0049023618921637535
4,25,10,100,243290946,42,conj,glucose42,MT19937-RandomState,0.00034025777131319046,0000000101100000100000100000000000010001010000001000010000100001000000000010100000001000000010001000011000101000001000011000100000000000000100010000100000101010000100001001011000101001001100010000100010010000001000010100010100000100100000000000100000,df6b15884150245c6cb46186cadc0b5755b4ef6cf5ba13abf47f629669ff7ade,row_sparsity,row_sparsity|conj|3ccb84496a|rng=MT19937-RandomState,,4,4,1,uniform,1;2;3;4,0.25;0.25;0.25;0.25,0.0003100726753473282,5.890987813472748e-05,0.0008749496191740036,0.0009885597974061966,0.006484164856374264,0.008722708560526371,0.002232491970062256,18,567,1,6,SAT_unsat_identifiable,1,boolean_factorization,exclude_x,exclude_x,0,812,3172,0,1,1,0,0,0,0,1,1,1,0,0,0.004788607358932495
4,25,10,100,243290946,43,conj,glucose42,MT19937-RandomState,0.0003582937642931938,0100100011101000100000000000101000001011000001101000000000010001001000000000010001000011100000101100001100101001000110000100000100000011100000100101010010000010010100100010000000001100000110010110000100110000100000001100000001001000010000010000110000,19e262e1e61dfa9043b1907acb031fa317c7a870dd1c599cd4a8a195478af8c7,row_sparsity,row_sparsity|conj|3ccb84496a|rng=MT19937-RandomState,,4,4,1,uniform,1;2;3;4,0.25;0.25;0.25;0.25,0.0004178415983915329,7.168017327785492e-05,0.001027049496769905,0.0010056691244244576,0.0059098852798342705,0.008439053781330585,0.0025222403928637505,22,572,1,6,SAT_unsat_identifiable,1,boolean_factorization,exclude_x,exclude_x,0,1068,3990,0,1,1,0,0,0,0,1,1,1,0,0,0.0051335543394088745
4,25,10,100,243290946,44,conj,glucose42,MT19937-RandomState,0.0003313925117254257,0000110000011000000010100010011100001000000001000000000001000001000001001101000111001000000000010110011000000101000101101010010010111000000001000001110000100000011000001010000000010001001000111000001001100000000110101000000001000001000000110101010010,90466f684ecee665b7988ae3364fe991a92a328085f84b33e97295d8a885f8bc,row_sparsity,row_sparsity|conj|3ccb84496a|rng=MT19937-RandomState,,4,4,1,uniform,1;2;3;4,0.25;0.25;0.25;0.25,0.00033605843782424927,6.127916276454926e-05,0.0009460272267460823,0.0009850040078163147,0.006238623522222042,0.008572346530854702,0.0023283688351511955,20,461,1,6,SAT_unsat_identifiable,1,boolean_factorization,exclude_x,exclude_x,0,1040,3691,0,1,1,0,0,0,0,1,1,1,0,0,0.00464752409607172
4,25,10,100,243290946,45,conj,glucose42,MT19937-RandomState,0.00033355318009853363,1000000000110100000001100000000111000001000010000001000000011000010011000100110000000000100010000000100011000100011000100000001100001100100000101110000000010000000001100011100000000110001100001000100001011010001110000000010010000100000001010101000000,a397bfed4c650b17b5da4c20059835c6ed88a2c61b663cc7a0e27587f5877b83,row_sparsity,row_sparsity|conj|3ccb84496a|rng=MT19937-RandomState,,4,4,1,uniform,1;2;3;4,0.25;0.25;0.25;0.25,0.0003666682168841362,5.769170820713043e-05,0.0008642477914690971,0.000989898107945919,0.005642040632665157,0.007925906218588352,0.002278505824506283,18,652,1,6,SAT_unsat_identifiable,1,boolean_factorization,exclude_x,exclude_x,0,842,3205,0,1,1,0,0,0,0,1,1,1,0,0,0.004831897094845772
4,25,10,100,243290946,46,conj,glucose42,MT19937-RandomState,0.0003297077491879463,0100000110000000101000000100100010011001000010101000000000010101011000101000101001000000000100000000001000001011000100100000010000000001011101100011000001001000111000000100100000001000000000100010000000000010000000001000011000010000100000001000000001,43873f824f409b7da48dceb71ffb29938af9e37cc1ff1cb6c020b8eeeee19ac7,row_sparsity,row_sparsity|conj|3ccb84496a|rng=MT19937-RandomState,,4,4,1,uniform,1;2;3;4,0.25;0.25;0.25;0.25,0.0003379257395863533,5.5031850934028625e-05,0.0004585515707731247,0.0,0.0,0.000858076848089695,0.0008515091612935066,15,454,0,2,two_column_check_failed,0,,,exclude_x,0,0,0,0,1,1,0,0,1,0,0,0,0,0,1,0.0033464496955275536
4,25,10,100,243290946,47,conj,glucose42,MT19937-RandomState,0.0003308923915028572,0000000010000001001001001100100100101000011010000000101010010010000001001000010010000001001100110000000000000100110010100000011001011010000100100100100011001001010001011000000011110011001000000000000110100100010101000100001000000000011011000101000000,3b24c227f8765edadc80d756d5fae4a8914c52ce6e38352d7dd6b1c8239730d2,row_sparsity,row_sparsity|conj|3ccb84496a|rng=MT19937-RandomState,,4,4,1,uniform,1;2;3;4,0.25;0.25;0.25;0.25,0.0003404878079891205,5.9847719967365265e-05,0.0008991388604044914,0.000982070341706276,0.008619505912065506,0.010910740122199059,0.002281544730067253,19,375,1,6,SAT_unsat_identifiable,1,boolean_factorization,exclude_x,exclude_x,0,1001,3514,0,1,1,0,0,0,0,1,1,1,0,0,0.004388628527522087
4,25,10,100,243290946,48,conj,glucose42,MT19937-RandomState,0.0003255140036344528,0100101010001110001000100100011000000101011000100001001010000010000000000001000100001000000000001000001000100100000100000000000101000100000000111000100010100010000011000100100011100100000010000000000100001000010000100010000110010000000000010000100010,adbe11457bb39870b88b302f9888a8ce67c0ca7d80f8d6a11f88988344891917,row_sparsity,row_sparsity|conj|3ccb84496a|rng=MT19937-RandomState,,4,4,1,uniform,1;2;3;4,0.25;0.25;0.25;0.25,0.0003067832440137863,5.5653974413871765e-05,0.00012673437595367432,0.0,0.0,0.0004951171576976776,0.0004891715943813324,14,416,0,2,two_column_check_failed,0,,,exclude_x,0,0,0,0,1,1,0,0,1,0,0,0,0,0,1,0.0024297311902046204
4,25,10,100,243290946,49,conj,glucose42,MT19937-RandomState,0.0003269203007221222,0100111000001110100011000011000000001000000001001000000001001000010100000100000000010010010000001000000001000100000000010110001001000110000000000000011000001101110010001001010100100010100000110000100000101100001000000110100000000010000000001010010010,959dfbe10043f4fec61f2eb1552aa47e13eade22f37b309018a6f333ca1ca2fb,row_sparsity,row_sparsity|conj|3ccb84496a|rng=MT19937-RandomState,,4,4,1,uniform,1;2;3;4,0.25;0.25;0.25;0.25,0.0003221388906240463,5.770847201347351e-05,0.0008658254519104958,0.000984489917755127,0.005205762572586536,0.007441181689500809,0.0022301627323031425,18,466,1,6,SAT_unsat_identifiable,1,boolean_factorization,exclude_x,exclude_x,0,892,3260,0,1,1,0,0,0,0,1,1,1,0,0,0.00452601071447134
4,25,10,100,243290946,50,conj,glucose42,MT19937-RandomState,0.00034930557012557983,0010000001100010100000101001000100000100100100001001000110000000110001000000001000001100110101010000000000010000100000000001000001100100010010000001001010000100010100100000010101100000001000000001000000010010100010000000000100000000000000100000000110,c3733f6a53dea2bf9a024fc2521b95b1a967874dce2e1b1d9655849b1c6502b5,row_sparsity,row_sparsity|conj|3ccb84496a|rng=MT19937-RandomState,,4,4,1,uniform,1;2;3;4,0.25;0.25;0.25;0.25,0.0003334665670990944,5.845446139574051e-05,0.0008182832971215248,0.0009982232004404068,0.004886561073362827,0.007100065238773823,0.0022084275260567665,17,604,1,6,SAT_unsat_identifiable,1,boolean_factorization,exclude_x,exclude_x,0,773,2995,0,1,1,0,0,0,0,1,1,1,0,0,0.004672229290008545
4,25,10,100,243290946,51,conj,glucose42,MT19937-RandomState,0.0003360239788889885,0001110000011000110010001000001110000000000011000010000000000000001101000000110000001000100000100010011001100000001100000011000100000000110100111000100010001011010110001000001000000100000000000000010001010000000010001100000000000101000010000010000000,61862135d64ab2c3a788992ab0366d8e604c0209631090c48b36d098311f58cf,row_sparsity,row_sparsity|conj|3ccb84496a|rng=MT19937-RandomState,,4,4,1,uniform,1;2;3;4,0.25;0.25;0.25;0.25,0.00033380649983882904,6.079021841287613e-05,0.0007909927517175674,0.0009953174740076065,0.004180316813290119,0.00636602658778429,0.002180906943976879,16,562,1,6,SAT_unsat_identifiable,1,boolean_factorization,exclude_x,exclude_x,0,744,2829,0,1,1,0,0,0,0,1,1,1,0,0,0.004463454708456993
4,25,10,100,243290946,52,conj,glucose42,MT19937-RandomState,0.00033539533615112305,1000001011000100000110010000101000001011100110010000101010100000010111000110010100000001001010110000000000100100000001100000101011100000010000010000000001000000000001101000000100000011000000010001010000000000101100000010100001100000101000001001110000,b0b6d92bac6eaf29fe5093a81aa830214d53fb99820ab10180d02062cabd568c,row_sparsity,row_sparsity|conj|3ccb84496a|rng=MT19937-RandomState,,4,4,1,uniform,1;2;3;4,0.25;0.25;0.25;0.25,0.00036001019179821014,6.366614252328873e-05,0.001014632172882557,0.0009700469672679901,0.009028691798448563,0.011443202383816242,0.002408355474472046,22,413,1,6,SAT_unsat_identifiable,1,boolean_factorization,exclude_x,exclude_x,0,1128,4056,0,1,1,0,0,0,0,1,1,1,0,0,0.004747956991195679
4,25,10,100,243290946,53,conj,glucose42,MT19937-RandomState,0.00033308472484350204,0100110000000010001010000000000101010100000101000101000000000000110101001010010111000010000000000011101100010000010101001000100010000001000001000000110000010000110000001110100001001100011000000000100010000101101001001100000100000000100100010000001000,1b6b924e1d5076d4a9deb99de612a0cb9499d9ab23231f964b1676155f4a2b62,row_sparsity,row_sparsity|conj|3ccb84496a|rng=MT19937-RandomState,,4,4,1,uniform,1;2;3;4,0.25;0.25;0.25;0.25,0.00034327898174524307,5.5450014770030975e-05,0.0007884372025728226,0.0009834449738264084,0.005707400850951672,0.007883497513830662,0.002170611172914505,16,436,1,6,SAT_unsat_identifiable,1,boolean_factorization,exclude_x,exclude_x,0,804,2895,0,1,1,0,0,0,0,1,1,1,0,0,0.004205983132123947
4,25,10,100,243290946,54,conj,glucose42,MT19937-RandomState,0.0003327261656522751,1000001000100000000000000100001000010101000110100010000100010001000100001000001000001010111101000000100000000001110000000001001100001000000000000100011010100000000100000000000100000000000011100000000000101000001000000000000000101000110001000000000001,c49e56f6d7f6dcd10d95ead87add19eaf5f0b46b6dcd6396f72c7198a65df763,row_sparsity,row_sparsity|conj|3ccb84496a|rng=MT19937-RandomState,,4,4,1,uniform,1;2;3;4,0.25;0.25;0.25;0.25,0.00031306128948926926,5.740020424127579e-05,0.00022133532911539078,0.0,0.0,0.0005977386608719826,0.0005917968228459358,17,473,0,2,two_column_check_failed,0,,,exclude_x,0,0,0,0,1,1,0,0,1,0,0,0,0,0,1,0.0028769299387931824
4,25,10,100,243290946,55,conj,glucose42,MT19937-RandomState,0.0003164401277899742,0000010011100001000110000100100000100000000001011001000000000010000000100010110000001010110001000000000110110001010000000000001000000000100000001000001001110000000100101100000000100001000000001000101010110010000010000000001011000000101100010010001000,93e5a70e19f0c4f038bb44b6ab99cb4c42c6e0f62a7b38f250044fe437258b35,row_sparsity,row_sparsity|conj|3ccb84496a|rng=MT19937-RandomState,,4,4,1,uniform,1;2;3;4,0.25;0.25;0.25;0.25,0.00031206104904413223,5.7746656239032745e-05,0.000869089737534523,0.000972219742834568,0.006869853474199772,0.00908635277301073,0.002211117185652256,18,430,1,6,SAT_unsat_identifiable,1,boolean_factorization,exclude_x,exclude_x,0,932,3304,0,1,1,0,0,0,0,1,1,1,0,0,0.0043780263513326645
4,25,10,100,243290946,56,conj,glucose42,MT19937-RandomState,0.00033481698483228683,1000000100000100000110001011000000000001010111000000100001001000100101100001000000001010000010001000110001010000001000010010000110000010111000100010000001001100000000010010000110011001001010011001100001011000100000010001000010100001000110001000000001,d5d331119652f1f0d69edb0672e61634ab8463332788c8312483a26328a8f9b5,row_sparsity,row_sparsity|conj|3ccb84496a|rng=MT19937-RandomState,,4,4,1,uniform,1;2;3;4,0.25;0.25;0.25;0.25,0.00036209169775247574,6.131269037723541e-05,0.0009370949119329453,0.0009765932336449623,0.005994996055960655,0.008337020874023438,0.0023370925337076187,20,380,1,6,SAT_unsat_identifiable,1,boolean_factorization,exclude_x,exclude_x,0,1010,3658,0,1,1,0,0,0,0,1,1,1,0,0,0.004451688379049301
4,25,10,100,243290946,57,conj,glucose42,MT19937-RandomState,0.0003333883360028267,0000100101000010000100001000001011000000011000000101000000000000001000000000000101000010000010001001001010101000100100100110000011010001000010100010000100010000000000000101001100001010001001001100000001000001001111000000000101011000000011101000001001,f81088f0ac051915097cf5b346f6130104a5df8cccf948364ab8f18d0b4cfe41,row_sparsity,row_sparsity|conj|3ccb84496a|rng=MT19937-RandomState,,4,4,1,uniform,1;2;3;4,0.25;0.25;0.25;0.25,0.0003527393564581871,5.866587162017822e-05,0.0008625732734799385,0.0009898794814944267,0.005241407081484795,0.007511289790272713,0.0022638579830527306,18,386,1,6,SAT_unsat_identifiable,1,boolean_factorization,exclude_x,exclude_x,0,902,3271,0,1,1,0,0,0,0,1,1,1,0,0,0.0042765336111187935
4,25,10,100,243290946,58,conj,glucose42,MT19937-RandomState,0.00033502280712127686,1001000000000100000010000100100000010101101001000001110001000010010000000011001000010101000001000010000010000000100010100000010000000000000100010000000010001001010100001010100100100100001110001010001010100000000101100001000000001001001000100110010000,d6a347963c08544f5bad72e27e858e7dd72a30a33139202175fdd87916e08120,row_sparsity,row_sparsity|conj|3ccb84496a|rng=MT19937-RandomState,,4,4,1,uniform,1;2;3;4,0.25;0.25;0.25;0.25,0.00036331266164779663,6.165541708469391e-05,0.0009363014250993729,0.0009954022243618965,0.005729500204324722,0.00809145625680685,0.00235667172819376,20,449,1,6,SAT_unsat_identifiable,1,boolean_factorization,exclude_x,exclude_x,0,980,3625,0,1,1,0,0,0,0,1,1,1,0,0,0.004591548815369606
4,25,10,100,243290946,59,conj,glucose42,MT19937-RandomState,0.0003423662856221199,0000101110000000100111000000010000110100100010100000000001000010000110010100001000001100000011000101100100000011001010000001000000010100001001011000001000000011100010001101001000000100000000100011000100100000000000101101100010001000011010001000101100,e4bf10cafff7c7e38e721bbb2d0b30585e2c67b36f0f7bbc0e8439bd4cfabb58,row_sparsity,row_sparsity|conj|3ccb84496a|rng=MT19937-RandomState,,4,4,1,uniform,1;2;3;4,0.25;0.25;0.25;0.25,0.00035013165324926376,5.994550883769989e-05,0.000630534254014492,0.0,0.0,0.0010477323085069656,0.0010406114161014557,19,472,0,2,two_column_check_failed,0,,,exclude_x,0,0,0,0,1,1,0,0,1,0,0,0,0,0,1,0.003949946723878384
4,25,10,100,243290946,60,conj,glucose42,MT19937-RandomState,0.0003413660451769829,0001101001000001100000001001000010101000000000010001011000010000010110010110010010010001001101000010000000110110000001010100110001010001000000010101100100000101000001100011010000000000100010000010000010011001000000001000000101010001000101011100100000,490aa5e61732dea875afbb1cf98abac7066c022bcfcd36b5d86134fc9e873e0d,row_sparsity,row_sparsity|conj|3ccb84496a|rng=MT19937-RandomState,,4,4,1,uniform,1;2;3;4,0.25;0.25;0.25;0.25,0.00037199631333351135,7.690023630857468e-05,0.0004155850037932396,0.0,0.0,0.0008810926228761673,0.0008644815534353256,20,326,0,2,two_column_check_failed,0,,,exclude_x,0,0,0,0,1,1,0,0,1,0,0,0,0,0,1,0.003129083663225174
4,25,10,100,243290946,61,conj,glucose42,MT19937-RandomState,0.0003346884623169899,0010000100100010000100010000011000110010010100100001001001000000000001001010001001011000000100100101100000000100010000100100001010100010001001001101001001000101001000001010000000100010000001011000000001100000010010000000000010111000010110000000000100,5b0f4754a9faf4aa3a029f0f2991180bbebb6886841e835222db74015f25afe7,row_sparsity,row_sparsity|conj|3ccb84496a|rng=MT19937-RandomState,,4,4,1,uniform,1;2;3;4,0.25;0.25;0.25;0.25,0.00035679712891578674,6.09029084444046e-05,0.0009585293009877205,0.000990034081041813,0.0067319683730602264,0.009103573858737946,0.0023662634193897247,20,419,1,6,SAT_unsat_identifiable,1,boolean_factorization,exclude_x,exclude_x,0,990,3636,0,1,1,0,0,0,0,1,1,1,0,0,0.004536202177405357
4,25,10,100,243290946,62,conj,glucose42,MT19937-RandomState,0.0003427453339099884,0000001000100000011000011100000000000001000110000000100001001100000101010011001000000000100100010000000000110000000100010000001100000000000100100000100001000000010000000000000010000000100001000010000111010000000011100001100100001010000000000000010000,12bd02cc8d60aa8d88a8c5c19c91c7e68b43a54541f478ff7d983680e74577af,row_sparsity,row_sparsity|conj|3ccb84496a|rng=MT19937-RandomState,,4,4,1,uniform,1;2;3;4,0.25;0.25;0.25;0.25,0.00030981097370386124,5.747377872467041e-05,0.0007979460060596466,0.0009716609492897987,0.004727539606392384,0.00686982274055481,0.002136891707777977,16,739,1,6,SAT_unsat_identifiable,1,boolean_factorization,exclude_x,exclude_x,0,724,2807,0,1,1,0,0,0,0,1,1,1,0,0,0.004835859872400761
4,25,10,100,243290946,63,conj,glucose42,MT19937-RandomState,0.00033825915306806564,1000000100000000011000000000011100000001011010000100010000010001100000101110000010000000000000001100001110000000000001001100000000110100010010000000011000101000110000000000000101100010100000001001101001000000001000101010001000100001000101010001001000,29e412ff8db2655370ec96b5c8a585cd9c023e48f7bdf32b730a95676124ff42,row_sparsity,row_sparsity|conj|3ccb84496a|rng=MT19937-RandomState,,4,4,1,uniform,1;2;3;4,0.25;0.25;0.25;0.25,0.0003576064482331276,5.6129880249500275e-05,0.0008260896429419518,0.0009645931422710419,0.004978538490831852,0.007187804207205772,0.0022044191136956215,17,452,1,6,SAT_unsat_identifiable,1,boolean_factorization,exclude_x,exclude_x,0,823,3050,0,1,1,0,0,0,0,1,1,1,0,0,0.004313234239816666
4,25,10,100,243290946,64,conj,glucose42,MT19937-RandomState,0.000336717814207077,0000010000101000000000100011000101010000010010010100000000100000000101000000010100100000000000110010001000000000011001000000110100101000101010110010000101100100001000110000010000001000001101000000001000010000000000110100000000000100000010000000000010,1e37091aaf5346e9530ce77e089c392d4668fac0f1d7c8809ef1a6fb552d27f4,row_sparsity,row_sparsity|conj|3ccb84496a|rng=MT19937-RandomState,,4,4,1,uniform,1;2;3;4,0.25;0.25;0.25;0.25,0.00028245989233255386,5.5995769798755646e-05,0.0007883552461862564,0.0009830864146351814,0.0055090272799134254,0.0076241446658968925,0.0021098973229527473,16,404,1,6,SAT_unsat_identifiable,1,boolean_factorization,exclude_x,exclude_x,0,774,2862,0,1,1,0,0,0,0,1,1,1,0,0,0.004133984446525574
4,25,10,100,243290946,65,conj,glucose42,MT19937-RandomState,0.0003320537507534027,0000100100000000101101101001000101000000010100110010001001010000000100000010000001110000000000011110000111010000110000100000111000001000000001010101001000010010010001010100001010110010001100001010100000001100000000111001000001000010000100010000000001,a06aa4f42b0f16d3f2bf07b872eecbfbe11cfa843b5106d6647ca1bb5f56b947,row_sparsity,row_sparsity|conj|3ccb84496a|rng=MT19937-RandomState,,4,4,1,uniform,1;2;3;4,0.25;0.25;0.25;0.25,0.0003758007660508156,6.117764860391617e-05,0.0009001120924949646,0.0009787846356630325,0.006991365924477577,0.009312229230999947,0.002315875142812729,19,365,1,6,SAT_unsat_identifiable,1,boolean_factorization,exclude_x,exclude_x,0,981,3492,0,1,1,0,0,0,0,1,1,1,0,0,0.004306288436055183
4,25,10,100,243290946,66,conj,glucose42,MT19937-RandomState,0.000334043987095356,1001100001001101010000010000000010000000001100001000011110000001000000000000111101000100010011100000000000010000000000100000000001011000011000011000000011001000000001000010010000100110100010000011000111000000000000100000000000010000100010000000100000,9916daab5965c832db055e347ba21d7a838036f2bdc243ee565ed8091b6666de,row_sparsity,row_sparsity|conj|3ccb84496a|rng=MT19937-RandomState,,4,4,1,uniform,1;2;3;4,0.25;0.25;0.25;0.25,0.00032375846058130264,5.680788308382034e-05,0.0007823938503861427,0.0009897323325276375,0.00444409716874361,0.0066019026562571526,0.002152692526578903,16,574,1,6,SAT_unsat_identifiable,1,boolean_factorization,exclude_x,exclude_x,0,774,2862,0,1,1,0,0,0,0,1,1,1,0,0,0.004495745524764061
4,25,10,100,243290946,67,conj,glucose42,MT19937-RandomState,0.00033147353678941727,1110000000101000000011000000010111100000110000000100001000000100000101000100010000101011000010001110001000000000001011010010100100000011101000010100000010101001100010000001000011000100000000000100000000010000000010000000001000000010000100100000101001,4d42d0c5b836fc3e04fdcca236b1dafd792c8a5baf4fcef4b61266dd206c32d0,row_sparsity,row_sparsity|conj|3ccb84496a|rng=MT19937-RandomState,,4,4,1,uniform,1;2;3;4,0.25;0.25;0.25;0.25,0.0003080470487475395,5.728378891944885e-05,0.0008629029616713524,0.0009784167632460594,0.00820449274033308,0.010417193174362183,0.0022066505625844,18,342,1,6,SAT_unsat_identifiable,1,boolean_factorization,exclude_x,exclude_x,0,902,3271,0,1,1,0,0,0,0,1,1,1,0,0,0.004207616671919823
4,25,10,100,243290946,68,conj,glucose42,MT19937-RandomState,0.000332430936396122,0100100001000100000000101010100011010001000000010000000000100000000001000001100110000010010000010000001001110000100010010001000000010000000100101000101000000101000000001100000100000010001001100100100000000110000001010100000010010010000000111100000000,5a9e73e92e2a16e7e7c12985441ff147690941492a2c9779ecd45b13dd3dd532,row_sparsity,row_sparsity|conj|3ccb84496a|rng=MT19937-RandomState,,4,4,1,uniform,1;2;3;4,0.25;0.25;0.25;0.25,0.0003268411383032799,6.159301847219467e-05,0.0009145736694335938,0.0010162442922592163,0.005437533371150494,0.007762209512293339,0.0023192521184682846,19,506,1,6,SAT_unsat_identifiable,1,boolean_factorization,exclude_x,exclude_x,0,921,3426,0,1,1,0,0,0,0,1,1,1,0,0,0.004658874124288559
4,25,10,100,243290946,69,conj,glucose42,MT19937-RandomState,0.00033821165561676025,1010001100000001000100110001001010000100100000000000001100000000100000010100001100001010010001100100001010000000000011001000011010101001000101000000000010000000110001100000100000000000000101101000000000000000010000000010001000000100001100100000100001,2622ebc63e44cd52bf5b1f612461b5c902f3a3580295fd649aec9b3f1e9296a3,row_sparsity,row_sparsity|conj|3ccb84496a|rng=MT19937-RandomState,,4,4,1,uniform,1;2;3;4,0.25;0.25;0.25;0.25,0.0003507835790514946,5.9886835515499115e-05,0.0008307741954922676,0.0009982017800211906,0.005269591696560383,0.007514133118093014,0.002239646390080452,17,569,1,6,SAT_unsat_identifiable,1,boolean_factorization,exclude_x,exclude_x,0,803,3028,0,1,1,0,0,0,0,1,1,1,0,0,0.00457934383302927
4,25,10,100,243290946,70,conj,glucose42,MT19937-RandomState,0.00036244001239538193,0000000100100110001011000100010000001000101000000000001100101001001000010100100000001000100110000000000110001010000001000100010010001010110010000000000100101100101110000001110000100001001000010000000000010010001000000010000000100000100000010010110010,9155bff21444b40235c6af5ad53b5706a1da5e1d1d6382d79b38c55d881340f5,row_sparsity,row_sparsity|conj|3ccb84496a|rng=MT19937-RandomState,,4,4,1,uniform,1;2;3;4,0.25;0.25;0.25;0.25,0.0003632931038737297,6.627198308706284e-05,0.0009133657440543175,0.0010121678933501244,0.013422851450741291,0.015784998424351215,0.0023550987243652344,19,409,1,6,SAT_unsat_identifiable,1,boolean_factorization,exclude_x,exclude_x,0,951,3459,0,1,1,0,0,0,0,1,1,1,0,0,0.004437630996108055
4,25,10,100,243290946,71,conj,glucose42,MT19937-RandomState,0.0003320779651403427,1001000100100100000001001110000000100110010101000000010011101010000001001000000001101000000110001100000000000100000000011100010000001010100100010100000000000010011010000000000111000000001000000000001001000000001000100100000001100100010000110100000000,177ff7de421561147838e4f86ca34372d468d475a62cabf98293deccdc73e4bc,row_sparsity,row_sparsity|conj|3ccb84496a|rng=MT19937-RandomState,,4,4,1,uniform,1;2;3;4,0.25;0.25;0.25;0.25,0.000324019230902195,6.224866956472397e-05,0.0009520398452877998,0.0009963493794202805,0.0051977913826704025,0.007538203150033951,0.0023346571251749992,20,555,1,6,SAT_unsat_identifiable,1,boolean_factorization,exclude_x,exclude_x,0,1000,3647,0,1,1,0,0,0,0,1,1,1,0,0,0.004824552685022354
4,25,10,100,243290946,72,conj,glucose42,MT19937-RandomState,0.0003482205793261528,0100000110010000000000011000000110011000101100100000101001010101000001010100001000001010101010000000000000101000010011001000000001010000100000000001100010000000000001010000011000100000000100000010011001000000000000000001001001000010100010100100000110,78cf10c9e934b725eca78ac392c08d654853a77d6a2ce430e68b0982362e8dda,row_sparsity,row_sparsity|conj|3ccb84496a|rng=MT19937-RandomState,,4,4,1,uniform,1;2;3;4,0.25;0.25;0.25;0.25,0.00037250760942697525,6.666593253612518e-05,0.0009534917771816254,0.0010115327313542366,0.005450037308037281,0.00786119420081377,0.0024041980504989624,20,558,1,6,SAT_unsat_identifiable,1,boolean_factorization,exclude_x,exclude_x,0,940,3581,0,1,1,0,0,0,0,1,1,1,0,0,0.004798969253897667
4,25,10,100,243290946,73,conj,glucose42,MT19937-RandomState,0.0003317594528198242,0000011000010100000011001000010000110010000000110100000001000010010000001000000000100100001100001001000100000000011000000000100001001010000000000011100000100000001100010100110010011100010001011000110000100110000110010001000001000010101000101000001001,c982124143a9e867e457af3cbd4803a08dbe564af87f58517139371699cd5abb,row_sparsity,row_sparsity|conj|3ccb84496a|rng=MT19937-RandomState,,4,4,1,uniform,1;2;3;4,0.25;0.25;0.25;0.25,0.0003491286188364029,6.125029176473618e-05,0.0009369496256113052,0.000989207997918129,0.007347957231104374,0.009689842350780964,0.0023365365341305733,20,423,1,6,SAT_unsat_identifiable,1,boolean_factorization,exclude_x,exclude_x,0,1030,3680,0,1,1,0,0,0,0,1,1,1,0,0,0.0045582810416817665
4,25,10,100,243290946,74,conj,glucose42,MT19937-RandomState,0.0003308188170194626,0000100111001001001100101000000010000000100000100011001000000000101110010000000100100001011001100010000000100000100000010001000000010100010100100110100101000000001000000111000000000001100100000000000100000100001000001001000010000111101000000110010001,6bdf3b3541fd46c7388c375df1e8661e118be7a35ac508be0ac38eb369d9edc1,row_sparsity,row_sparsity|conj|3ccb84496a|rng=MT19937-RandomState,,4,4,1,uniform,1;2;3;4,0.25;0.25;0.25;0.25,0.0003704177215695381,6.079394370317459e-05,0.0009404513984918594,0.000978466123342514,0.005686481483280659,0.008041630499064922,0.002350129187107086,20,477,1,6,SAT_unsat_identifiable,1,boolean_factorization,exclude_x,exclude_x,0,980,3625,0,1,1,0,0,0,0,1,1,1,0,0,0.004661177285015583
4,25,10,100,243290946,75,conj,glucose42,MT19937-RandomState,0.00033139344304800034,1001000110000000010000000100000000000010011000010010000001111000110001001011100000000011000000100000100000000001011000010100001000000011010001100010001010000000000101001110001100000000010000100100000000010010000100000100000000101001000010011000000000,e33d529ef1d1cf85369024adb3a59c26ecc30843e7067f2e001d99b35f7f4cf9,row_sparsity,row_sparsity|conj|3ccb84496a|rng=MT19937-RandomState,,4,4,1,uniform,1;2;3;4,0.25;0.25;0.25;0.25,0.00035041943192481995,5.91520220041275e-05,0.000939992256462574,0.000981384888291359,0.005925319157540798,0.008261490613222122,0.0023309485986828804,20,590,1,6,SAT_unsat_identifiable,1,boolean_factorization,exclude_x,exclude_x,0,960,3603,0,1,1,0,0,0,0,1,1,1,0,0,0.004898529499769211
4,25,10,100,243290946,76,conj,glucose42,MT19937-RandomState,0.00033591408282518387,1000000010011001100010110010000011000010010000010001000100000100100110010001010010000010010100100000000001000000000100000000001000100001000110100000110100110001010101000111000001100010000000000011000000000010010000100001000100000000100000000010010000,2431bf1cf1ce005e6fd274ae1b8affc12f264ac476268aac2b4c90537ddd59ba,row_sparsity,row_sparsity|conj|3ccb84496a|rng=MT19937-RandomState,,4,4,1,uniform,1;2;3;4,0.25;0.25;0.25;0.25,0.0003367159515619278,5.756877362728119e-05,0.0002989647909998894,0.0,0.0,0.0006995350122451782,0.0006932495161890984,18,457,0,2,two_column_check_failed,0,,,exclude_x,0,0,0,0,1,1,0,0,1,0,0,0,0,0,1,0.0031083645299077034
4,25,10,100,243290946,77,conj,glucose42,MT19937-RandomState,0.000318378210067749,1100001010000000010011100000000000100010000001000100010010111000001000000010000001000000100100000101010010100001110000000001100110010010001100000000101000001101010000010100100101011011010000000000100000000001000001000001010000101001010000010000010100,4957fabe1f807bcbe9550ca46925f440f15bc11720a08b71850848d3aeb3866c,row_sparsity,row_sparsity|conj|3ccb84496a|rng=MT19937-RandomState,,4,4,1,uniform,1;2;3;4,0.25;0.25;0.25;0.25,0.0003372048959136009,5.945563316345215e-05,0.0009010480716824532,0.000981716439127922,0.005788462236523628,0.008072396740317345,0.0022794250398874283,19,461,1,6,SAT_unsat_identifiable,1,boolean_factorization,exclude_x,exclude_x,0,951,3459,0,1,1,0,0,0,0,1,1,1,0,0,0.004515964537858963
4,25,10,100,243290946,78,conj,glucose42,MT19937-RandomState,0.0003328761085867882,0011000100010000000100100100101001000000000000010000000000010010000000011000101000000101000000000010000001100010000001000000001100001010011000001000100000100110000010000100000000010100000010101010010001101000000110011000000100011001110000010000001110,749807575d4644ec5e681ea9a05a477db5a7d8d08798960f373cdf61cf1dd929,row_sparsity,row_sparsity|conj|3ccb84496a|rng=MT19937-RandomState,,4,4,1,uniform,1;2;3;4,0.25;0.25;0.25;0.25,0.00036288797855377197,6.203539669513702e-05,0.0009739520028233528,0.0009667696431279182,0.006461387500166893,0.008831607177853584,0.00236564502120018,21,570,1,6,SAT_unsat_identifiable,1,boolean_factorization,exclude_x,exclude_x,0,999,3780,0,1,1,0,0,0,0,1,1,1,0,0,0.004951514303684235
4,25,10,100,243290946,79,conj,glucose42,MT19937-RandomState,0.00033597368746995926,0000111100011000001100000110010010100101000100000110001000100100011000000000010000000010001010001001000000001000000100100000010000000010100000000001100001000001001100100011010100001101000010000000000100010000110000010001100100101010100100010000000001,e3a29b126dc22e2c2e103b6468f45d00b819a4a97c178a8b54030dbd21ceee36,row_sparsity,row_sparsity|conj|3ccb84496a|rng=MT19937-RandomState,,4,4,1,uniform,1;2;3;4,0.25;0.25;0.25;0.25,0.0003204271197319031,5.7503581047058105e-05,0.0008210940286517143,0.0009719720110297203,0.004526201635599136,0.006702559068799019,0.002170996740460396,17,374,1,6,SAT_unsat_identifiable,1,boolean_factorization,exclude_x,exclude_x,0,883,3116,0,1,1,0,0,0,0,1,1,1,0,0,0.004216549918055534
4,25,10,100,243290946,80,conj,glucose42,MT19937-RandomState,0.00032294634729623795,0100100011100000100001000001000010010010000001001110000000000000011000101000010101100000001000010110000011001000100000000000010000000001100010010000111010000100011010010000001001001000100010000000011000000000010000000011100000100110000101000100000000,cf59f7b506ee9658ccf32b4c865fbbfec3392b33e927ac7cd5ab26727a9f11fa,row_sparsity,row_sparsity|conj|3ccb84496a|rng=MT19937-RandomState,,4,4,1,uniform,1;2;3;4,0.25;0.25;0.25;0.25,0.00036257971078157425,6.013922393321991e-05,7.770583033561707e-05,0.0,0.0,0.0005073528736829758,0.0005004247650504112,18,414,0,2,two_column_check_failed,0,,,exclude_x,0,0,0,0,1,1,0,0,1,0,0,0,0,0,1,0.0024667344987392426
4,25,10,100,243290946,81,conj,glucose42,MT19937-RandomState,0.0003132745623588562,0000011001000001000010000000000000000010100001011010010010000000010000001010001000000111000010000001000100011000100101000100010100100010000010000001110000000101011000000010000000010100001000000010010000000010100100000001001001010000010110000100000000,e71b0323e2d3400e2720caae6b89c6a28879268389b083a5d04f6742e48e3597,row_sparsity,row_sparsity|conj|3ccb84496a|rng=MT19937-RandomState,,4,4,1,uniform,1;2;3;4,0.25;0.25;0.25;0.25,0.0003590928390622139,6.402842700481415e-05,0.0010144682601094246,0.000987892970442772,0.00742767658084631,0.009858491830527782,0.0024254824966192245,22,621,1,6,SAT_unsat_identifiable,1,boolean_factorization,exclude_x,exclude_x,0,1018,3935,0,1,1,0,0,0,0,1,1,1,0,0,0.005206668749451637
4,25,10,100,243290946,82,conj,glucose42,MT19937-RandomState,0.0003267955034971237,1011000100010100010101001000100000000100100000000011000001100010000000011000001100010000001000010110010001100000110101000000001000000100000000101000011000010000010110000000110011000000000100010000010000011000111011000001001001011000100110010010000001,efac87fe609958999e10b38e3a1cb7f2d367e143bea4e867be754863f901da7a,row_sparsity,row_sparsity|conj|3ccb84496a|rng=MT19937-RandomState,,4,4,1,uniform,1;2;3;4,0.25;0.25;0.25;0.25,0.00035357940942049026,6.072036921977997e-05,0.0009395070374011993,0.000978771597146988,0.0068818992003798485,0.009220322594046593,0.0023325784131884575,20,438,1,6,SAT_unsat_identifiable,1,boolean_factorization,exclude_x,exclude_x,0,1030,3680,0,1,1,0,0,0,0,1,1,1,0,0,0.004613055847585201
4,25,10,100,243290946,83,conj,glucose42,MT19937-RandomState,0.00033017341047525406,0000000001100100100001010010010011001001001000000100000110010000000001010010000000110001001010000001101100000010110100000000011000000000010000010101000010000011100011010001000010010000100000010000110001001101001000001000010100101000010101010000101010,ea49dfd465250dfc234b49259c951eddbdf4aef1342fbb10184a2698d81dc93b,row_sparsity,row_sparsity|conj|3ccb84496a|rng=MT19937-RandomState,,4,4,1,uniform,1;2;3;4,0.25;0.25;0.25;0.25,0.0003601694479584694,6.480235606431961e-05,0.0010079191997647285,0.0009924732148647308,0.005991894751787186,0.00842221174389124,0.0024253642186522484,22,441,1,6,SAT_unsat_identifiable,1,boolean_factorization,exclude_x,exclude_x,0,1138,4067,0,1,1,0,0,0,0,1,1,1,0,0,0.0047698598355054855
4,25,10,100,243290946,84,conj,glucose42,MT19937-RandomState,0.00033818744122982025,0000011000001010000000010001001000000000100000010000000001000101000110001000000000000000110000010111001100000011000000011000100001110100010001000000110001010000010000110000000010000011000001010100011001000111001001100010000001000001000000000000001101,badfacb70c5f72c184c55677f34fa58f3d94cab2bbb855a6802c4f7886dbf73c,row_sparsity,row_sparsity|conj|3ccb84496a|rng=MT19937-RandomState,,4,4,1,uniform,1;2;3;4,0.25;0.25;0.25;0.25,0.0003421325236558914,5.6403689086437225e-05,0.0008214637637138367,0.0009730430319905281,0.007077518850564957,0.009276727214455605,0.0021930430084466934,17,604,1,6,SAT_unsat_identifiable,1,boolean_factorization,exclude_x,exclude_x,0,783,3006,0,1,1,0,0,0,0,1,1,1,0,0,0.004675671458244324
4,25,10,100,243290946,85,conj,glucose42,MT19937-RandomState,0.00033496879041194916,0100100011010000001001000001111000001001001100010100001100011000000000000000001110001001100000010000110000001000000101000100100000001010000000001001110001000110000010000011100010000000100100000000010010000011000010001100010000001000101001001000100000,513c095fcfe81c42629b4d0ee5aa4b5f25cfa65a260c9606e3c504072ed14c1b,row_sparsity,row_sparsity|conj|3ccb84496a|rng=MT19937-RandomState,,4,4,1,uniform,1;2;3;4,0.25;0.25;0.25;0.25,0.000330483540892601,5.530472844839096e-05,0.000492628663778305,0.0,0.0,0.0008847415447235107,0.000878416933119297,16,372,0,2,two_column_check_failed,0,,,exclude_x,0,0,0,0,1,1,0,0,1,0,0,0,0,0,1,0.0033565107733011246
4,25,10,100,243290946,86,conj,glucose42,MT19937-RandomState,0.0003116875886917114,0010100000000010001000101010010110010010000000100010101001001000000000000001010100000000100100001100100000000010100000000100001100010000000110001100100000000100100000000110000000000100001001100010001000100000100000001001001010100000010001000010000000,5d079ac22f40e9572cf0947daed7a5560b96f06b8c20debe77e1e35a226d835c,row_sparsity,row_sparsity|conj|3ccb84496a|rng=MT19937-RandomState,,4,4,1,uniform,1;2;3;4,0.25;0.25;0.25;0.25,0.0003107776865363121,5.342438817024231e-05,0.0004720957949757576,0.0,0.0,0.000841846689581871,0.000836297869682312,15,423,0,2,two_column_check_failed,0,,,exclude_x,0,0,0,0,1,1,0,0,1,0,0,0,0,0,1,0.0033315783366560936
4,25,10,100,243290946,87,conj,glucose42,MT19937-RandomState,0.00032380037009716034,0011000011000101000010010000010010001110010011100000001000000010000100010010100000000010100101000000100000100011010100000010000000000001000010100000000010010000010001001001001100001011000100001000000000010011011000010000000000010000000001010100001001,e780e959161ac88564abefafbd00b4f1d084203462de772ab15b4595902e9044,row_sparsity,row_sparsity|conj|3ccb84496a|rng=MT19937-RandomState,,4,4,1,uniform,1;2;3;4,0.25;0.25;0.25;0.25,0.0003438098356127739,5.9135258197784424e-05,0.0008987206965684891,0.0009704455733299255,0.005282297730445862,0.007558709010481834,0.002272111363708973,19,598,1,6,SAT_unsat_identifiable,1,boolean_factorization,exclude_x,exclude_x,0,911,3415,0,1,1,0,0,0,0,1,1,1,0,0,0.004865637980401516
4,25,10,100,243290946,88,conj,glucose42,MT19937-RandomState,0.00037049315869808197,1000000100000100010001010000110000000001001011100010010011000000110101010101000010001000111000000000011000100000000001010000010010010110100000100000000010000000000001100100010000110010010100010010000000011100001000001001100000000000100101000110010001,e237a98b75d48e5b11b440744b1a22b7028fa6f0cb237569b3e2b47c2510f051,row_sparsity,row_sparsity|conj|3ccb84496a|rng=MT19937-RandomState,,4,4,1,uniform,1;2;3;4,0.25;0.25;0.25;0.25,0.00034076161682605743,6.438698619604111e-05,0.0010118521749973297,0.0009657023474574089,0.009894919581711292,0.012282783165574074,0.002382703125476837,22,500,1,6,SAT_unsat_identifiable,1,boolean_factorization,exclude_x,exclude_x,0,1138,4067,0,1,1,0,0,0,0,1,1,1,0,0,0.004910606890916824
4,25,10,100,243290946,89,conj,glucose42,MT19937-RandomState,0.0003358069807291031,1000000000001100000000000001000001000000001000010001000000011000000000000001000000010001011100100000000100010000000010000011000011100100110010000000001010010000001010010010011010000100101000000000100000000010000101000001110000001111000010000000100000,cdd08d9f099500451e09b42c6c181043ef09568f47038499b964d5b7d0579020,row_sparsity,row_sparsity|conj|3ccb84496a|rng=MT19937-RandomState,,4,4,1,uniform,1;2;3;4,0.25;0.25;0.25;0.25,0.00030271243304014206,5.615595728158951e-05,0.0007838830351829529,0.0,0.0,0.0011495361104607582,0.0011427514255046844,16,431,0,2,two_column_check_failed,0,,,exclude_x,0,0,0,0,1,1,0,0,1,0,0,0,0,0,1,0.004160143435001373
4,25,10,100,243290946,90,conj,glucose42,MT19937-RandomState,0.0003343876451253891,0000000100001010000100000100100110100100001000011000011101000100000100000010001001000000000000010100110010010010001001100000100000000000100110000110100100000000101100000010100001000000010110010100100000101100000110000000000000011000000000010000100101,bdcf69eb0a9c50544e682a966afe1a7751d8ed4179fd995e22486e5c13938de7,row_sparsity,row_sparsity|conj|3ccb84496a|rng=MT19937-RandomState,,4,4,1,uniform,1;2;3;4,0.25;0.25;0.25;0.25,0.00036991480737924576,6.369873881340027e-05,0.0009389389306306839,0.0009806575253605843,0.006907269358634949,0.009266043081879616,0.002353210002183914,20,435,1,6,SAT_unsat_identifiable,1,boolean_factorization,exclude_x,exclude_x,0,980,3625,0,1,1,0,0,0,0,1,1,1,0,0,0.004565410315990448
4,25,10,100,243290946,91,conj,glucose42,MT19937-RandomState,0.00033019669353961945,0001000101010000010000000010100010000000000010000101010011000000001000001011010000001001101010001100101101000010000000101001000010001000011110011100000000100100001100110000000000100000110000000000010110011001000000110101000000011010001010010111100000,d595210e9b46e0a6316338284b3c9477c2e966f87441e80dd06dc8bafeeb9e69,row_sparsity,row_sparsity|conj|3ccb84496a|rng=MT19937-RandomState,,4,4,1,uniform,1;2;3;4,0.25;0.25;0.25;0.25,0.0003564991056919098,6.0366466641426086e-05,0.0009386949241161346,0.0009901858866214752,0.008690036833286285,0.011041338555514812,0.0023457463830709457,20,434,1,6,SAT_unsat_identifiable,1,boolean_factorization,exclude_x,exclude_x,0,1030,3680,0,1,1,0,0,0,0,1,1,1,0,0,0.004633419215679169
4,25,10,100,243290946,92,conj,glucose42,MT19937-RandomState,0.0003320956602692604,0101001001000001000111001100000010011100100000010011010100000010001000001000000001001100000001000000101000010000010000001010001000000100000001011000000001010000000001000000001010001000010000000101000001101000100010010110000010110000000010001000100000,c65a7a4cd028f56599040f5b6ea3c4683b323c6495b48b889757879bef8d1ea2,row_sparsity,row_sparsity|conj|3ccb84496a|rng=MT19937-RandomState,,4,4,1,uniform,1;2;3;4,0.25;0.25;0.25;0.25,0.0003214813768863678,5.859043449163437e-05,0.00045765936374664307,0.0,0.0,0.000844673253595829,0.0008377311751246452,18,327,0,2,two_column_check_failed,0,,,exclude_x,0,0,0,0,1,1,0,0,1,0,0,0,0,0,1,0.003152817487716675
4,25,10,100,243290946,93,conj,glucose42,MT19937-RandomState,0.0003098277375102043,0010000000000000100000000010000010010011011001000100010000100001001000000010010000001011000001011100100101000100000100000001000010000001000001010001100000000001000100000000000100111000000000000000100000100100111000001100000001000010100001000001000000,6a9f252919ef7c41aed71a302e0188b11ed5b166ab614192fb0ad9cb743befd2,row_sparsity,row_sparsity|conj|3ccb84496a|rng=MT19937-RandomState,,4,4,1,uniform,1;2;3;4,0.25;0.25;0.25;0.25,0.0002567758783698082,5.318503826856613e-05,0.0005219047889113426,0.0,0.0,0.0008375393226742744,0.000831865705549717,14,354,0,2,two_column_check_failed,0,,,exclude_x,0,0,0,0,1,1,0,0,1,0,0,0,0,0,1,0.0033725090324878693
4,25,10,100,243290946,94,conj,glucose42,MT19937-RandomState,0.0003156280145049095,0000000101000110001110001000000011000100000010000000000001010001010000000001011010101000100101000100110100001000001100000101011000000000010010101010000000001001100000011011001000100001001000000000101101000101000011000001000010010010100100100100010000,f8cb02e5e8fa8e79064f23722428a6fd9f062a816471187108244356523255f6,row_sparsity,row_sparsity|conj|3ccb84496a|rng=MT19937-RandomState,,4,4,1,uniform,1;2;3;4,0.25;0.25;0.25;0.25,0.00035760365426540375,6.230268627405167e-05,0.0009750062599778175,0.0009865881875157356,0.006164582446217537,0.00855162926018238,0.0023815007880330086,21,437,1,6,SAT_unsat_identifiable,1,boolean_factorization,exclude_x,exclude_x,0,1079,3868,0,1,1,0,0,0,0,1,1,1,0,0,0.004705200903117657
4,25,10,100,243290946,95,conj,glucose42,MT19937-RandomState,0.00033022649586200714,1000000001100000000001001000110010100100100110001010010001010010110100100000000000011000001100010000001010010000011100010100010000000110101000100000000001010010001100000001010000110001000001001000001000110010000010110000010010100000011001001010100100,01281ad53e5b368d2646aa5fa286d9d3c65b84355bc76b44cefce78ee2eab864,row_sparsity,row_sparsity|conj|3ccb84496a|rng=MT19937-RandomState,,4,4,1,uniform,1;2;3;4,0.25;0.25;0.25;0.25,0.00033653993159532547,6.018020212650299e-05,0.0009419647976756096,0.0009899567812681198,0.006887760013341904,0.009222343564033508,0.002328641712665558,20,379,1,6,SAT_unsat_identifiable,1,boolean_factorization,exclude_x,exclude_x,0,1040,3691,0,1,1,0,0,0,0,1,1,1,0,0,0.004720671102404594
4,25,10,100,243290946,96,conj,glucose42,MT19937-RandomState,0.00037890393286943436,0100100000000100000000001000000000100001110000101011101000000000100100001010110000000001000001000000000000101010100000010000001100101100001000000101010000001001100101100010010000010001000000001011010010000011100000011011110000010000000001010100100010,678c7dfaa565a859ae469b33cd6392ce7420129651ffd0c144dfe4c3a36a1819,row_sparsity,row_sparsity|conj|3ccb84496a|rng=MT19937-RandomState,,4,4,1,uniform,1;2;3;4,0.25;0.25;0.25;0.25,0.0003874693065881729,7.157865911722183e-05,0.0010799821466207504,0.0010647298768162727,0.008892670273780823,0.01150305476039648,0.002603759989142418,22,383,1,6,SAT_unsat_identifiable,1,boolean_factorization,exclude_x,exclude_x,0,1138,4067,0,1,1,0,0,0,0,1,1,1,0,0,0.004888739436864853
4,25,10,100,243290946,97,conj,glucose42,MT19937-RandomState,0.00036501698195934296,1000010011100000010010101100000001010100101000000001000111000100000000000000111111000010001000000010111010000010001100000011000100001100101001010000000000100000100100010001000010000000000100010010010001100000000001001000101000001010000000000000010000,2a96f49aae08df873c98d1e64e77d2a5b2a2e24ac04825dc4805b145136f60e5,row_sparsity,row_sparsity|conj|3ccb84496a|rng=MT19937-RandomState,,4,4,1,uniform,1;2;3;4,0.25;0.25;0.25;0.25,0.00039729103446006775,6.711017340421677e-05,0.0008657258003950119,0.0,0.0,0.0013388004153966904,0.0013301270082592964,17,414,0,2,two_column_check_failed,0,,,exclude_x,0,0,0,0,1,1,0,0,1,0,0,0,0,0,1,0.004364682361483574
4,25,10,100,243290946,98,conj,glucose42,MT19937-RandomState,0.00038875266909599304,0010000010010000010000010101010001000000110001001000001010000010001100111100000000010001100001100000001101100000100000000000000110000011000100000100100110001000100000000001000000000100000101010100001001010110000000001001001011000000100000101010100100,6830e15b63367882fcb352f02964bb2df281265a9cfe8ca3ba6dc22143a3897b,row_sparsity,row_sparsity|conj|3ccb84496a|rng=MT19937-RandomState,,4,4,1,uniform,1;2;3;4,0.25;0.25;0.25;0.25,0.00040805060416460037,6.780773401260376e-05,0.0009878985583782196,0.0009865006431937218,0.014442802406847477,0.016898658126592636,0.0024502575397491455,21,634,1,6,SAT_unsat_identifiable,1,boolean_factorization,exclude_x,exclude_x,0,1019,3802,0,1,1,0,0,0,0,1,1,1,0,0,0.005176016129553318
4,25,10,100,243290946,99,conj,glucose42,MT19937-RandomState,0.0003484422340989113,0000011011010000110000000010000000011001110000110000000000100000000010110000000001001000000000111000110000001001000000000000001000001000001010000001100001000000001000000010100000001100001000000000001010001001100001001000000000001011000010000100100000,31426730affedc86f69b25290d21129e430eb38a02fdbb2f0e184d7e920a13f6,row_sparsity,row_sparsity|conj|3ccb84496a|rng=MT19937-RandomState,,4,4,1,uniform,1;2;3;4,0.25;0.25;0.25;0.25,0.0002722321078181267,5.243811756372452e-05,0.0005418295040726662,0.0,0.0,0.000872989185154438,0.0008664997294545174,13,288,0,2,two_column_check_failed,0,,,exclude_x,0,0,0,0,1,1,0,0,1,0,0,0,0,0,1,0.0033284444361925125
